{
  "type" : "FeatureCollection",
  "features" : [{"type":"Feature","id":5685,"geometry":{"type":"Polygon","coordinates":[[[-106.45451178063742,31.831392571080258],[-106.45603888521903,31.831367605180205],[-106.45598603597288,31.829891500203473],[-106.45439433218323,31.830104007870045],[-106.45451178063742,31.831392571080258]]]},"properties":{"OBJECTID":5685,"PIDN":"C49399900100200","CITY_OWNED":" ","STATE_CD":"A1","LAND_ACRES":5.2930000000000001,"YR_BLT":"1954","City_Taxes":" ","District_Key(String)":"R-4","Min_Lot_Area(Double - SqFt)":6000,"Min_Lot_Width(Double - Feet)":50,"Min_Lot_Depth":90,"Front_Setback(Double - Feet)":10,"Rear_Setback(Double - Feet)":10,"Side_Setback(Double - Feet)":5,"Max_Density_Factor(Double - SqFt/Unit)":6000,"Current_Area":235882.55786573375,"Lot_Width":506.92943233251572,"Lot_Depth":537.07668174803257,"Shape_Length":2088.0122281610966,"Shape_Area":272259.97739756136,"Split_Area_Floor":12000,"Split_Width_Floor":100}},{"type":"Feature","id":5888,"geometry":{"type":"Polygon","coordinates":[[[-106.45624401051941,31.834090235924432],[-106.45671049316077,31.834080276992452],[-106.45662200637855,31.833558951883525],[-106.45624401051941,31.834090235924432]]]},"properties":{"OBJECTID":5888,"PIDN":"V87799900100300","CITY_OWNED":" ","STATE_CD":"A1","LAND_ACRES":0.3206,"YR_BLT":"1973","City_Taxes":" ","District_Key(String)":"R-4","Min_Lot_Area(Double - SqFt)":6000,"Min_Lot_Width(Double - Feet)":50,"Min_Lot_Depth":90,"Front_Setback(Double - Feet)":10,"Rear_Setback(Double - Feet)":10,"Side_Setback(Double - Feet)":5,"Max_Density_Factor(Double - SqFt/Unit)":6000,"Current_Area":24506.25178075401,"Lot_Width":144.85502526164055,"Lot_Depth":195.87362399697304,"Shape_Length":681.45729851722717,"Shape_Area":28373.278752170612,"Split_Area_Floor":12000,"Split_Width_Floor":100}},{"type":"Feature","id":5910,"geometry":{"type":"Polygon","coordinates":[[[-106.45624766480444,31.834388493643946],[-106.4567801704498,31.834175903216799],[-106.45624401051941,31.834090235924432],[-106.45624766480444,31.834388493643946]]]},"properties":{"OBJECTID":5910,"PIDN":"V87799900100100","CITY_OWNED":" ","STATE_CD":"A1","LAND_ACRES":0.38790000000000002,"YR_BLT":"1974","City_Taxes":" ","District_Key(String)":"R-3","Min_Lot_Area(Double - SqFt)":6000,"Min_Lot_Width(Double - Feet)":60,"Min_Lot_Depth":90,"Front_Setback(Double - Feet)":20,"Rear_Setback(Double - Feet)":20,"Side_Setback(Double - Feet)":5,"Max_Density_Factor(Double - SqFt/Unit)":6000,"Current_Area":18137.126124981696,"Lot_Width":166.45275108516216,"Lot_Depth":173.2473569214344,"Shape_Length":679.40021601319313,"Shape_Area":28837.499177805767,"Split_Area_Floor":12000,"Split_Width_Floor":120}},{"type":"Feature","id":6181,"geometry":{"type":"Polygon","coordinates":[[[-106.45548961478825,31.842692574422284],[-106.45583762611716,31.842843478993352],[-106.45575383089415,31.842432050489546],[-106.45548961478825,31.842692574422284]]]},"properties":{"OBJECTID":6181,"PIDN":"M89599900501100","CITY_OWNED":" ","STATE_CD":"A1","LAND_ACRES":0.22009999999999999,"YR_BLT":"2002","City_Taxes":"7998.96","District_Key(String)":"P-R 1","Min_Lot_Area(Double - SqFt)":4000,"Min_Lot_Width(Double - Feet)":40,"Min_Lot_Depth":100,"Front_Setback(Double - Feet)":10,"Rear_Setback(Double - Feet)":10,"Side_Setback(Double - Feet)":5,"Max_Density_Factor(Double - SqFt/Unit)":4000,"Current_Area":9307.3285302131353,"Lot_Width":104.88824166357517,"Lot_Depth":171.04362116754055,"Shape_Length":551.86372566223145,"Shape_Area":17940.464672033995,"Split_Area_Floor":8000,"Split_Width_Floor":80}},{"type":"Feature","id":6205,"geometry":{"type":"Polygon","coordinates":[[[-106.45487645714385,31.844028587135906],[-106.45527886759325,31.844019175420776],[-106.45541205154794,31.843726076939969],[-106.45487645714385,31.844028587135906]]]},"properties":{"OBJECTID":6205,"PIDN":"M89599900500300","CITY_OWNED":" ","STATE_CD":"A1","LAND_ACRES":0.31019999999999998,"YR_BLT":"2002","City_Taxes":"7999.13","District_Key(String)":"P-R 1","Min_Lot_Area(Double - SqFt)":4000,"Min_Lot_Width(Double - Feet)":40,"Min_Lot_Depth":100,"Front_Setback(Double - Feet)":10,"Rear_Setback(Double - Feet)":10,"Side_Setback(Double - Feet)":5,"Max_Density_Factor(Double - SqFt/Unit)":4000,"Current_Area":14745.851752490609,"Lot_Width":140.49611008167267,"Lot_Depth":217.76596866548061,"Shape_Length":716.52415749430656,"Shape_Area":30595.271505667446,"Split_Area_Floor":8000,"Split_Width_Floor":80}},{"type":"Feature","id":6236,"geometry":{"type":"Polygon","coordinates":[[[-106.45960283382863,31.844638268638938],[-106.45960229519561,31.844833272352759],[-106.46000201074116,31.844558297653489],[-106.45960283382863,31.844638268638938]]]},"properties":{"OBJECTID":6236,"PIDN":"M89599900401100","CITY_OWNED":" ","STATE_CD":"A1","LAND_ACRES":0.19769999999999999,"YR_BLT":"2004","City_Taxes":"16088.77","District_Key(String)":"P-R 1","Min_Lot_Area(Double - SqFt)":4000,"Min_Lot_Width(Double - Feet)":40,"Min_Lot_Depth":100,"Front_Setback(Double - Feet)":10,"Rear_Setback(Double - Feet)":10,"Side_Setback(Double - Feet)":5,"Max_Density_Factor(Double - SqFt/Unit)":4000,"Current_Area":8753.9790307884505,"Lot_Width":93.048370331525803,"Lot_Depth":130.03517299890518,"Shape_Length":446.16708666086197,"Shape_Area":12099.560933326155,"Split_Area_Floor":8000,"Split_Width_Floor":80}},{"type":"Feature","id":6287,"geometry":{"type":"Polygon","coordinates":[[[-106.4557440562173,31.848021489530769],[-106.45618736815753,31.847862909686654],[-106.45586100621138,31.847687966130128],[-106.4557440562173,31.848021489530769]]]},"properties":{"OBJECTID":6287,"PIDN":"G70699900101900","CITY_OWNED":" ","STATE_CD":"A1","LAND_ACRES":0.28170000000000001,"YR_BLT":"1975","City_Taxes":"7341.43","District_Key(String)":"R-3","Min_Lot_Area(Double - SqFt)":6000,"Min_Lot_Width(Double - Feet)":60,"Min_Lot_Depth":90,"Front_Setback(Double - Feet)":20,"Rear_Setback(Double - Feet)":20,"Side_Setback(Double - Feet)":5,"Max_Density_Factor(Double - SqFt/Unit)":6000,"Current_Area":12477.11680250899,"Lot_Width":140.62406258285046,"Lot_Depth":165.74540342390537,"Shape_Length":612.73893201351166,"Shape_Area":23307.791983903066,"Split_Area_Floor":12000,"Split_Width_Floor":120}},{"type":"Feature","id":6309,"geometry":{"type":"Polygon","coordinates":[[[-106.4622847341217,31.848587261395721],[-106.46251738420878,31.848208143290709],[-106.46197063519246,31.848050759498253],[-106.4622847341217,31.848587261395721]]]},"properties":{"OBJECTID":6309,"PIDN":"M82099901701900","CITY_OWNED":" ","STATE_CD":"A1","LAND_ACRES":0.56789999999999996,"YR_BLT":"1962","City_Taxes":"9389.03","District_Key(String)":"R-2","Min_Lot_Area(Double - SqFt)":10000,"Min_Lot_Width(Double - Feet)":80,"Min_Lot_Depth":110,"Front_Setback(Double - Feet)":25,"Rear_Setback(Double - Feet)":25,"Side_Setback(Double - Feet)":8,"Max_Density_Factor(Double - SqFt/Unit)":10000,"Current_Area":25693.097721007183,"Lot_Width":205.43167574703693,"Lot_Depth":208.93363724648952,"Shape_Length":828.73062598705292,"Shape_Area":42921.587219469875,"Split_Area_Floor":20000,"Split_Width_Floor":160}},{"type":"Feature","id":6310,"geometry":{"type":"Polygon","coordinates":[[[-106.46473026001651,31.84845920406611],[-106.46535993761762,31.848366801795009],[-106.46508643766393,31.848055641506516],[-106.46473026001651,31.84845920406611]]]},"properties":{"OBJECTID":6310,"PIDN":"M82099901902500","CITY_OWNED":" ","STATE_CD":"A1","LAND_ACRES":0.48849999999999999,"YR_BLT":"1968","City_Taxes":"5526.35","District_Key(String)":"R-2","Min_Lot_Area(Double - SqFt)":10000,"Min_Lot_Width(Double - Feet)":80,"Min_Lot_Depth":110,"Front_Setback(Double - Feet)":25,"Rear_Setback(Double - Feet)":25,"Side_Setback(Double - Feet)":8,"Max_Density_Factor(Double - SqFt/Unit)":10000,"Current_Area":23184.980852070425,"Lot_Width":189.95893767476082,"Lot_Depth":232.11141240596771,"Shape_Length":844.14070016145706,"Shape_Area":44091.637322825925,"Split_Area_Floor":20000,"Split_Width_Floor":160}},{"type":"Feature","id":6312,"geometry":{"type":"Polygon","coordinates":[[[-106.46231385643561,31.848600160410431],[-106.46299169748576,31.848395962386522],[-106.46251738420878,31.848208143290709],[-106.46231385643561,31.848600160410431]]]},"properties":{"OBJECTID":6312,"PIDN":"M82099901701600","CITY_OWNED":" ","STATE_CD":"A1","LAND_ACRES":0.57099999999999995,"YR_BLT":"1960","City_Taxes":"6422.29","District_Key(String)":"R-2","Min_Lot_Area(Double - SqFt)":10000,"Min_Lot_Width(Double - Feet)":80,"Min_Lot_Depth":110,"Front_Setback(Double - Feet)":25,"Rear_Setback(Double - Feet)":25,"Side_Setback(Double - Feet)":8,"Max_Density_Factor(Double - SqFt/Unit)":10000,"Current_Area":25001.839614373424,"Lot_Width":208.75712841749191,"Lot_Depth":214.25613315403461,"Shape_Length":846.02652314305305,"Shape_Area":44727.495103072048,"Split_Area_Floor":20000,"Split_Width_Floor":160}},{"type":"Feature","id":6323,"geometry":{"type":"Polygon","coordinates":[[[-106.46386855892634,31.849203250988428],[-106.4645190980717,31.848995311509999],[-106.464065114421,31.848810147886066],[-106.46386855892634,31.849203250988428]]]},"properties":{"OBJECTID":6323,"PIDN":"M82099901700700","CITY_OWNED":" ","STATE_CD":"A1","LAND_ACRES":0.50690000000000002,"YR_BLT":"1965","City_Taxes":"8001.87","District_Key(String)":"R-2","Min_Lot_Area(Double - SqFt)":10000,"Min_Lot_Width(Double - Feet)":80,"Min_Lot_Depth":110,"Front_Setback(Double - Feet)":25,"Rear_Setback(Double - Feet)":25,"Side_Setback(Double - Feet)":8,"Max_Density_Factor(Double - SqFt/Unit)":10000,"Current_Area":24721.110031831005,"Lot_Width":211.07831799983978,"Lot_Depth":218.1980544179678,"Shape_Length":858.55274483561516,"Shape_Area":46056.87831738215,"Split_Area_Floor":20000,"Split_Width_Floor":160}},{"type":"Feature","id":6327,"geometry":{"type":"Polygon","coordinates":[[[-106.46493077888618,31.849084200806889],[-106.4649033251973,31.849493359879936],[-106.46558788888052,31.849419967975216],[-106.46493077888618,31.849084200806889]]]},"properties":{"OBJECTID":6327,"PIDN":"M82099901700100","CITY_OWNED":" ","STATE_CD":"A1","LAND_ACRES":0.48149999999999998,"YR_BLT":"1960","City_Taxes":"5761.16","District_Key(String)":"R-2","Min_Lot_Area(Double - SqFt)":10000,"Min_Lot_Width(Double - Feet)":80,"Min_Lot_Depth":110,"Front_Setback(Double - Feet)":25,"Rear_Setback(Double - Feet)":25,"Side_Setback(Double - Feet)":8,"Max_Density_Factor(Double - SqFt/Unit)":10000,"Current_Area":26199.208053210801,"Lot_Width":167.8736799955368,"Lot_Depth":213.71807651221752,"Shape_Length":763.18351301550865,"Shape_Area":35877.639985673653,"Split_Area_Floor":20000,"Split_Width_Floor":160}},{"type":"Feature","id":6587,"geometry":{"type":"Polygon","coordinates":[[[-106.45583762611716,31.842843478993352],[-106.45614858850622,31.842539829048707],[-106.45581606984695,31.842407656587326],[-106.45583762611716,31.842843478993352]]]},"properties":{"OBJECTID":6587,"PIDN":"M89599900501200","CITY_OWNED":" ","STATE_CD":"A1","LAND_ACRES":0.2319,"YR_BLT":"2002","City_Taxes":" ","District_Key(String)":"P-R 1","Min_Lot_Area(Double - SqFt)":4000,"Min_Lot_Width(Double - Feet)":40,"Min_Lot_Depth":100,"Front_Setback(Double - Feet)":10,"Rear_Setback(Double - Feet)":10,"Side_Setback(Double - Feet)":5,"Max_Density_Factor(Double - SqFt/Unit)":4000,"Current_Area":13359.491134342799,"Lot_Width":120.24615058302879,"Lot_Depth":167.50721092522144,"Shape_Length":575.50672301650047,"Shape_Area":20142.097308657343,"Split_Area_Floor":8000,"Split_Width_Floor":80}},{"type":"Feature","id":6613,"geometry":{"type":"Polygon","coordinates":[[[-106.4573032082439,31.843216384299154],[-106.45776215870616,31.843002346630435],[-106.45743421231795,31.842921509861046],[-106.4573032082439,31.843216384299154]]]},"properties":{"OBJECTID":6613,"PIDN":"M89599900502100","CITY_OWNED":" ","STATE_CD":"A1","LAND_ACRES":0.18440000000000001,"YR_BLT":"2002","City_Taxes":" ","District_Key(String)":"P-R 1","Min_Lot_Area(Double - SqFt)":4000,"Min_Lot_Width(Double - Feet)":40,"Min_Lot_Depth":100,"Front_Setback(Double - Feet)":10,"Rear_Setback(Double - Feet)":10,"Side_Setback(Double - Feet)":5,"Max_Density_Factor(Double - SqFt/Unit)":4000,"Current_Area":8525.7476143432141,"Lot_Width":125.5709430873394,"Lot_Depth":146.59091417491436,"Shape_Length":544.32371452450752,"Shape_Area":18407.559340979227,"Split_Area_Floor":8000,"Split_Width_Floor":80}},{"type":"Feature","id":6624,"geometry":{"type":"Polygon","coordinates":[[[-106.45739840930207,31.843268893751418],[-106.45781049998196,31.843316425598704],[-106.45779176647282,31.843009444929848],[-106.45739840930207,31.843268893751418]]]},"properties":{"OBJECTID":6624,"PIDN":"M89599900502200","CITY_OWNED":" ","STATE_CD":"A1","LAND_ACRES":0.2064,"YR_BLT":"2002","City_Taxes":" ","District_Key(String)":"P-R 1","Min_Lot_Area(Double - SqFt)":4000,"Min_Lot_Width(Double - Feet)":40,"Min_Lot_Depth":100,"Front_Setback(Double - Feet)":10,"Rear_Setback(Double - Feet)":10,"Side_Setback(Double - Feet)":5,"Max_Density_Factor(Double - SqFt/Unit)":4000,"Current_Area":9704.9494893556875,"Lot_Width":126.44758175313473,"Lot_Depth":127.16149108111858,"Shape_Length":507.21814566850662,"Shape_Area":16079.263039330255,"Split_Area_Floor":8000,"Split_Width_Floor":80}},{"type":"Feature","id":6627,"geometry":{"type":"Polygon","coordinates":[[[-106.45607447606925,31.843280499649641],[-106.4564298629612,31.843450887873995],[-106.45639832368289,31.843111402896447],[-106.45607447606925,31.843280499649641]]]},"properties":{"OBJECTID":6627,"PIDN":"M89599900601300","CITY_OWNED":" ","STATE_CD":"A1","LAND_ACRES":0.24179999999999999,"YR_BLT":"2002","City_Taxes":" ","District_Key(String)":"P-R 1","Min_Lot_Area(Double - SqFt)":4000,"Min_Lot_Width(Double - Feet)":40,"Min_Lot_Depth":100,"Front_Setback(Double - Feet)":10,"Rear_Setback(Double - Feet)":10,"Side_Setback(Double - Feet)":5,"Max_Density_Factor(Double - SqFt/Unit)":4000,"Current_Area":10349.882714810963,"Lot_Width":106.78423523902893,"Lot_Depth":156.77199617028236,"Shape_Length":527.11246281862259,"Shape_Area":16740.777717939574,"Split_Area_Floor":8000,"Split_Width_Floor":80}},{"type":"Feature","id":6634,"geometry":{"type":"Polygon","coordinates":[[[-106.4562584574022,31.843578005791159],[-106.45607447606925,31.843280499649641],[-106.45581153215811,31.843588087936947],[-106.4562584574022,31.843578005791159]]]},"properties":{"OBJECTID":6634,"PIDN":"M89599900601400","CITY_OWNED":" ","STATE_CD":"A1","LAND_ACRES":0.23400000000000001,"YR_BLT":"2002","City_Taxes":" ","District_Key(String)":"P-R 1","Min_Lot_Area(Double - SqFt)":4000,"Min_Lot_Width(Double - Feet)":40,"Min_Lot_Depth":100,"Front_Setback(Double - Feet)":10,"Rear_Setback(Double - Feet)":10,"Side_Setback(Double - Feet)":5,"Max_Density_Factor(Double - SqFt/Unit)":4000,"Current_Area":10029.540874269549,"Lot_Width":111.20843900740147,"Lot_Depth":167.07709367573261,"Shape_Length":556.57106536626816,"Shape_Area":18580.38278157161,"Split_Area_Floor":8000,"Split_Width_Floor":80}},{"type":"Feature","id":6650,"geometry":{"type":"Polygon","coordinates":[[[-106.45955329442469,31.843515983451379],[-106.45988779362776,31.843584991497035],[-106.45979812539674,31.843377258556664],[-106.45955329442469,31.843515983451379]]]},"properties":{"OBJECTID":6650,"PIDN":"M89599900401700","CITY_OWNED":" ","STATE_CD":"A1","LAND_ACRES":0.18909999999999999,"YR_BLT":"2002","City_Taxes":" ","District_Key(String)":"P-R 1","Min_Lot_Area(Double - SqFt)":4000,"Min_Lot_Width(Double - Feet)":40,"Min_Lot_Depth":100,"Front_Setback(Double - Feet)":10,"Rear_Setback(Double - Feet)":10,"Side_Setback(Double - Feet)":5,"Max_Density_Factor(Double - SqFt/Unit)":4000,"Current_Area":8726.9317406280697,"Lot_Width":104.70845200121403,"Lot_Depth":106.98206950724125,"Shape_Length":423.38104301691055,"Shape_Area":11201.926889989512,"Split_Area_Floor":8000,"Split_Width_Floor":80}},{"type":"Feature","id":6651,"geometry":{"type":"Polygon","coordinates":[[[-106.45661054097448,31.843639659405277],[-106.45697764814423,31.843789368493713],[-106.45693782722196,31.843471209800889],[-106.45661054097448,31.843639659405277]]]},"properties":{"OBJECTID":6651,"PIDN":"M89599900601000","CITY_OWNED":" ","STATE_CD":"A1","LAND_ACRES":0.1797,"YR_BLT":"2003","City_Taxes":" ","District_Key(String)":"P-R 1","Min_Lot_Area(Double - SqFt)":4000,"Min_Lot_Width(Double - Feet)":40,"Min_Lot_Depth":100,"Front_Setback(Double - Feet)":10,"Rear_Setback(Double - Feet)":10,"Side_Setback(Double - Feet)":5,"Max_Density_Factor(Double - SqFt/Unit)":4000,"Current_Area":8132.7490790843058,"Lot_Width":110.83147124946117,"Lot_Depth":116.2474709302187,"Shape_Length":454.15788435935974,"Shape_Area":12883.878232225106,"Split_Area_Floor":8000,"Split_Width_Floor":80}},{"type":"Feature","id":6663,"geometry":{"type":"Polygon","coordinates":[[[-106.45462744568366,31.844009123915775],[-106.45527129833643,31.843514094159946],[-106.45482488109083,31.843554538767563],[-106.45462744568366,31.844009123915775]]]},"properties":{"OBJECTID":6663,"PIDN":"M89599900500400","CITY_OWNED":" ","STATE_CD":"A1","LAND_ACRES":0.45090000000000002,"YR_BLT":"2002","City_Taxes":" ","District_Key(String)":"P-R 1","Min_Lot_Area(Double - SqFt)":4000,"Min_Lot_Width(Double - Feet)":40,"Min_Lot_Depth":100,"Front_Setback(Double - Feet)":10,"Rear_Setback(Double - Feet)":10,"Side_Setback(Double - Feet)":5,"Max_Density_Factor(Double - SqFt/Unit)":4000,"Current_Area":20092.835564561483,"Lot_Width":176.41303299367428,"Lot_Depth":221.05041092634201,"Shape_Length":794.92688784003258,"Shape_Area":38996.173436014033,"Split_Area_Floor":8000,"Split_Width_Floor":80}},{"type":"Feature","id":6665,"geometry":{"type":"Polygon","coordinates":[[[-106.45696970233179,31.843981728060218],[-106.45697764814423,31.843789368493713],[-106.4565396838336,31.843701668061051],[-106.45696970233179,31.843981728060218]]]},"properties":{"OBJECTID":6665,"PIDN":"M89599900600900","CITY_OWNED":" ","STATE_CD":"A1","LAND_ACRES":0.27339999999999998,"YR_BLT":"2002","City_Taxes":" ","District_Key(String)":"P-R 1","Min_Lot_Area(Double - SqFt)":4000,"Min_Lot_Width(Double - Feet)":40,"Min_Lot_Depth":100,"Front_Setback(Double - Feet)":10,"Rear_Setback(Double - Feet)":10,"Side_Setback(Double - Feet)":5,"Max_Density_Factor(Double - SqFt/Unit)":4000,"Current_Area":11748.488414770258,"Lot_Width":130.77926599979401,"Lot_Depth":137.64965908229351,"Shape_Length":536.85785016417503,"Shape_Area":18001.721379904226,"Split_Area_Floor":8000,"Split_Width_Floor":80}},{"type":"Feature","id":6667,"geometry":{"type":"Polygon","coordinates":[[[-106.45749724214735,31.843944351607306],[-106.4578501628792,31.843991860598006],[-106.45784564456734,31.843741238816719],[-106.45749724214735,31.843944351607306]]]},"properties":{"OBJECTID":6667,"PIDN":"M89599900502600","CITY_OWNED":" ","STATE_CD":"A1","LAND_ACRES":0.1996,"YR_BLT":"2002","City_Taxes":" ","District_Key(String)":"P-R 1","Min_Lot_Area(Double - SqFt)":4000,"Min_Lot_Width(Double - Feet)":40,"Min_Lot_Depth":100,"Front_Setback(Double - Feet)":10,"Rear_Setback(Double - Feet)":10,"Side_Setback(Double - Feet)":5,"Max_Density_Factor(Double - SqFt/Unit)":4000,"Current_Area":8565.3965875182857,"Lot_Width":91.112350583076477,"Lot_Depth":120.46432600915432,"Shape_Length":423.15335318446159,"Shape_Area":10975.787904100087,"Split_Area_Floor":8000,"Split_Width_Floor":80}},{"type":"Feature","id":6680,"geometry":{"type":"Polygon","coordinates":[[[-106.45754266670718,31.844258739352902],[-106.45792282117893,31.844129954510343],[-106.45751399024768,31.844025568947419],[-106.45754266670718,31.844258739352902]]]},"properties":{"OBJECTID":6680,"PIDN":"M89599900504300","CITY_OWNED":" ","STATE_CD":"A1","LAND_ACRES":0.19070000000000001,"YR_BLT":"2001","City_Taxes":" ","District_Key(String)":"P-R 1","Min_Lot_Area(Double - SqFt)":4000,"Min_Lot_Width(Double - Feet)":40,"Min_Lot_Depth":100,"Front_Setback(Double - Feet)":10,"Rear_Setback(Double - Feet)":10,"Side_Setback(Double - Feet)":5,"Max_Density_Factor(Double - SqFt/Unit)":4000,"Current_Area":8429.5607410164066,"Lot_Width":91.478491589426994,"Lot_Depth":124.67494750022888,"Shape_Length":432.30687817931175,"Shape_Area":11405.07613631194,"Split_Area_Floor":8000,"Split_Width_Floor":80}},{"type":"Feature","id":6702,"geometry":{"type":"Polygon","coordinates":[[[-106.45848061581066,31.844510051961471],[-106.45875668261219,31.844261891320674],[-106.45839382361737,31.844165581603733],[-106.45848061581066,31.844510051961471]]]},"properties":{"OBJECTID":6702,"PIDN":"M89599900503700","CITY_OWNED":" ","STATE_CD":"A1","LAND_ACRES":0.18790000000000001,"YR_BLT":"2002","City_Taxes":" ","District_Key(String)":"P-R 1","Min_Lot_Area(Double - SqFt)":4000,"Min_Lot_Width(Double - Feet)":40,"Min_Lot_Depth":100,"Front_Setback(Double - Feet)":10,"Rear_Setback(Double - Feet)":10,"Side_Setback(Double - Feet)":5,"Max_Density_Factor(Double - SqFt/Unit)":4000,"Current_Area":8155.7917916897277,"Lot_Width":110.58179983496666,"Lot_Depth":129.50203758478165,"Shape_Length":480.16767483949661,"Shape_Area":14320.568398420653,"Split_Area_Floor":8000,"Split_Width_Floor":80}},{"type":"Feature","id":6707,"geometry":{"type":"Polygon","coordinates":[[[-106.45792034747777,31.844359644287596],[-106.45848061581066,31.844510051961471],[-106.45839382361737,31.844165581603733],[-106.45792034747777,31.844359644287596]]]},"properties":{"OBJECTID":6707,"PIDN":"M89599900503800","CITY_OWNED":" ","STATE_CD":"A1","LAND_ACRES":0.4178,"YR_BLT":"2001","City_Taxes":" ","District_Key(String)":"P-R 1","Min_Lot_Area(Double - SqFt)":4000,"Min_Lot_Width(Double - Feet)":40,"Min_Lot_Depth":100,"Front_Setback(Double - Feet)":10,"Rear_Setback(Double - Feet)":10,"Side_Setback(Double - Feet)":5,"Max_Density_Factor(Double - SqFt/Unit)":4000,"Current_Area":20005.304483244261,"Lot_Width":170.70832000672817,"Lot_Depth":173.73620107769966,"Shape_Length":688.88904216885567,"Shape_Area":29658.215010325224,"Split_Area_Floor":8000,"Split_Width_Floor":80}},{"type":"Feature","id":6708,"geometry":{"type":"Polygon","coordinates":[[[-106.45859502302146,31.844512637367455],[-106.45902307143716,31.844332594335452],[-106.45875668261219,31.844261891320674],[-106.45859502302146,31.844512637367455]]]},"properties":{"OBJECTID":6708,"PIDN":"M89599900503600","CITY_OWNED":" ","STATE_CD":"A1","LAND_ACRES":0.2364,"YR_BLT":"2001","City_Taxes":" ","District_Key(String)":"P-R 1","Min_Lot_Area(Double - SqFt)":4000,"Min_Lot_Width(Double - Feet)":40,"Min_Lot_Depth":100,"Front_Setback(Double - Feet)":10,"Rear_Setback(Double - Feet)":10,"Side_Setback(Double - Feet)":5,"Max_Density_Factor(Double - SqFt/Unit)":4000,"Current_Area":9051.940447645984,"Lot_Width":116.17365217208862,"Lot_Depth":139.16441982984543,"Shape_Length":510.6761440038681,"Shape_Area":16167.238904042975,"Split_Area_Floor":8000,"Split_Width_Floor":80}},{"type":"Feature","id":6713,"geometry":{"type":"Polygon","coordinates":[[[-106.4583112841036,31.844699513731616],[-106.45792034747777,31.844359644287596],[-106.45791672155967,31.844696418975445],[-106.4583112841036,31.844699513731616]]]},"properties":{"OBJECTID":6713,"PIDN":"M89599900503900","CITY_OWNED":" ","STATE_CD":"A1","LAND_ACRES":0.27650000000000002,"YR_BLT":"2001","City_Taxes":" ","District_Key(String)":"P-R 1","Min_Lot_Area(Double - SqFt)":4000,"Min_Lot_Width(Double - Feet)":40,"Min_Lot_Depth":100,"Front_Setback(Double - Feet)":10,"Rear_Setback(Double - Feet)":10,"Side_Setback(Double - Feet)":5,"Max_Density_Factor(Double - SqFt/Unit)":4000,"Current_Area":11914.678649805879,"Lot_Width":130.13392607867718,"Lot_Depth":149.1145311743021,"Shape_Length":558.49691450595856,"Shape_Area":19404.859377093235,"Split_Area_Floor":8000,"Split_Width_Floor":80}},{"type":"Feature","id":6723,"geometry":{"type":"Polygon","coordinates":[[[-106.46025435461371,31.844730745939565],[-106.46062305994425,31.844526899553582],[-106.46016797918752,31.844530856321999],[-106.46025435461371,31.844730745939565]]]},"properties":{"OBJECTID":6723,"PIDN":"M89599900400700","CITY_OWNED":" ","STATE_CD":"A1","LAND_ACRES":0.21679999999999999,"YR_BLT":"2002","City_Taxes":" ","District_Key(String)":"P-R 1","Min_Lot_Area(Double - SqFt)":4000,"Min_Lot_Width(Double - Feet)":40,"Min_Lot_Depth":100,"Front_Setback(Double - Feet)":10,"Rear_Setback(Double - Feet)":10,"Side_Setback(Double - Feet)":5,"Max_Density_Factor(Double - SqFt/Unit)":4000,"Current_Area":10092.61928433584,"Lot_Width":82.079560250043869,"Lot_Depth":152.10140183568001,"Shape_Length":468.36192417144775,"Shape_Area":12484.416176087831,"Split_Area_Floor":8000,"Split_Width_Floor":80}},{"type":"Feature","id":6741,"geometry":{"type":"Polygon","coordinates":[[[-106.45709645392488,31.845141676812204],[-106.4574194079822,31.844771836754752],[-106.45708833753834,31.844917505455676],[-106.45709645392488,31.845141676812204]]]},"properties":{"OBJECTID":6741,"PIDN":"M89599900404000","CITY_OWNED":" ","STATE_CD":"A1","LAND_ACRES":0.23499999999999999,"YR_BLT":"2001","City_Taxes":" ","District_Key(String)":"P-R 1","Min_Lot_Area(Double - SqFt)":4000,"Min_Lot_Width(Double - Feet)":40,"Min_Lot_Depth":100,"Front_Setback(Double - Feet)":10,"Rear_Setback(Double - Feet)":10,"Side_Setback(Double - Feet)":5,"Max_Density_Factor(Double - SqFt/Unit)":4000,"Current_Area":10535.45175782636,"Lot_Width":130.6821533292532,"Lot_Depth":131.78680990636349,"Shape_Length":524.93792647123337,"Shape_Area":17222.184098956539,"Split_Area_Floor":8000,"Split_Width_Floor":80}},{"type":"Feature","id":6742,"geometry":{"type":"Polygon","coordinates":[[[-106.4615835061505,31.844915743543368],[-106.46168185843021,31.844954005097289],[-106.46120537997899,31.843133351030243],[-106.4615835061505,31.844915743543368]]]},"properties":{"OBJECTID":6742,"PIDN":"M89599900200900","CITY_OWNED":" ","STATE_CD":"A1","LAND_ACRES":0.40039999999999998,"YR_BLT":"1986","City_Taxes":" ","District_Key(String)":"R-3","Min_Lot_Area(Double - SqFt)":6000,"Min_Lot_Width(Double - Feet)":60,"Min_Lot_Depth":90,"Front_Setback(Double - Feet)":20,"Rear_Setback(Double - Feet)":20,"Side_Setback(Double - Feet)":5,"Max_Density_Factor(Double - SqFt/Unit)":6000,"Current_Area":8456.156793621707,"Lot_Width":122.16018874943256,"Lot_Depth":669.47503900527954,"Shape_Length":1583.2704555094242,"Shape_Area":81783.197127918684,"Split_Area_Floor":12000,"Split_Width_Floor":120}},{"type":"Feature","id":6743,"geometry":{"type":"Polygon","coordinates":[[[-106.4615835061505,31.844915743543368],[-106.46168185843021,31.844954005097289],[-106.46120537997899,31.843133351030243],[-106.4615835061505,31.844915743543368]]]},"properties":{"OBJECTID":6743,"PIDN":"M89599900200900","CITY_OWNED":" ","STATE_CD":"A1","LAND_ACRES":0.40039999999999998,"YR_BLT":"1986","City_Taxes":" ","District_Key(String)":"R-3","Min_Lot_Area(Double - SqFt)":6000,"Min_Lot_Width(Double - Feet)":60,"Min_Lot_Depth":90,"Front_Setback(Double - Feet)":20,"Rear_Setback(Double - Feet)":20,"Side_Setback(Double - Feet)":5,"Max_Density_Factor(Double - SqFt/Unit)":6000,"Current_Area":8456.156793621707,"Lot_Width":123.66937208175659,"Lot_Depth":188.97206300497055,"Shape_Length":625.28287017345428,"Shape_Area":23370.056372818854,"Split_Area_Floor":12000,"Split_Width_Floor":120}},{"type":"Feature","id":6746,"geometry":{"type":"Polygon","coordinates":[[[-106.45948206226022,31.845144494375941],[-106.45960224575019,31.844851414070746],[-106.45921756803671,31.844759606144525],[-106.45948206226022,31.845144494375941]]]},"properties":{"OBJECTID":6746,"PIDN":"M89599900402800","CITY_OWNED":" ","STATE_CD":"A1","LAND_ACRES":0.26179999999999998,"YR_BLT":"2002","City_Taxes":" ","District_Key(String)":"P-R 1","Min_Lot_Area(Double - SqFt)":4000,"Min_Lot_Width(Double - Feet)":40,"Min_Lot_Depth":100,"Front_Setback(Double - Feet)":10,"Rear_Setback(Double - Feet)":10,"Side_Setback(Double - Feet)":5,"Max_Density_Factor(Double - SqFt/Unit)":4000,"Current_Area":11949.214014753599,"Lot_Width":143.87635266780853,"Lot_Depth":145.21919775009155,"Shape_Length":578.19110083580017,"Shape_Area":20893.6085096284,"Split_Area_Floor":8000,"Split_Width_Floor":80}},{"type":"Feature","id":6748,"geometry":{"type":"Polygon","coordinates":[[[-106.4596940584409,31.845138883672739],[-106.45994378263322,31.844752930000528],[-106.45960229519561,31.844833272352759],[-106.4596940584409,31.845138883672739]]]},"properties":{"OBJECTID":6748,"PIDN":"M89599900401000","CITY_OWNED":" ","STATE_CD":"A1","LAND_ACRES":0.33589999999999998,"YR_BLT":"2003","City_Taxes":" ","District_Key(String)":"P-R 1","Min_Lot_Area(Double - SqFt)":4000,"Min_Lot_Width(Double - Feet)":40,"Min_Lot_Depth":100,"Front_Setback(Double - Feet)":10,"Rear_Setback(Double - Feet)":10,"Side_Setback(Double - Feet)":5,"Max_Density_Factor(Double - SqFt/Unit)":4000,"Current_Area":14958.367830399966,"Lot_Width":141.36060966551304,"Lot_Depth":141.98659266531467,"Shape_Length":566.69440466165543,"Shape_Area":20071.311303497743,"Split_Area_Floor":8000,"Split_Width_Floor":80}},{"type":"Feature","id":6751,"geometry":{"type":"Polygon","coordinates":[[[-106.46038554023528,31.845148805135622],[-106.4600403259867,31.844846390648467],[-106.45991744147489,31.845143338770985],[-106.46038554023528,31.845148805135622]]]},"properties":{"OBJECTID":6751,"PIDN":"M89599900400900","CITY_OWNED":" ","STATE_CD":"A1","LAND_ACRES":0.245,"YR_BLT":"2011","City_Taxes":" ","District_Key(String)":"P-R 1","Min_Lot_Area(Double - SqFt)":4000,"Min_Lot_Width(Double - Feet)":40,"Min_Lot_Depth":100,"Front_Setback(Double - Feet)":10,"Rear_Setback(Double - Feet)":10,"Side_Setback(Double - Feet)":5,"Max_Density_Factor(Double - SqFt/Unit)":4000,"Current_Area":11440.990476013181,"Lot_Width":120.84687116742134,"Lot_Depth":157.95801740884781,"Shape_Length":557.6097771525383,"Shape_Area":19088.732179668328,"Split_Area_Floor":8000,"Split_Width_Floor":80}},{"type":"Feature","id":6753,"geometry":{"type":"Polygon","coordinates":[[[-106.46049834034616,31.845149904680778],[-106.46065118086381,31.844734082051602],[-106.46025435461371,31.844730745939565],[-106.46049834034616,31.845149904680778]]]},"properties":{"OBJECTID":6753,"PIDN":"M89599900400800","CITY_OWNED":" ","STATE_CD":"A1","LAND_ACRES":0.29909999999999998,"YR_BLT":"2002","City_Taxes":" ","District_Key(String)":"P-R 1","Min_Lot_Area(Double - SqFt)":4000,"Min_Lot_Width(Double - Feet)":40,"Min_Lot_Depth":100,"Front_Setback(Double - Feet)":10,"Rear_Setback(Double - Feet)":10,"Side_Setback(Double - Feet)":5,"Max_Density_Factor(Double - SqFt/Unit)":4000,"Current_Area":14544.716168581568,"Lot_Width":143.91998775303364,"Lot_Depth":157.18242841959,"Shape_Length":602.20483234524727,"Shape_Area":22621.69317313948,"Split_Area_Floor":8000,"Split_Width_Floor":80}},{"type":"Feature","id":6758,"geometry":{"type":"Polygon","coordinates":[[[-106.46130876815656,31.845124216247857],[-106.4616344672455,31.845130140521082],[-106.46152459035426,31.844660857410261],[-106.46130876815656,31.845124216247857]]]},"properties":{"OBJECTID":6758,"PIDN":"M89599900200900","CITY_OWNED":" ","STATE_CD":"A1","LAND_ACRES":0.40039999999999998,"YR_BLT":"1986","City_Taxes":" ","District_Key(String)":"R-3","Min_Lot_Area(Double - SqFt)":6000,"Min_Lot_Width(Double - Feet)":60,"Min_Lot_Depth":90,"Front_Setback(Double - Feet)":20,"Rear_Setback(Double - Feet)":20,"Side_Setback(Double - Feet)":5,"Max_Density_Factor(Double - SqFt/Unit)":6000,"Current_Area":17610.524287235465,"Lot_Width":122.16018874943256,"Lot_Depth":669.47503900527954,"Shape_Length":1583.2704555094242,"Shape_Area":81783.197127918684,"Split_Area_Floor":12000,"Split_Width_Floor":120}},{"type":"Feature","id":6759,"geometry":{"type":"Polygon","coordinates":[[[-106.46130876815656,31.845124216247857],[-106.4616344672455,31.845130140521082],[-106.46152459035426,31.844660857410261],[-106.46130876815656,31.845124216247857]]]},"properties":{"OBJECTID":6759,"PIDN":"M89599900200900","CITY_OWNED":" ","STATE_CD":"A1","LAND_ACRES":0.40039999999999998,"YR_BLT":"1986","City_Taxes":" ","District_Key(String)":"R-3","Min_Lot_Area(Double - SqFt)":6000,"Min_Lot_Width(Double - Feet)":60,"Min_Lot_Depth":90,"Front_Setback(Double - Feet)":20,"Rear_Setback(Double - Feet)":20,"Side_Setback(Double - Feet)":5,"Max_Density_Factor(Double - SqFt/Unit)":6000,"Current_Area":17610.524287235465,"Lot_Width":123.66937208175659,"Lot_Depth":188.97206300497055,"Shape_Length":625.28287017345428,"Shape_Area":23370.056372818854,"Split_Area_Floor":12000,"Split_Width_Floor":120}},{"type":"Feature","id":6764,"geometry":{"type":"Polygon","coordinates":[[[-106.45720058526361,31.845475482491803],[-106.45736633312963,31.845137504701064],[-106.45709645392488,31.845141676812204],[-106.45720058526361,31.845475482491803]]]},"properties":{"OBJECTID":6764,"PIDN":"M89599900100200","CITY_OWNED":" ","STATE_CD":"A1","LAND_ACRES":0.2296,"YR_BLT":"1994","City_Taxes":" ","District_Key(String)":"P-R 1","Min_Lot_Area(Double - SqFt)":4000,"Min_Lot_Width(Double - Feet)":40,"Min_Lot_Depth":100,"Front_Setback(Double - Feet)":10,"Rear_Setback(Double - Feet)":10,"Side_Setback(Double - Feet)":5,"Max_Density_Factor(Double - SqFt/Unit)":4000,"Current_Area":9852.0324498031277,"Lot_Width":83.762955829501152,"Lot_Depth":125.92330458760262,"Shape_Length":419.37252083420753,"Shape_Area":10547.708200076178,"Split_Area_Floor":8000,"Split_Width_Floor":80}},{"type":"Feature","id":6767,"geometry":{"type":"Polygon","coordinates":[[[-106.45737333788495,31.845475321803356],[-106.45762565830923,31.845137162300727],[-106.45736633312963,31.845137504701064],[-106.45737333788495,31.845475321803356]]]},"properties":{"OBJECTID":6767,"PIDN":"M89599900100300","CITY_OWNED":" ","STATE_CD":"A1","LAND_ACRES":0.2296,"YR_BLT":"1986","City_Taxes":" ","District_Key(String)":"P-R 1","Min_Lot_Area(Double - SqFt)":4000,"Min_Lot_Width(Double - Feet)":40,"Min_Lot_Depth":100,"Front_Setback(Double - Feet)":10,"Rear_Setback(Double - Feet)":10,"Side_Setback(Double - Feet)":5,"Max_Density_Factor(Double - SqFt/Unit)":4000,"Current_Area":9708.43289717681,"Lot_Width":85.00409509241581,"Lot_Depth":128.04141058027744,"Shape_Length":426.09101134538651,"Shape_Area":10884.044240732959,"Split_Area_Floor":8000,"Split_Width_Floor":80}},{"type":"Feature","id":6770,"geometry":{"type":"Polygon","coordinates":[[[-106.45839511653519,31.845480341794701],[-106.45865760046412,31.845475414862488],[-106.45865516685492,31.845143208314521],[-106.45839511653519,31.845480341794701]]]},"properties":{"OBJECTID":6770,"PIDN":"M89599900100700","CITY_OWNED":" ","STATE_CD":"A1","LAND_ACRES":0.2296,"YR_BLT":"1988","City_Taxes":" ","District_Key(String)":"P-R 1","Min_Lot_Area(Double - SqFt)":4000,"Min_Lot_Width(Double - Feet)":40,"Min_Lot_Depth":100,"Front_Setback(Double - Feet)":10,"Rear_Setback(Double - Feet)":10,"Side_Setback(Double - Feet)":5,"Max_Density_Factor(Double - SqFt/Unit)":4000,"Current_Area":9821.6536871406624,"Lot_Width":87.381386920809746,"Lot_Depth":124.57914716005325,"Shape_Length":423.921068161726,"Shape_Area":10885.898660257109,"Split_Area_Floor":8000,"Split_Width_Floor":80}},{"type":"Feature","id":6772,"geometry":{"type":"Polygon","coordinates":[[[-106.45865760046412,31.845475414862488],[-106.45891470357934,31.845481020132432],[-106.45891046434949,31.845137677794298],[-106.45865760046412,31.845475414862488]]]},"properties":{"OBJECTID":6772,"PIDN":"M89599900100800","CITY_OWNED":" ","STATE_CD":"A1","LAND_ACRES":0.2296,"YR_BLT":"1987","City_Taxes":" ","District_Key(String)":"P-R 1","Min_Lot_Area(Double - SqFt)":4000,"Min_Lot_Width(Double - Feet)":40,"Min_Lot_Depth":100,"Front_Setback(Double - Feet)":10,"Rear_Setback(Double - Feet)":10,"Side_Setback(Double - Feet)":5,"Max_Density_Factor(Double - SqFt/Unit)":4000,"Current_Area":9768.6440867560814,"Lot_Width":85.165512084960938,"Lot_Depth":127.14147800207138,"Shape_Length":424.61398017406464,"Shape_Area":10828.069081285204,"Split_Area_Floor":8000,"Split_Width_Floor":80}},{"type":"Feature","id":6773,"geometry":{"type":"Polygon","coordinates":[[[-106.45891470357934,31.845481020132432],[-106.45917068547386,31.845141522656238],[-106.45891046434949,31.845137677794298],[-106.45891470357934,31.845481020132432]]]},"properties":{"OBJECTID":6773,"PIDN":"M89599900100900","CITY_OWNED":" ","STATE_CD":"A1","LAND_ACRES":0.2296,"YR_BLT":"1994","City_Taxes":" ","District_Key(String)":"P-R 1","Min_Lot_Area(Double - SqFt)":4000,"Min_Lot_Width(Double - Feet)":40,"Min_Lot_Depth":100,"Front_Setback(Double - Feet)":10,"Rear_Setback(Double - Feet)":10,"Side_Setback(Double - Feet)":5,"Max_Density_Factor(Double - SqFt/Unit)":4000,"Current_Area":10014.257748631064,"Lot_Width":86.167806670069695,"Lot_Depth":129.46004292368889,"Shape_Length":431.25569918751717,"Shape_Area":11155.287950147349,"Split_Area_Floor":8000,"Split_Width_Floor":80}},{"type":"Feature","id":6776,"geometry":{"type":"Polygon","coordinates":[[[-106.45917351438267,31.845481706892684],[-106.45943409874003,31.845144036279944],[-106.45917068547386,31.845141522656238],[-106.45917351438267,31.845481706892684]]]},"properties":{"OBJECTID":6776,"PIDN":"M89599900101000","CITY_OWNED":" ","STATE_CD":"A1","LAND_ACRES":0.2296,"YR_BLT":"2001","City_Taxes":" ","District_Key(String)":"P-R 1","Min_Lot_Area(Double - SqFt)":4000,"Min_Lot_Width(Double - Feet)":40,"Min_Lot_Depth":100,"Front_Setback(Double - Feet)":10,"Rear_Setback(Double - Feet)":10,"Side_Setback(Double - Feet)":5,"Max_Density_Factor(Double - SqFt/Unit)":4000,"Current_Area":10086.005360240799,"Lot_Width":87.558551922440529,"Lot_Depth":127.68314358592033,"Shape_Length":430.48339101672173,"Shape_Area":11179.751157288234,"Split_Area_Floor":8000,"Split_Width_Floor":80}},{"type":"Feature","id":6778,"geometry":{"type":"Polygon","coordinates":[[[-106.4596940584409,31.845138883672739],[-106.45994752073773,31.845428948868381],[-106.46000567443511,31.84514509899763],[-106.4596940584409,31.845138883672739]]]},"properties":{"OBJECTID":6778,"PIDN":"M89599900101200","CITY_OWNED":" ","STATE_CD":"A1","LAND_ACRES":0.23200000000000001,"YR_BLT":"1987","City_Taxes":" ","District_Key(String)":"P-R 1","Min_Lot_Area(Double - SqFt)":4000,"Min_Lot_Width(Double - Feet)":40,"Min_Lot_Depth":100,"Front_Setback(Double - Feet)":10,"Rear_Setback(Double - Feet)":10,"Side_Setback(Double - Feet)":5,"Max_Density_Factor(Double - SqFt/Unit)":4000,"Current_Area":9924.9487455213002,"Lot_Width":103.06245791912079,"Lot_Depth":124.50073525309563,"Shape_Length":455.12638634443283,"Shape_Area":12831.351787921767,"Split_Area_Floor":8000,"Split_Width_Floor":80}},{"type":"Feature","id":6779,"geometry":{"type":"Polygon","coordinates":[[[-106.4594379323338,31.845480461943641],[-106.45969501324316,31.845481592165044],[-106.4596940584409,31.845138883672739],[-106.4594379323338,31.845480461943641]]]},"properties":{"OBJECTID":6779,"PIDN":"M89599900101100","CITY_OWNED":" ","STATE_CD":"A1","LAND_ACRES":0.2296,"YR_BLT":"1987","City_Taxes":" ","District_Key(String)":"P-R 1","Min_Lot_Area(Double - SqFt)":4000,"Min_Lot_Width(Double - Feet)":40,"Min_Lot_Depth":100,"Front_Setback(Double - Feet)":10,"Rear_Setback(Double - Feet)":10,"Side_Setback(Double - Feet)":5,"Max_Density_Factor(Double - SqFt/Unit)":4000,"Current_Area":9896.7739144472926,"Lot_Width":86.254748746752739,"Lot_Depth":127.07258050143719,"Shape_Length":426.65465849637985,"Shape_Area":10960.613503752977,"Split_Area_Floor":8000,"Split_Width_Floor":80}},{"type":"Feature","id":6781,"geometry":{"type":"Polygon","coordinates":[[[-106.45994752073773,31.845428948868381],[-106.46049834034616,31.845149904680778],[-106.46000567443511,31.84514509899763],[-106.45994752073773,31.845428948868381]]]},"properties":{"OBJECTID":6781,"PIDN":"M89599900101300","CITY_OWNED":" ","STATE_CD":"A1","LAND_ACRES":0.25169999999999998,"YR_BLT":"1989","City_Taxes":" ","District_Key(String)":"P-R 1","Min_Lot_Area(Double - SqFt)":4000,"Min_Lot_Width(Double - Feet)":40,"Min_Lot_Depth":100,"Front_Setback(Double - Feet)":10,"Rear_Setback(Double - Feet)":10,"Side_Setback(Double - Feet)":5,"Max_Density_Factor(Double - SqFt/Unit)":4000,"Current_Area":11245.679527615079,"Lot_Width":124.68314959108829,"Lot_Depth":176.37628766894341,"Shape_Length":602.1188745200634,"Shape_Area":21991.151059747692,"Split_Area_Floor":8000,"Split_Width_Floor":80}},{"type":"Feature","id":6785,"geometry":{"type":"Polygon","coordinates":[[[-106.46053503693265,31.845150263114309],[-106.46127223011283,31.845440573413789],[-106.46090429139294,31.844824576266173],[-106.46053503693265,31.845150263114309]]]},"properties":{"OBJECTID":6785,"PIDN":"M89599900102200","CITY_OWNED":" ","STATE_CD":"A1","LAND_ACRES":0.18920000000000001,"YR_BLT":"1987","City_Taxes":" ","District_Key(String)":"P-R 1","Min_Lot_Area(Double - SqFt)":4000,"Min_Lot_Width(Double - Feet)":40,"Min_Lot_Depth":100,"Front_Setback(Double - Feet)":10,"Rear_Setback(Double - Feet)":10,"Side_Setback(Double - Feet)":5,"Max_Density_Factor(Double - SqFt/Unit)":4000,"Current_Area":33520.38479074544,"Lot_Width":222.76070934534073,"Lot_Depth":242.96014399826527,"Shape_Length":931.44170668721199,"Shape_Area":54121.974019699701,"Split_Area_Floor":8000,"Split_Width_Floor":80}},{"type":"Feature","id":6806,"geometry":{"type":"Polygon","coordinates":[[[-106.46234470132914,31.845743884253732],[-106.4626922909405,31.845299924503955],[-106.46134469771864,31.845189570273021],[-106.46234470132914,31.845743884253732]]]},"properties":{"OBJECTID":6806,"PIDN":"M89599900201000","CITY_OWNED":" ","STATE_CD":"A1","LAND_ACRES":1.0509999999999999,"YR_BLT":"1995","City_Taxes":" ","District_Key(String)":"R-2","Min_Lot_Area(Double - SqFt)":10000,"Min_Lot_Width(Double - Feet)":80,"Min_Lot_Depth":110,"Front_Setback(Double - Feet)":25,"Rear_Setback(Double - Feet)":25,"Side_Setback(Double - Feet)":8,"Max_Density_Factor(Double - SqFt/Unit)":10000,"Current_Area":50904.173789150831,"Lot_Width":245.09235759079456,"Lot_Depth":415.62613724172115,"Shape_Length":1321.4369896650314,"Shape_Area":101866.78985292857,"Split_Area_Floor":20000,"Split_Width_Floor":160}},{"type":"Feature","id":6821,"geometry":{"type":"Polygon","coordinates":[[[-106.45695082667456,31.846350559494134],[-106.45698489714209,31.845632948575869],[-106.4565679708259,31.846308594229772],[-106.45695082667456,31.846350559494134]]]},"properties":{"OBJECTID":6821,"PIDN":"M89599900103500","CITY_OWNED":" ","STATE_CD":"A1","LAND_ACRES":0.54659999999999997,"YR_BLT":"1995","City_Taxes":" ","District_Key(String)":"R-2","Min_Lot_Area(Double - SqFt)":10000,"Min_Lot_Width(Double - Feet)":80,"Min_Lot_Depth":110,"Front_Setback(Double - Feet)":25,"Rear_Setback(Double - Feet)":25,"Side_Setback(Double - Feet)":8,"Max_Density_Factor(Double - SqFt/Unit)":10000,"Current_Area":29377.480926558823,"Lot_Width":189.0038870871067,"Lot_Depth":272.23698833584785,"Shape_Length":922.48175084590912,"Shape_Area":51453.849004362572,"Split_Area_Floor":20000,"Split_Width_Floor":160}},{"type":"Feature","id":6833,"geometry":{"type":"Polygon","coordinates":[[[-106.46017952954335,31.846082307919684],[-106.46092121433816,31.846440256267531],[-106.46078356432555,31.845629883313585],[-106.46017952954335,31.846082307919684]]]},"properties":{"OBJECTID":6833,"PIDN":"M89599900102400","CITY_OWNED":" ","STATE_CD":"A1","LAND_ACRES":1.7836000000000001,"YR_BLT":"2006","City_Taxes":" ","District_Key(String)":"R-2","Min_Lot_Area(Double - SqFt)":10000,"Min_Lot_Width(Double - Feet)":80,"Min_Lot_Depth":110,"Front_Setback(Double - Feet)":25,"Rear_Setback(Double - Feet)":25,"Side_Setback(Double - Feet)":8,"Max_Density_Factor(Double - SqFt/Unit)":10000,"Current_Area":67259.297842159183,"Lot_Width":276.80686108767986,"Lot_Depth":383.36078183352947,"Shape_Length":1320.3352858424187,"Shape_Area":106116.89468345814,"Split_Area_Floor":20000,"Split_Width_Floor":160}},{"type":"Feature","id":6836,"geometry":{"type":"Polygon","coordinates":[[[-106.4598417132884,31.8465167779447],[-106.46031084226026,31.846674832607448],[-106.45971458579614,31.845647108550658],[-106.4598417132884,31.8465167779447]]]},"properties":{"OBJECTID":6836,"PIDN":"M89599900102500","CITY_OWNED":" ","STATE_CD":"A1","LAND_ACRES":0.96989999999999998,"YR_BLT":"1998","City_Taxes":" ","District_Key(String)":"R-2","Min_Lot_Area(Double - SqFt)":10000,"Min_Lot_Width(Double - Feet)":80,"Min_Lot_Depth":110,"Front_Setback(Double - Feet)":25,"Rear_Setback(Double - Feet)":25,"Side_Setback(Double - Feet)":8,"Max_Density_Factor(Double - SqFt/Unit)":10000,"Current_Area":49555.582706002475,"Lot_Width":184.03834584355354,"Lot_Depth":422.73078183829784,"Shape_Length":1213.5382553637028,"Shape_Area":77798.673826672442,"Split_Area_Floor":20000,"Split_Width_Floor":160}},{"type":"Feature","id":6841,"geometry":{"type":"Polygon","coordinates":[[[-106.46193191529161,31.846679648808482],[-106.46268295970377,31.846716269296721],[-106.46223539327246,31.846210057297085],[-106.46193191529161,31.846679648808482]]]},"properties":{"OBJECTID":6841,"PIDN":"M82099902004900","CITY_OWNED":" ","STATE_CD":"A1","LAND_ACRES":0.75600000000000001,"YR_BLT":"1964","City_Taxes":" ","District_Key(String)":"R-2","Min_Lot_Area(Double - SqFt)":10000,"Min_Lot_Width(Double - Feet)":80,"Min_Lot_Depth":110,"Front_Setback(Double - Feet)":25,"Rear_Setback(Double - Feet)":25,"Side_Setback(Double - Feet)":8,"Max_Density_Factor(Double - SqFt/Unit)":10000,"Current_Area":42027.943369851761,"Lot_Width":247.15403324365616,"Lot_Depth":286.42495207488537,"Shape_Length":1067.1579706370831,"Shape_Area":70791.082126928843,"Split_Area_Floor":20000,"Split_Width_Floor":160}},{"type":"Feature","id":6851,"geometry":{"type":"Polygon","coordinates":[[[-106.46362060998827,31.846821637730784],[-106.46390471253166,31.847176399610948],[-106.46436751373609,31.846978401455363],[-106.46362060998827,31.846821637730784]]]},"properties":{"OBJECTID":6851,"PIDN":"M82099901906000","CITY_OWNED":" ","STATE_CD":"A1","LAND_ACRES":0.47589999999999999,"YR_BLT":"1984","City_Taxes":" ","District_Key(String)":"R-2","Min_Lot_Area(Double - SqFt)":10000,"Min_Lot_Width(Double - Feet)":80,"Min_Lot_Depth":110,"Front_Setback(Double - Feet)":25,"Rear_Setback(Double - Feet)":25,"Side_Setback(Double - Feet)":8,"Max_Density_Factor(Double - SqFt/Unit)":10000,"Current_Area":20346.885367904397,"Lot_Width":186.50061126053333,"Lot_Depth":228.44048799574375,"Shape_Length":829.88219851255417,"Shape_Area":42604.29064786074,"Split_Area_Floor":20000,"Split_Width_Floor":160}},{"type":"Feature","id":6856,"geometry":{"type":"Polygon","coordinates":[[[-106.46226598689377,31.847098607443595],[-106.46249890666277,31.847373322047407],[-106.46294044515639,31.8470785184793],[-106.46226598689377,31.847098607443595]]]},"properties":{"OBJECTID":6856,"PIDN":"M82099902003700","CITY_OWNED":" ","STATE_CD":"A1","LAND_ACRES":0.44679999999999997,"YR_BLT":"1994","City_Taxes":" ","District_Key(String)":"R-2","Min_Lot_Area(Double - SqFt)":10000,"Min_Lot_Width(Double - Feet)":80,"Min_Lot_Depth":110,"Front_Setback(Double - Feet)":25,"Rear_Setback(Double - Feet)":25,"Side_Setback(Double - Feet)":8,"Max_Density_Factor(Double - SqFt/Unit)":10000,"Current_Area":22445.362347138154,"Lot_Width":190.853948995471,"Lot_Depth":209.52189065515995,"Shape_Length":800.7516793012619,"Shape_Area":39988.08023253455,"Split_Area_Floor":20000,"Split_Width_Floor":160}},{"type":"Feature","id":6862,"geometry":{"type":"Polygon","coordinates":[[[-106.42382914818029,31.849256793808777],[-106.42426729310633,31.848962454288596],[-106.42392617951681,31.848967935165252],[-106.42382914818029,31.849256793808777]]]},"properties":{"OBJECTID":6862,"PIDN":"M85199907907100","CITY_OWNED":" ","STATE_CD":"A1","LAND_ACRES":0.2878,"YR_BLT":"1956","City_Taxes":" ","District_Key(String)":"R-4","Min_Lot_Area(Double - SqFt)":6000,"Min_Lot_Width(Double - Feet)":50,"Min_Lot_Depth":90,"Front_Setback(Double - Feet)":10,"Rear_Setback(Double - Feet)":10,"Side_Setback(Double - Feet)":5,"Max_Density_Factor(Double - SqFt/Unit)":6000,"Current_Area":13022.639031196417,"Lot_Width":130.34488366544247,"Lot_Depth":141.70870608091354,"Shape_Length":544.10717949271202,"Shape_Area":18471.004808497055,"Split_Area_Floor":12000,"Split_Width_Floor":100}},{"type":"Feature","id":6865,"geometry":{"type":"Polygon","coordinates":[[[-106.46238021403349,31.847475541923732],[-106.46283275361876,31.847626870307753],[-106.46304586216687,31.847174286097012],[-106.46238021403349,31.847475541923732]]]},"properties":{"OBJECTID":6865,"PIDN":"M82099902003300","CITY_OWNED":" ","STATE_CD":"A1","LAND_ACRES":0.44429999999999997,"YR_BLT":"1995","City_Taxes":" ","District_Key(String)":"R-2","Min_Lot_Area(Double - SqFt)":10000,"Min_Lot_Width(Double - Feet)":80,"Min_Lot_Depth":110,"Front_Setback(Double - Feet)":25,"Rear_Setback(Double - Feet)":25,"Side_Setback(Double - Feet)":8,"Max_Density_Factor(Double - SqFt/Unit)":10000,"Current_Area":20931.042662786465,"Lot_Width":197.33982841670513,"Lot_Depth":212.42280349135399,"Shape_Length":819.52526381611824,"Shape_Area":41919.479592779266,"Split_Area_Floor":20000,"Split_Width_Floor":160}},{"type":"Feature","id":6867,"geometry":{"type":"Polygon","coordinates":[[[-106.45464474839832,31.847628914518715],[-106.45544976002225,31.847957382921155],[-106.45540207612954,31.847661406034526],[-106.45464474839832,31.847628914518715]]]},"properties":{"OBJECTID":6867,"PIDN":"G70699900101500","CITY_OWNED":" ","STATE_CD":"A1","LAND_ACRES":0.49270000000000003,"YR_BLT":"1970","City_Taxes":" ","District_Key(String)":"R-3","Min_Lot_Area(Double - SqFt)":6000,"Min_Lot_Width(Double - Feet)":60,"Min_Lot_Depth":90,"Front_Setback(Double - Feet)":20,"Rear_Setback(Double - Feet)":20,"Side_Setback(Double - Feet)":5,"Max_Density_Factor(Double - SqFt/Unit)":6000,"Current_Area":16677.278053388309,"Lot_Width":145.83271357417107,"Lot_Depth":243.02477641403675,"Shape_Length":777.71497997641563,"Shape_Area":35440.962610215189,"Split_Area_Floor":12000,"Split_Width_Floor":120}},{"type":"Feature","id":6869,"geometry":{"type":"Polygon","coordinates":[[[-106.45553608000097,31.84796110952162],[-106.45586100621138,31.847687966130128],[-106.45540207612954,31.847661406034526],[-106.45553608000097,31.84796110952162]]]},"properties":{"OBJECTID":6869,"PIDN":"G70699900101700","CITY_OWNED":" ","STATE_CD":"A1","LAND_ACRES":0.37009999999999998,"YR_BLT":"1971","City_Taxes":" ","District_Key(String)":"R-3","Min_Lot_Area(Double - SqFt)":6000,"Min_Lot_Width(Double - Feet)":60,"Min_Lot_Depth":90,"Front_Setback(Double - Feet)":20,"Rear_Setback(Double - Feet)":20,"Side_Setback(Double - Feet)":5,"Max_Density_Factor(Double - SqFt/Unit)":6000,"Current_Area":13284.06109340548,"Lot_Width":136.63752199709415,"Lot_Depth":141.76185557246208,"Shape_Length":556.79875513911247,"Shape_Area":19369.988659131173,"Split_Area_Floor":12000,"Split_Width_Floor":120}},{"type":"Feature","id":6871,"geometry":{"type":"Polygon","coordinates":[[[-106.46088247921985,31.847859829120541],[-106.46134661631538,31.847395009402362],[-106.46081212736253,31.847454145692513],[-106.46088247921985,31.847859829120541]]]},"properties":{"OBJECTID":6871,"PIDN":"M82099902001700","CITY_OWNED":" ","STATE_CD":"A1","LAND_ACRES":0.48330000000000001,"YR_BLT":"1961","City_Taxes":" ","District_Key(String)":"R-2","Min_Lot_Area(Double - SqFt)":10000,"Min_Lot_Width(Double - Feet)":80,"Min_Lot_Depth":110,"Front_Setback(Double - Feet)":25,"Rear_Setback(Double - Feet)":25,"Side_Setback(Double - Feet)":8,"Max_Density_Factor(Double - SqFt/Unit)":10000,"Current_Area":22599.944583414417,"Lot_Width":162.39403216540813,"Lot_Depth":166.90517799556255,"Shape_Length":658.59842032194138,"Shape_Area":27104.404843984554,"Split_Area_Floor":20000,"Split_Width_Floor":160}},{"type":"Feature","id":6875,"geometry":{"type":"Polygon","coordinates":[[[-106.46128690410701,31.847844894500181],[-106.46184562332884,31.847468148750494],[-106.46134661631538,31.847395009402362],[-106.46128690410701,31.847844894500181]]]},"properties":{"OBJECTID":6875,"PIDN":"M82099902001300","CITY_OWNED":" ","STATE_CD":"A1","LAND_ACRES":0.51080000000000003,"YR_BLT":"1962","City_Taxes":" ","District_Key(String)":"R-2","Min_Lot_Area(Double - SqFt)":10000,"Min_Lot_Width(Double - Feet)":80,"Min_Lot_Depth":110,"Front_Setback(Double - Feet)":25,"Rear_Setback(Double - Feet)":25,"Side_Setback(Double - Feet)":8,"Max_Density_Factor(Double - SqFt/Unit)":10000,"Current_Area":23062.212415352536,"Lot_Width":180.77949407696724,"Lot_Depth":181.02621275186539,"Shape_Length":723.61141365766525,"Shape_Area":32725.827155951662,"Split_Area_Floor":20000,"Split_Width_Floor":160}},{"type":"Feature","id":6876,"geometry":{"type":"Polygon","coordinates":[[[-106.45485409435091,31.848201627010244],[-106.45528120864732,31.848037775765906],[-106.45465487585221,31.847705571349728],[-106.45485409435091,31.848201627010244]]]},"properties":{"OBJECTID":6876,"PIDN":"G70699900101300","CITY_OWNED":" ","STATE_CD":"A1","LAND_ACRES":0.34410000000000002,"YR_BLT":"1971","City_Taxes":" ","District_Key(String)":"R-3","Min_Lot_Area(Double - SqFt)":6000,"Min_Lot_Width(Double - Feet)":60,"Min_Lot_Depth":90,"Front_Setback(Double - Feet)":20,"Rear_Setback(Double - Feet)":20,"Side_Setback(Double - Feet)":5,"Max_Density_Factor(Double - SqFt/Unit)":6000,"Current_Area":13476.990048216247,"Lot_Width":187.54982174932957,"Lot_Depth":189.03111799061298,"Shape_Length":753.1618794798851,"Shape_Area":35452.752484215947,"Split_Area_Floor":12000,"Split_Width_Floor":120}},{"type":"Feature","id":6877,"geometry":{"type":"Polygon","coordinates":[[[-106.4601132693203,31.847991821398328],[-106.46036354712894,31.84752228105565],[-106.45988739224536,31.847668961280299],[-106.4601132693203,31.847991821398328]]]},"properties":{"OBJECTID":6877,"PIDN":"M82099902002500","CITY_OWNED":" ","STATE_CD":"A1","LAND_ACRES":0.43919999999999998,"YR_BLT":"1962","City_Taxes":" ","District_Key(String)":"R-2","Min_Lot_Area(Double - SqFt)":10000,"Min_Lot_Width(Double - Feet)":80,"Min_Lot_Depth":110,"Front_Setback(Double - Feet)":25,"Rear_Setback(Double - Feet)":25,"Side_Setback(Double - Feet)":8,"Max_Density_Factor(Double - SqFt/Unit)":10000,"Current_Area":21117.111337688817,"Lot_Width":176.37136641144753,"Lot_Depth":190.22895024716854,"Shape_Length":733.20063331723213,"Shape_Area":33550.939886108383,"Split_Area_Floor":20000,"Split_Width_Floor":160}},{"type":"Feature","id":6880,"geometry":{"type":"Polygon","coordinates":[[[-106.46279216625378,31.847700889888728],[-106.46327390061253,31.847889332187304],[-106.46338590724973,31.847408017127048],[-106.46279216625378,31.847700889888728]]]},"properties":{"OBJECTID":6880,"PIDN":"M82099902002900","CITY_OWNED":" ","STATE_CD":"A1","LAND_ACRES":0.58599999999999997,"YR_BLT":"1963","City_Taxes":" ","District_Key(String)":"R-2","Min_Lot_Area(Double - SqFt)":10000,"Min_Lot_Width(Double - Feet)":80,"Min_Lot_Depth":110,"Front_Setback(Double - Feet)":25,"Rear_Setback(Double - Feet)":25,"Side_Setback(Double - Feet)":8,"Max_Density_Factor(Double - SqFt/Unit)":10000,"Current_Area":30238.746988174276,"Lot_Width":199.87689684331417,"Lot_Depth":263.63103441894054,"Shape_Length":927.01586252450943,"Shape_Area":52693.753071250787,"Split_Area_Floor":20000,"Split_Width_Floor":160}},{"type":"Feature","id":6881,"geometry":{"type":"Polygon","coordinates":[[[-106.46173466013303,31.847875113124452],[-106.46235060814074,31.847541311898485],[-106.46184562332884,31.847468148750494],[-106.46173466013303,31.847875113124452]]]},"properties":{"OBJECTID":6881,"PIDN":"M82099902000900","CITY_OWNED":" ","STATE_CD":"A1","LAND_ACRES":0.51080000000000003,"YR_BLT":"2008","City_Taxes":" ","District_Key(String)":"R-2","Min_Lot_Area(Double - SqFt)":10000,"Min_Lot_Width(Double - Feet)":80,"Min_Lot_Depth":110,"Front_Setback(Double - Feet)":25,"Rear_Setback(Double - Feet)":25,"Side_Setback(Double - Feet)":8,"Max_Density_Factor(Double - SqFt/Unit)":10000,"Current_Area":23471.426254833012,"Lot_Width":185.85067816078663,"Lot_Depth":197.66364666819572,"Shape_Length":767.02864965796471,"Shape_Area":36735.922781018286,"Split_Area_Floor":20000,"Split_Width_Floor":160}},{"type":"Feature","id":6883,"geometry":{"type":"Polygon","coordinates":[[[-106.42409111954046,31.849775328699835],[-106.42428140076852,31.849554340213274],[-106.42393050498113,31.849421807607492],[-106.42409111954046,31.849775328699835]]]},"properties":{"OBJECTID":6883,"PIDN":"M85199907906100","CITY_OWNED":" ","STATE_CD":"A1","LAND_ACRES":0.29999999999999999,"YR_BLT":"1955","City_Taxes":" ","District_Key(String)":"R-4","Min_Lot_Area(Double - SqFt)":6000,"Min_Lot_Width(Double - Feet)":50,"Min_Lot_Depth":90,"Front_Setback(Double - Feet)":10,"Rear_Setback(Double - Feet)":10,"Side_Setback(Double - Feet)":5,"Max_Density_Factor(Double - SqFt/Unit)":6000,"Current_Area":13045.764137042581,"Lot_Width":133.37571749091148,"Lot_Depth":137.19624790549278,"Shape_Length":541.14393079280853,"Shape_Area":18298.648001456062,"Split_Area_Floor":12000,"Split_Width_Floor":100}},{"type":"Feature","id":6887,"geometry":{"type":"Polygon","coordinates":[[[-106.4621833543672,31.847963901498623],[-106.46279216625378,31.847700889888728],[-106.46235060814074,31.847541311898485],[-106.4621833543672,31.847963901498623]]]},"properties":{"OBJECTID":6887,"PIDN":"M82099902000500","CITY_OWNED":" ","STATE_CD":"A1","LAND_ACRES":0.51080000000000003,"YR_BLT":"1962","City_Taxes":" ","District_Key(String)":"R-2","Min_Lot_Area(Double - SqFt)":10000,"Min_Lot_Width(Double - Feet)":80,"Min_Lot_Depth":110,"Front_Setback(Double - Feet)":25,"Rear_Setback(Double - Feet)":25,"Side_Setback(Double - Feet)":8,"Max_Density_Factor(Double - SqFt/Unit)":10000,"Current_Area":22209.294204359394,"Lot_Width":194.03307649493217,"Lot_Depth":203.74696783721447,"Shape_Length":795.56008866429329,"Shape_Area":39533.650995968717,"Split_Area_Floor":20000,"Split_Width_Floor":160}},{"type":"Feature","id":6897,"geometry":{"type":"Polygon","coordinates":[[[-106.46518306841627,31.848000312077083],[-106.46573201895383,31.847882535866436],[-106.46553420397267,31.847607967809285],[-106.46518306841627,31.848000312077083]]]},"properties":{"OBJECTID":6897,"PIDN":"M82099901808000","CITY_OWNED":" ","STATE_CD":"A1","LAND_ACRES":0.23580000000000001,"YR_BLT":"1966","City_Taxes":" ","District_Key(String)":"R-2","Min_Lot_Area(Double - SqFt)":10000,"Min_Lot_Width(Double - Feet)":80,"Min_Lot_Depth":110,"Front_Setback(Double - Feet)":25,"Rear_Setback(Double - Feet)":25,"Side_Setback(Double - Feet)":8,"Max_Density_Factor(Double - SqFt/Unit)":10000,"Current_Area":20179.192001045929,"Lot_Width":178.27359357476234,"Lot_Depth":210.63212466239929,"Shape_Length":777.81143647432327,"Shape_Area":37550.145785853245,"Split_Area_Floor":20000,"Split_Width_Floor":160}},{"type":"Feature","id":6899,"geometry":{"type":"Polygon","coordinates":[[[-106.42429756711834,31.850120854441798],[-106.42461274123754,31.85011275770395],[-106.42459968277011,31.849658029355382],[-106.42429756711834,31.850120854441798]]]},"properties":{"OBJECTID":6899,"PIDN":"S917999002G4900","CITY_OWNED":" ","STATE_CD":"A1","LAND_ACRES":0.3705,"YR_BLT":"1979","City_Taxes":" ","District_Key(String)":"R-4","Min_Lot_Area(Double - SqFt)":6000,"Min_Lot_Width(Double - Feet)":50,"Min_Lot_Depth":90,"Front_Setback(Double - Feet)":10,"Rear_Setback(Double - Feet)":10,"Side_Setback(Double - Feet)":5,"Max_Density_Factor(Double - SqFt/Unit)":6000,"Current_Area":16184.244898208442,"Lot_Width":102.88627716898918,"Lot_Depth":167.82020242512226,"Shape_Length":541.41295918822289,"Shape_Area":17266.395861266999,"Split_Area_Floor":12000,"Split_Width_Floor":100}},{"type":"Feature","id":6900,"geometry":{"type":"Polygon","coordinates":[[[-106.45584330055556,31.848599308731313],[-106.45631440827727,31.848447035593288],[-106.45592388582774,31.848282990195024],[-106.45584330055556,31.848599308731313]]]},"properties":{"OBJECTID":6900,"PIDN":"G70699900301300","CITY_OWNED":" ","STATE_CD":"A1","LAND_ACRES":0.30890000000000001,"YR_BLT":"1972","City_Taxes":" ","District_Key(String)":"R-3","Min_Lot_Area(Double - SqFt)":6000,"Min_Lot_Width(Double - Feet)":60,"Min_Lot_Depth":90,"Front_Setback(Double - Feet)":20,"Rear_Setback(Double - Feet)":20,"Side_Setback(Double - Feet)":5,"Max_Density_Factor(Double - SqFt/Unit)":6000,"Current_Area":13645.944309561502,"Lot_Width":141.19427141547203,"Lot_Depth":150.2825078368187,"Shape_Length":582.95355850458145,"Shape_Area":21219.02920050958,"Split_Area_Floor":12000,"Split_Width_Floor":120}},{"type":"Feature","id":6904,"geometry":{"type":"Polygon","coordinates":[[[-106.46182591572472,31.848458922689588],[-106.46197063519246,31.848050759498253],[-106.46137807610741,31.847984521398285],[-106.46182591572472,31.848458922689588]]]},"properties":{"OBJECTID":6904,"PIDN":"M82099901702200","CITY_OWNED":" ","STATE_CD":"A1","LAND_ACRES":0.57550000000000001,"YR_BLT":"1965","City_Taxes":" ","District_Key(String)":"R-2","Min_Lot_Area(Double - SqFt)":10000,"Min_Lot_Width(Double - Feet)":80,"Min_Lot_Depth":110,"Front_Setback(Double - Feet)":25,"Rear_Setback(Double - Feet)":25,"Side_Setback(Double - Feet)":8,"Max_Density_Factor(Double - SqFt/Unit)":10000,"Current_Area":26292.662057197653,"Lot_Width":183.86774249374866,"Lot_Depth":195.5954093337059,"Shape_Length":758.92630365490913,"Shape_Area":35963.686356329199,"Split_Area_Floor":20000,"Split_Width_Floor":160}},{"type":"Feature","id":6914,"geometry":{"type":"Polygon","coordinates":[[[-106.46319164625433,31.848345431829472],[-106.46384986074837,31.848115304961983],[-106.4633674534787,31.847934728221812],[-106.46319164625433,31.848345431829472]]]},"properties":{"OBJECTID":6914,"PIDN":"M82099901900100","CITY_OWNED":" ","STATE_CD":"A1","LAND_ACRES":0.51649999999999996,"YR_BLT":"1960","City_Taxes":" ","District_Key(String)":"R-2","Min_Lot_Area(Double - SqFt)":10000,"Min_Lot_Width(Double - Feet)":80,"Min_Lot_Depth":110,"Front_Setback(Double - Feet)":25,"Rear_Setback(Double - Feet)":25,"Side_Setback(Double - Feet)":8,"Max_Density_Factor(Double - SqFt/Unit)":10000,"Current_Area":26231.094376144938,"Lot_Width":212.56387932598591,"Lot_Depth":217.76498441398144,"Shape_Length":860.65772747993469,"Shape_Area":46288.969868398752,"Split_Area_Floor":20000,"Split_Width_Floor":160}},{"type":"Feature","id":6917,"geometry":{"type":"Polygon","coordinates":[[[-106.46007868266736,31.848595778529656],[-106.46053291406088,31.848562513732681],[-106.46023760499943,31.848140255492236],[-106.46007868266736,31.848595778529656]]]},"properties":{"OBJECTID":6917,"PIDN":"M82099901703100","CITY_OWNED":" ","STATE_CD":"A1","LAND_ACRES":0.51619999999999999,"YR_BLT":"1971","City_Taxes":" ","District_Key(String)":"R-2","Min_Lot_Area(Double - SqFt)":10000,"Min_Lot_Width(Double - Feet)":80,"Min_Lot_Depth":110,"Front_Setback(Double - Feet)":25,"Rear_Setback(Double - Feet)":25,"Side_Setback(Double - Feet)":8,"Max_Density_Factor(Double - SqFt/Unit)":10000,"Current_Area":22692.227776462722,"Lot_Width":201.37000407278538,"Lot_Depth":219.83453407883644,"Shape_Length":842.40907630324364,"Shape_Area":44268.081022794169,"Split_Area_Floor":20000,"Split_Width_Floor":160}},{"type":"Feature","id":6918,"geometry":{"type":"Polygon","coordinates":[[[-106.43408602608689,31.849947210141472],[-106.43439373290762,31.849942371402964],[-106.43437856841484,31.849538594733691],[-106.43408602608689,31.849947210141472]]]},"properties":{"OBJECTID":6918,"PIDN":"S917999002J2200","CITY_OWNED":" ","STATE_CD":"A1","LAND_ACRES":0.30420000000000003,"YR_BLT":"2017","City_Taxes":" ","District_Key(String)":"A-M","Min_Lot_Area(Double - SqFt)":4500,"Min_Lot_Width(Double - Feet)":45,"Min_Lot_Depth":90,"Front_Setback(Double - Feet)":10,"Rear_Setback(Double - Feet)":10,"Side_Setback(Double - Feet)":5,"Max_Density_Factor(Double - SqFt/Unit)":4500,"Current_Area":14007.262758740339,"Lot_Width":98.85150833427906,"Lot_Depth":149.61026509106159,"Shape_Length":496.9235468506813,"Shape_Area":14789.200366542775,"Split_Area_Floor":9000,"Split_Width_Floor":90}},{"type":"Feature","id":6919,"geometry":{"type":"Polygon","coordinates":[[[-106.43439373290762,31.849942371402964],[-106.434882984651,31.84932719370666],[-106.43437011874137,31.849335130281066],[-106.43439373290762,31.849942371402964]]]},"properties":{"OBJECTID":6919,"PIDN":"S917999002J2800","CITY_OWNED":" ","STATE_CD":"A1","LAND_ACRES":0.79700000000000004,"YR_BLT":"1979","City_Taxes":" ","District_Key(String)":"A-M","Min_Lot_Area(Double - SqFt)":4500,"Min_Lot_Width(Double - Feet)":45,"Min_Lot_Depth":90,"Front_Setback(Double - Feet)":10,"Rear_Setback(Double - Feet)":10,"Side_Setback(Double - Feet)":5,"Max_Density_Factor(Double - SqFt/Unit)":4500,"Current_Area":34824.50252647874,"Lot_Width":163.96161434054375,"Lot_Depth":225.29876199364662,"Shape_Length":778.52075266838074,"Shape_Area":36940.348725404241,"Split_Area_Floor":9000,"Split_Width_Floor":90}},{"type":"Feature","id":6926,"geometry":{"type":"Polygon","coordinates":[[[-106.46363075802175,31.84852184278845],[-106.46432460978569,31.848303999309177],[-106.46385006235499,31.848114920631513],[-106.46363075802175,31.84852184278845]]]},"properties":{"OBJECTID":6926,"PIDN":"M82099901900625","CITY_OWNED":" ","STATE_CD":"A1","LAND_ACRES":0.51649999999999996,"YR_BLT":"1959","City_Taxes":" ","District_Key(String)":"R-2","Min_Lot_Area(Double - SqFt)":10000,"Min_Lot_Width(Double - Feet)":80,"Min_Lot_Depth":110,"Front_Setback(Double - Feet)":25,"Rear_Setback(Double - Feet)":25,"Side_Setback(Double - Feet)":8,"Max_Density_Factor(Double - SqFt/Unit)":10000,"Current_Area":26105.775662069016,"Lot_Width":217.95330426096916,"Lot_Depth":219.49463975429535,"Shape_Length":874.89588803052902,"Shape_Area":47839.58200201975,"Split_Area_Floor":20000,"Split_Width_Floor":160}},{"type":"Feature","id":6935,"geometry":{"type":"Polygon","coordinates":[[[-106.45963110429284,31.848747279871354],[-106.46019256473123,31.849000915585023],[-106.46053291406088,31.848562513732681],[-106.45963110429284,31.848747279871354]]]},"properties":{"OBJECTID":6935,"PIDN":"M82099901703400","CITY_OWNED":" ","STATE_CD":"A1","LAND_ACRES":0.66449999999999998,"YR_BLT":"1981","City_Taxes":" ","District_Key(String)":"R-2","Min_Lot_Area(Double - SqFt)":10000,"Min_Lot_Width(Double - Feet)":80,"Min_Lot_Depth":110,"Front_Setback(Double - Feet)":25,"Rear_Setback(Double - Feet)":25,"Side_Setback(Double - Feet)":8,"Max_Density_Factor(Double - SqFt/Unit)":10000,"Current_Area":24729.626833605318,"Lot_Width":204.0307599157095,"Lot_Depth":283.30684807896614,"Shape_Length":974.67521598935127,"Shape_Area":57803.311502875928,"Split_Area_Floor":20000,"Split_Width_Floor":160}},{"type":"Feature","id":6936,"geometry":{"type":"Polygon","coordinates":[[[-106.46555126615127,31.848437324227767],[-106.4661920943106,31.848502062866316],[-106.4659287887041,31.848192164505473],[-106.46555126615127,31.848437324227767]]]},"properties":{"OBJECTID":6936,"PIDN":"M82099901806500","CITY_OWNED":" ","STATE_CD":"A1","LAND_ACRES":0.60260000000000002,"YR_BLT":"1957","City_Taxes":" ","District_Key(String)":"R-2","Min_Lot_Area(Double - SqFt)":10000,"Min_Lot_Width(Double - Feet)":80,"Min_Lot_Depth":110,"Front_Setback(Double - Feet)":25,"Rear_Setback(Double - Feet)":25,"Side_Setback(Double - Feet)":8,"Max_Density_Factor(Double - SqFt/Unit)":10000,"Current_Area":20298.458277181991,"Lot_Width":197.2574795037508,"Lot_Depth":197.39133749902248,"Shape_Length":789.29763400554657,"Shape_Area":38936.917710931382,"Split_Area_Floor":20000,"Split_Width_Floor":160}},{"type":"Feature","id":6939,"geometry":{"type":"Polygon","coordinates":[[[-106.46409774513248,31.848703288425327],[-106.46451101564365,31.8488638660045],[-106.46473026001651,31.84845920406611],[-106.46409774513248,31.848703288425327]]]},"properties":{"OBJECTID":6939,"PIDN":"M82099901901100","CITY_OWNED":" ","STATE_CD":"A1","LAND_ACRES":0.51649999999999996,"YR_BLT":"1959","City_Taxes":" ","District_Key(String)":"R-2","Min_Lot_Area(Double - SqFt)":10000,"Min_Lot_Width(Double - Feet)":80,"Min_Lot_Depth":110,"Front_Setback(Double - Feet)":25,"Rear_Setback(Double - Feet)":25,"Side_Setback(Double - Feet)":8,"Max_Density_Factor(Double - SqFt/Unit)":10000,"Current_Area":22519.567397214843,"Lot_Width":201.00287882983685,"Lot_Depth":206.55273649096489,"Shape_Length":815.11123064160347,"Shape_Area":41517.694664864634,"Split_Area_Floor":20000,"Split_Width_Floor":160}},{"type":"Feature","id":6947,"geometry":{"type":"Polygon","coordinates":[[[-106.46285419495612,31.848776085264479],[-106.46354336466496,31.848611310453503],[-106.46303472726643,31.848413577910801],[-106.46285419495612,31.848776085264479]]]},"properties":{"OBJECTID":6947,"PIDN":"M82099901701300","CITY_OWNED":" ","STATE_CD":"A1","LAND_ACRES":0.60260000000000002,"YR_BLT":"1960","City_Taxes":" ","District_Key(String)":"R-2","Min_Lot_Area(Double - SqFt)":10000,"Min_Lot_Width(Double - Feet)":80,"Min_Lot_Depth":110,"Front_Setback(Double - Feet)":25,"Rear_Setback(Double - Feet)":25,"Side_Setback(Double - Feet)":8,"Max_Density_Factor(Double - SqFt/Unit)":10000,"Current_Area":24716.8107312299,"Lot_Width":209.57241550087929,"Lot_Depth":216.97856867313385,"Shape_Length":853.10196834802628,"Shape_Area":45472.722748752079,"Split_Area_Floor":20000,"Split_Width_Floor":160}},{"type":"Feature","id":6952,"geometry":{"type":"Polygon","coordinates":[[[-106.46508650484719,31.84896712058184],[-106.46564820160809,31.848730974453591],[-106.46535993761762,31.848366801795009],[-106.46508650484719,31.84896712058184]]]},"properties":{"OBJECTID":6952,"PIDN":"M82099901902100","CITY_OWNED":" ","STATE_CD":"A1","LAND_ACRES":0.496,"YR_BLT":"1960","City_Taxes":" ","District_Key(String)":"R-2","Min_Lot_Area(Double - SqFt)":10000,"Min_Lot_Width(Double - Feet)":80,"Min_Lot_Depth":110,"Front_Setback(Double - Feet)":25,"Rear_Setback(Double - Feet)":25,"Side_Setback(Double - Feet)":8,"Max_Density_Factor(Double - SqFt/Unit)":10000,"Current_Area":26100.213221368995,"Lot_Width":189.55572324991226,"Lot_Depth":213.37982258200645,"Shape_Length":805.87109166383743,"Shape_Area":40447.366596470194,"Split_Area_Floor":20000,"Split_Width_Floor":160}},{"type":"Feature","id":6953,"geometry":{"type":"Polygon","coordinates":[[[-106.46470493797844,31.848941230470086],[-106.46508650484719,31.84896712058184],[-106.46473026001651,31.84845920406611],[-106.46470493797844,31.848941230470086]]]},"properties":{"OBJECTID":6953,"PIDN":"M82099901901600","CITY_OWNED":" ","STATE_CD":"A1","LAND_ACRES":0.49819999999999998,"YR_BLT":"1960","City_Taxes":" ","District_Key(String)":"R-2","Min_Lot_Area(Double - SqFt)":10000,"Min_Lot_Width(Double - Feet)":80,"Min_Lot_Depth":110,"Front_Setback(Double - Feet)":25,"Rear_Setback(Double - Feet)":25,"Side_Setback(Double - Feet)":8,"Max_Density_Factor(Double - SqFt/Unit)":10000,"Current_Area":22571.916418510358,"Lot_Width":176.36053965985775,"Lot_Depth":191.45991891622543,"Shape_Length":735.64091715216637,"Shape_Area":33765.974623298127,"Split_Area_Floor":20000,"Split_Width_Floor":160}},{"type":"Feature","id":6957,"geometry":{"type":"Polygon","coordinates":[[[-106.42389587442798,31.850913545927273],[-106.42431419124323,31.850861459418347],[-106.42431197786772,31.850616553736074],[-106.42389587442798,31.850913545927273]]]},"properties":{"OBJECTID":6957,"PIDN":"M85199907804300","CITY_OWNED":" ","STATE_CD":"A1","LAND_ACRES":0.28839999999999999,"YR_BLT":"1955","City_Taxes":" ","District_Key(String)":"A-2","Min_Lot_Area(Double - SqFt)":3500,"Min_Lot_Width(Double - Feet)":35,"Min_Lot_Depth":90,"Front_Setback(Double - Feet)":10,"Rear_Setback(Double - Feet)":15,"Side_Setback(Double - Feet)":5,"Max_Density_Factor(Double - SqFt/Unit)":3500,"Current_Area":12601.667143288762,"Lot_Width":129.62933391332626,"Lot_Depth":134.92525507509708,"Shape_Length":529.10917797684669,"Shape_Area":17490.270943470478,"Split_Area_Floor":7000,"Split_Width_Floor":70}},{"type":"Feature","id":6959,"geometry":{"type":"Polygon","coordinates":[[[-106.46338333175903,31.84899911812521],[-106.464065114421,31.848810147886066],[-106.46354336466496,31.848611310453503],[-106.46338333175903,31.84899911812521]]]},"properties":{"OBJECTID":6959,"PIDN":"M82099901701000","CITY_OWNED":" ","STATE_CD":"A1","LAND_ACRES":0.60260000000000002,"YR_BLT":"1964","City_Taxes":" ","District_Key(String)":"R-2","Min_Lot_Area(Double - SqFt)":10000,"Min_Lot_Width(Double - Feet)":80,"Min_Lot_Depth":110,"Front_Setback(Double - Feet)":25,"Rear_Setback(Double - Feet)":25,"Side_Setback(Double - Feet)":8,"Max_Density_Factor(Double - SqFt/Unit)":10000,"Current_Area":26392.469084407159,"Lot_Width":213.64622624218464,"Lot_Depth":229.11994858086109,"Shape_Length":885.53234964609146,"Shape_Area":48950.612371104362,"Split_Area_Floor":20000,"Split_Width_Floor":160}},{"type":"Feature","id":6962,"geometry":{"type":"Polygon","coordinates":[[[-106.42654822009717,31.851006281526288],[-106.42708222694638,31.850996805046776],[-106.42707457548582,31.850715078879599],[-106.42654822009717,31.851006281526288]]]},"properties":{"OBJECTID":6962,"PIDN":"S917999002G0400","CITY_OWNED":" ","STATE_CD":"A1","LAND_ACRES":0.38109999999999999,"YR_BLT":"1954","City_Taxes":" ","District_Key(String)":"R-4","Min_Lot_Area(Double - SqFt)":6000,"Min_Lot_Width(Double - Feet)":50,"Min_Lot_Depth":90,"Front_Setback(Double - Feet)":10,"Rear_Setback(Double - Feet)":10,"Side_Setback(Double - Feet)":5,"Max_Density_Factor(Double - SqFt/Unit)":6000,"Current_Area":16887.458539805633,"Lot_Width":106.3810208439827,"Lot_Depth":168.99572499096394,"Shape_Length":550.75349166989326,"Shape_Area":17977.937742807702,"Split_Area_Floor":12000,"Split_Width_Floor":100}},{"type":"Feature","id":6964,"geometry":{"type":"Polygon","coordinates":[[[-106.42708222694638,31.850996805046776],[-106.42745983681168,31.850232048657912],[-106.42705282489251,31.850237502355373],[-106.42708222694638,31.850996805046776]]]},"properties":{"OBJECTID":6964,"PIDN":"S917999002F8200","CITY_OWNED":" ","STATE_CD":"A1","LAND_ACRES":0.79710000000000003,"YR_BLT":"1944","City_Taxes":" ","District_Key(String)":"R-4","Min_Lot_Area(Double - SqFt)":6000,"Min_Lot_Width(Double - Feet)":50,"Min_Lot_Depth":90,"Front_Setback(Double - Feet)":10,"Rear_Setback(Double - Feet)":10,"Side_Setback(Double - Feet)":5,"Max_Density_Factor(Double - SqFt/Unit)":6000,"Current_Area":34748.228642092196,"Lot_Width":132.31075900793076,"Lot_Depth":280.47712934017181,"Shape_Length":825.57577669620514,"Shape_Area":37110.141867363694,"Split_Area_Floor":12000,"Split_Width_Floor":100}},{"type":"Feature","id":6966,"geometry":{"type":"Polygon","coordinates":[[[-106.4279952796897,31.85097230922019],[-106.42848870581194,31.850210737254343],[-106.42797630452891,31.85022095603011],[-106.4279952796897,31.85097230922019]]]},"properties":{"OBJECTID":6966,"PIDN":"S917999002F6700","CITY_OWNED":" ","STATE_CD":"A1","LAND_ACRES":0.99980000000000002,"YR_BLT":"1999","City_Taxes":" ","District_Key(String)":"R-4","Min_Lot_Area(Double - SqFt)":6000,"Min_Lot_Width(Double - Feet)":50,"Min_Lot_Depth":90,"Front_Setback(Double - Feet)":10,"Rear_Setback(Double - Feet)":10,"Side_Setback(Double - Feet)":5,"Max_Density_Factor(Double - SqFt/Unit)":6000,"Current_Area":43576.925701039319,"Lot_Width":168.15845632553101,"Lot_Depth":278.51158207654953,"Shape_Length":893.34007680416107,"Shape_Area":46834.077710774,"Split_Area_Floor":12000,"Split_Width_Floor":100}},{"type":"Feature","id":6971,"geometry":{"type":"Polygon","coordinates":[[[-106.45940949559569,31.849275208192278],[-106.45991167376059,31.849535549169314],[-106.46011267079022,31.849194586367581],[-106.45940949559569,31.849275208192278]]]},"properties":{"OBJECTID":6971,"PIDN":"M82099901704000","CITY_OWNED":" ","STATE_CD":"A1","LAND_ACRES":0.53220000000000001,"YR_BLT":"1978","City_Taxes":" ","District_Key(String)":"R-2","Min_Lot_Area(Double - SqFt)":10000,"Min_Lot_Width(Double - Feet)":80,"Min_Lot_Depth":110,"Front_Setback(Double - Feet)":25,"Rear_Setback(Double - Feet)":25,"Side_Setback(Double - Feet)":8,"Max_Density_Factor(Double - SqFt/Unit)":10000,"Current_Area":22618.694020452782,"Lot_Width":201.3926418274641,"Lot_Depth":219.63309091329575,"Shape_Length":842.0514654815197,"Shape_Area":44232.488411760234,"Split_Area_Floor":20000,"Split_Width_Floor":160}},{"type":"Feature","id":6972,"geometry":{"type":"Polygon","coordinates":[[[-106.42977560116557,31.850945511377457],[-106.43000129031985,31.850204673403578],[-106.4289869212016,31.850203907409018],[-106.42977560116557,31.850945511377457]]]},"properties":{"OBJECTID":6972,"PIDN":"S917999002F4600","CITY_OWNED":" ","STATE_CD":"A1","LAND_ACRES":1.9997,"YR_BLT":"1950","City_Taxes":" ","District_Key(String)":"A-2","Min_Lot_Area(Double - SqFt)":3500,"Min_Lot_Width(Double - Feet)":35,"Min_Lot_Depth":90,"Front_Setback(Double - Feet)":10,"Rear_Setback(Double - Feet)":15,"Side_Setback(Double - Feet)":5,"Max_Density_Factor(Double - SqFt/Unit)":3500,"Current_Area":86924.252170542197,"Lot_Width":284.54175375401974,"Lot_Depth":325.35564850270748,"Shape_Length":1219.7948045134544,"Shape_Area":92577.266818736796,"Split_Area_Floor":7000,"Split_Width_Floor":70}},{"type":"Feature","id":6973,"geometry":{"type":"Polygon","coordinates":[[[-106.42397716940418,31.85108246878049],[-106.42431966762658,31.851220014204337],[-106.42431419124323,31.850861459418347],[-106.42397716940418,31.85108246878049]]]},"properties":{"OBJECTID":6973,"PIDN":"M85199907804000","CITY_OWNED":" ","STATE_CD":"A1","LAND_ACRES":0.2059,"YR_BLT":"1955","City_Taxes":" ","District_Key(String)":"A-2","Min_Lot_Area(Double - SqFt)":3500,"Min_Lot_Width(Double - Feet)":35,"Min_Lot_Depth":90,"Front_Setback(Double - Feet)":10,"Rear_Setback(Double - Feet)":15,"Side_Setback(Double - Feet)":5,"Max_Density_Factor(Double - SqFt/Unit)":3500,"Current_Area":8790.6766372728252,"Lot_Width":108.89315491914749,"Lot_Depth":130.33602541685104,"Shape_Length":478.45836067199707,"Shape_Area":14192.701007263106,"Split_Area_Floor":7000,"Split_Width_Floor":70}},{"type":"Feature","id":6974,"geometry":{"type":"Polygon","coordinates":[[[-106.43021806158767,31.850941252487491],[-106.43072018136444,31.850935457200237],[-106.43071046403998,31.850655079327044],[-106.43021806158767,31.850941252487491]]]},"properties":{"OBJECTID":6974,"PIDN":"S917999002F2600","CITY_OWNED":" ","STATE_CD":"A1","LAND_ACRES":0.36230000000000001,"YR_BLT":"2006","City_Taxes":" ","District_Key(String)":"R-4","Min_Lot_Area(Double - SqFt)":6000,"Min_Lot_Width(Double - Feet)":50,"Min_Lot_Depth":90,"Front_Setback(Double - Feet)":10,"Rear_Setback(Double - Feet)":10,"Side_Setback(Double - Feet)":5,"Max_Density_Factor(Double - SqFt/Unit)":6000,"Current_Area":15898.904328317682,"Lot_Width":107.29834182560444,"Lot_Depth":158.41274091601372,"Shape_Length":531.42216548323631,"Shape_Area":16997.424424337354,"Split_Area_Floor":12000,"Split_Width_Floor":100}},{"type":"Feature","id":6978,"geometry":{"type":"Polygon","coordinates":[[[-106.43122151213184,31.850925206188208],[-106.4314843867803,31.850920345371854],[-106.43146573138925,31.85015920370806],[-106.43122151213184,31.850925206188208]]]},"properties":{"OBJECTID":6978,"PIDN":"S917999002F0700","CITY_OWNED":" ","STATE_CD":"A1","LAND_ACRES":0.49990000000000001,"YR_BLT":"1936","City_Taxes":" ","District_Key(String)":"A-2","Min_Lot_Area(Double - SqFt)":3500,"Min_Lot_Width(Double - Feet)":35,"Min_Lot_Depth":90,"Front_Setback(Double - Feet)":10,"Rear_Setback(Double - Feet)":15,"Side_Setback(Double - Feet)":5,"Max_Density_Factor(Double - SqFt/Unit)":3500,"Current_Area":22084.322203454154,"Lot_Width":90.988007009029388,"Lot_Depth":279.60639616847038,"Shape_Length":741.18880635499954,"Shape_Area":25440.828734346233,"Split_Area_Floor":7000,"Split_Width_Floor":70}},{"type":"Feature","id":6979,"geometry":{"type":"Polygon","coordinates":[[[-106.4314843867803,31.850920345371854],[-106.43173353150677,31.850916683508991],[-106.43172010389571,31.850470061736925],[-106.4314843867803,31.850920345371854]]]},"properties":{"OBJECTID":6979,"PIDN":"S917999002F0400","CITY_OWNED":" ","STATE_CD":"A1","LAND_ACRES":0.28260000000000002,"YR_BLT":"NULL","City_Taxes":" ","District_Key(String)":"A-2","Min_Lot_Area(Double - SqFt)":3500,"Min_Lot_Width(Double - Feet)":35,"Min_Lot_Depth":90,"Front_Setback(Double - Feet)":10,"Rear_Setback(Double - Feet)":15,"Side_Setback(Double - Feet)":5,"Max_Density_Factor(Double - SqFt/Unit)":3500,"Current_Area":12535.69899989136,"Lot_Width":82.059219092130661,"Lot_Depth":165.34973491728306,"Shape_Length":494.81790801882744,"Shape_Area":13568.470124403058,"Split_Area_Floor":7000,"Split_Width_Floor":70}},{"type":"Feature","id":6980,"geometry":{"type":"Polygon","coordinates":[[[-106.43250192317137,31.850901523160513],[-106.43256229436589,31.850141789486457],[-106.43223128417443,31.850147055251075],[-106.43250192317137,31.850901523160513]]]},"properties":{"OBJECTID":6980,"PIDN":"S917999002E8200","CITY_OWNED":" ","STATE_CD":"A1","LAND_ACRES":0.65129999999999999,"YR_BLT":"1971","City_Taxes":" ","District_Key(String)":"A-2","Min_Lot_Area(Double - SqFt)":3500,"Min_Lot_Width(Double - Feet)":35,"Min_Lot_Depth":90,"Front_Setback(Double - Feet)":10,"Rear_Setback(Double - Feet)":15,"Side_Setback(Double - Feet)":5,"Max_Density_Factor(Double - SqFt/Unit)":3500,"Current_Area":28379.933049774434,"Lot_Width":110.82228492200375,"Lot_Depth":279.51551708579063,"Shape_Length":780.67560401558876,"Shape_Area":30976.548274602697,"Split_Area_Floor":7000,"Split_Width_Floor":70}},{"type":"Feature","id":6982,"geometry":{"type":"Polygon","coordinates":[[[-106.43275663987501,31.850898118560423],[-106.43319351281353,31.850614460306939],[-106.43274585280517,31.850625520314331],[-106.43275663987501,31.850898118560423]]]},"properties":{"OBJECTID":6982,"PIDN":"S917999002E7600","CITY_OWNED":" ","STATE_CD":"A1","LAND_ACRES":0.29099999999999998,"YR_BLT":"1999","City_Taxes":" ","District_Key(String)":"R-4","Min_Lot_Area(Double - SqFt)":6000,"Min_Lot_Width(Double - Feet)":50,"Min_Lot_Depth":90,"Front_Setback(Double - Feet)":10,"Rear_Setback(Double - Feet)":10,"Side_Setback(Double - Feet)":5,"Max_Density_Factor(Double - SqFt/Unit)":6000,"Current_Area":13720.298537951465,"Lot_Width":102.09461207687855,"Lot_Depth":141.10700124502182,"Shape_Length":486.40322664380074,"Shape_Area":14406.264553442121,"Split_Area_Floor":12000,"Split_Width_Floor":100}},{"type":"Feature","id":6985,"geometry":{"type":"Polygon","coordinates":[[[-106.43466038577914,31.850861251839341],[-106.4348994608841,31.85009909188669],[-106.43441361309411,31.850106830729672],[-106.43466038577914,31.850861251839341]]]},"properties":{"OBJECTID":6985,"PIDN":"S917999002E5500","CITY_OWNED":" ","STATE_CD":"A1","LAND_ACRES":0.99980000000000002,"YR_BLT":"1930","City_Taxes":" ","District_Key(String)":"A-M","Min_Lot_Area(Double - SqFt)":4500,"Min_Lot_Width(Double - Feet)":45,"Min_Lot_Depth":90,"Front_Setback(Double - Feet)":10,"Rear_Setback(Double - Feet)":10,"Side_Setback(Double - Feet)":5,"Max_Density_Factor(Double - SqFt/Unit)":4500,"Current_Area":41749.649097508147,"Lot_Width":163.15321700274944,"Lot_Depth":279.39642283320427,"Shape_Length":885.09927967190742,"Shape_Area":45584.425204297717,"Split_Area_Floor":9000,"Split_Width_Floor":90}},{"type":"Feature","id":6986,"geometry":{"type":"Polygon","coordinates":[[[-106.4653849342305,31.849008516434282],[-106.46558788888052,31.849419967975216],[-106.46599207228562,31.849110430882156],[-106.4653849342305,31.849008516434282]]]},"properties":{"OBJECTID":6986,"PIDN":"M82099901608900","CITY_OWNED":" ","STATE_CD":"A1","LAND_ACRES":0.52339999999999998,"YR_BLT":"1957","City_Taxes":" ","District_Key(String)":"R-2","Min_Lot_Area(Double - SqFt)":10000,"Min_Lot_Width(Double - Feet)":80,"Min_Lot_Depth":110,"Front_Setback(Double - Feet)":25,"Rear_Setback(Double - Feet)":25,"Side_Setback(Double - Feet)":8,"Max_Density_Factor(Double - SqFt/Unit)":10000,"Current_Area":21144.811113247051,"Lot_Width":186.1994307488203,"Lot_Depth":206.91658091545105,"Shape_Length":786.23202332854271,"Shape_Area":38527.749578949202,"Split_Area_Floor":20000,"Split_Width_Floor":160}},{"type":"Feature","id":6988,"geometry":{"type":"Polygon","coordinates":[[[-106.46437261281059,31.849414352665622],[-106.4649033251973,31.849493359879936],[-106.46493077888618,31.849084200806889],[-106.46437261281059,31.849414352665622]]]},"properties":{"OBJECTID":6988,"PIDN":"M82099901700400","CITY_OWNED":" ","STATE_CD":"A1","LAND_ACRES":0.50349999999999995,"YR_BLT":"1960","City_Taxes":" ","District_Key(String)":"R-2","Min_Lot_Area(Double - SqFt)":10000,"Min_Lot_Width(Double - Feet)":80,"Min_Lot_Depth":110,"Front_Setback(Double - Feet)":25,"Rear_Setback(Double - Feet)":25,"Side_Setback(Double - Feet)":8,"Max_Density_Factor(Double - SqFt/Unit)":10000,"Current_Area":24461.753296527761,"Lot_Width":187.48223657906055,"Lot_Depth":204.02747908234596,"Shape_Length":783.01943132281303,"Shape_Area":38251.528101945718,"Split_Area_Floor":20000,"Split_Width_Floor":160}},{"type":"Feature","id":6992,"geometry":{"type":"Polygon","coordinates":[[[-106.45925343511755,31.84942367484469],[-106.45961656062235,31.849811161109173],[-106.45996443997807,31.849690968760964],[-106.45925343511755,31.84942367484469]]]},"properties":{"OBJECTID":6992,"PIDN":"M82099901704300","CITY_OWNED":" ","STATE_CD":"A1","LAND_ACRES":0.4738,"YR_BLT":"1971","City_Taxes":" ","District_Key(String)":"R-2","Min_Lot_Area(Double - SqFt)":10000,"Min_Lot_Width(Double - Feet)":80,"Min_Lot_Depth":110,"Front_Setback(Double - Feet)":25,"Rear_Setback(Double - Feet)":25,"Side_Setback(Double - Feet)":8,"Max_Density_Factor(Double - SqFt/Unit)":10000,"Current_Area":21679.441932574075,"Lot_Width":198.21745133399963,"Lot_Depth":215.0930737555027,"Shape_Length":826.62105017900467,"Shape_Area":42635.20087941175,"Split_Area_Floor":20000,"Split_Width_Floor":160}},{"type":"Feature","id":7005,"geometry":{"type":"Polygon","coordinates":[[[-106.46558788888052,31.849419967975216],[-106.46631124348056,31.849439278181087],[-106.46599207228562,31.849110430882156],[-106.46558788888052,31.849419967975216]]]},"properties":{"OBJECTID":7005,"PIDN":"M82099901607800","CITY_OWNED":" ","STATE_CD":"A1","LAND_ACRES":0.4632,"YR_BLT":"1957","City_Taxes":" ","District_Key(String)":"R-2","Min_Lot_Area(Double - SqFt)":10000,"Min_Lot_Width(Double - Feet)":80,"Min_Lot_Depth":110,"Front_Setback(Double - Feet)":25,"Rear_Setback(Double - Feet)":25,"Side_Setback(Double - Feet)":8,"Max_Density_Factor(Double - SqFt/Unit)":10000,"Current_Area":25870.424129713134,"Lot_Width":223.88701941072941,"Lot_Depth":227.45689417421818,"Shape_Length":902.68782716989517,"Shape_Area":50924.646081087412,"Split_Area_Floor":20000,"Split_Width_Floor":160}},{"type":"Feature","id":7012,"geometry":{"type":"Polygon","coordinates":[[[-106.42802687903966,31.851739552008631],[-106.42850665644902,31.85096286379947],[-106.4279952796897,31.85097230922019],[-106.42802687903966,31.851739552008631]]]},"properties":{"OBJECTID":7012,"PIDN":"S917999002F7000","CITY_OWNED":" ","STATE_CD":"A1","LAND_ACRES":0.99980000000000002,"YR_BLT":"1943","City_Taxes":"1179.70","District_Key(String)":"R-4","Min_Lot_Area(Double - SqFt)":6000,"Min_Lot_Width(Double - Feet)":50,"Min_Lot_Depth":90,"Front_Setback(Double - Feet)":10,"Rear_Setback(Double - Feet)":10,"Side_Setback(Double - Feet)":5,"Max_Density_Factor(Double - SqFt/Unit)":6000,"Current_Area":43826.973965244964,"Lot_Width":164.22670565545559,"Lot_Depth":282.79306957125664,"Shape_Length":894.03955045342445,"Shape_Area":46442.174197881541,"Split_Area_Floor":12000,"Split_Width_Floor":100}},{"type":"Feature","id":7019,"geometry":{"type":"Polygon","coordinates":[[[-106.46352736860364,31.850404475402971],[-106.46401419596478,31.850542760058204],[-106.4641146724678,31.849790525553068],[-106.46352736860364,31.850404475402971]]]},"properties":{"OBJECTID":7019,"PIDN":"M82099901109700","CITY_OWNED":" ","STATE_CD":"A1","LAND_ACRES":0.52859999999999996,"YR_BLT":"1959","City_Taxes":"3719.30","District_Key(String)":"R-2","Min_Lot_Area(Double - SqFt)":10000,"Min_Lot_Width(Double - Feet)":80,"Min_Lot_Depth":110,"Front_Setback(Double - Feet)":25,"Rear_Setback(Double - Feet)":25,"Side_Setback(Double - Feet)":8,"Max_Density_Factor(Double - SqFt/Unit)":10000,"Current_Area":32489.444711994187,"Lot_Width":207.51828575134277,"Lot_Depth":271.52078241109848,"Shape_Length":958.07813632488251,"Shape_Area":56345.527311814498,"Split_Area_Floor":20000,"Split_Width_Floor":160}},{"type":"Feature","id":7028,"geometry":{"type":"Polygon","coordinates":[[[-106.46245898206929,31.851014581873706],[-106.46280064573473,31.85067813118911],[-106.46228598568224,31.850538263795858],[-106.46245898206929,31.851014581873706]]]},"properties":{"OBJECTID":7028,"PIDN":"M82099900703300","CITY_OWNED":" ","STATE_CD":"A1","LAND_ACRES":0.47270000000000001,"YR_BLT":"1957","City_Taxes":"6392.15","District_Key(String)":"R-2","Min_Lot_Area(Double - SqFt)":10000,"Min_Lot_Width(Double - Feet)":80,"Min_Lot_Depth":110,"Front_Setback(Double - Feet)":25,"Rear_Setback(Double - Feet)":25,"Side_Setback(Double - Feet)":8,"Max_Density_Factor(Double - SqFt/Unit)":10000,"Current_Area":22423.298369118249,"Lot_Width":177.24866124987602,"Lot_Depth":189.95171983540058,"Shape_Length":734.40076217055321,"Shape_Area":33668.688042936272,"Split_Area_Floor":20000,"Split_Width_Floor":160}},{"type":"Feature","id":7047,"geometry":{"type":"Polygon","coordinates":[[[-106.46941707762691,31.852045109894632],[-106.46981741767615,31.852234319687774],[-106.47006738921166,31.85176486546565],[-106.46941707762691,31.852045109894632]]]},"properties":{"OBJECTID":7047,"PIDN":"M82099901307200","CITY_OWNED":" ","STATE_CD":"A1","LAND_ACRES":0.54430000000000001,"YR_BLT":"1977","City_Taxes":"4627.76","District_Key(String)":"R-2","Min_Lot_Area(Double - SqFt)":10000,"Min_Lot_Width(Double - Feet)":80,"Min_Lot_Depth":110,"Front_Setback(Double - Feet)":25,"Rear_Setback(Double - Feet)":25,"Side_Setback(Double - Feet)":8,"Max_Density_Factor(Double - SqFt/Unit)":10000,"Current_Area":22082.426449821261,"Lot_Width":191.49338342249393,"Lot_Depth":207.242695748806,"Shape_Length":797.47215834259987,"Shape_Area":39685.604998537361,"Split_Area_Floor":20000,"Split_Width_Floor":160}},{"type":"Feature","id":7049,"geometry":{"type":"Polygon","coordinates":[[[-106.43030001482406,31.854366073706259],[-106.43078389704969,31.854355759876441],[-106.43077487013232,31.853577371616112],[-106.43030001482406,31.854366073706259]]]},"properties":{"OBJECTID":7049,"PIDN":"S917999002B0700","CITY_OWNED":" ","STATE_CD":"A1","LAND_ACRES":0.99960000000000004,"YR_BLT":"1930","City_Taxes":"617.30","District_Key(String)":"A-2","Min_Lot_Area(Double - SqFt)":3500,"Min_Lot_Width(Double - Feet)":35,"Min_Lot_Depth":90,"Front_Setback(Double - Feet)":10,"Rear_Setback(Double - Feet)":15,"Side_Setback(Double - Feet)":5,"Max_Density_Factor(Double - SqFt/Unit)":3500,"Current_Area":42791.414347080536,"Lot_Width":162.94160325825214,"Lot_Depth":287.96333482861519,"Shape_Length":901.80987617373466,"Shape_Area":46921.207456567441,"Split_Area_Floor":7000,"Split_Width_Floor":70}},{"type":"Feature","id":7051,"geometry":{"type":"Polygon","coordinates":[[[-106.44797116999756,31.853612568041175],[-106.44828017778697,31.853261809277651],[-106.44795768286724,31.853267153540617],[-106.44797116999756,31.853612568041175]]]},"properties":{"OBJECTID":7051,"PIDN":"S922999003C3400","CITY_OWNED":" ","STATE_CD":"A1","LAND_ACRES":0.2893,"YR_BLT":"1956","City_Taxes":"2331.66","District_Key(String)":"R-4","Min_Lot_Area(Double - SqFt)":6000,"Min_Lot_Width(Double - Feet)":50,"Min_Lot_Depth":90,"Front_Setback(Double - Feet)":10,"Rear_Setback(Double - Feet)":10,"Side_Setback(Double - Feet)":5,"Max_Density_Factor(Double - SqFt/Unit)":6000,"Current_Area":12466.532880753415,"Lot_Width":102.81442691385746,"Lot_Depth":128.86260315775871,"Shape_Length":463.35406014323235,"Shape_Area":13248.9346942928,"Split_Area_Floor":12000,"Split_Width_Floor":100}},{"type":"Feature","id":7053,"geometry":{"type":"Polygon","coordinates":[[[-106.47065111008902,31.852573923463325],[-106.47105596090914,31.850768910627473],[-106.47038669786761,31.852490322216774],[-106.46936063091546,31.852095164994797],[-106.47065111008902,31.852573923463325]]]},"properties":{"OBJECTID":7053,"PIDN":"L12999900100100","CITY_OWNED":" ","STATE_CD":"A1","LAND_ACRES":3.2410000000000001,"YR_BLT":"1992","City_Taxes":"1964.39","District_Key(String)":"R-2","Min_Lot_Area(Double - SqFt)":10000,"Min_Lot_Width(Double - Feet)":80,"Min_Lot_Depth":110,"Front_Setback(Double - Feet)":25,"Rear_Setback(Double - Feet)":25,"Side_Setback(Double - Feet)":8,"Max_Density_Factor(Double - SqFt/Unit)":10000,"Current_Area":141988.46571940594,"Lot_Width":552.22363309562206,"Lot_Depth":670.46585068106651,"Shape_Length":2445.3789675533772,"Shape_Area":370247.08792964538,"Split_Area_Floor":20000,"Split_Width_Floor":160}},{"type":"Feature","id":7055,"geometry":{"type":"Polygon","coordinates":[[[-106.44922245563824,31.853939482774422],[-106.44970733616667,31.853580839336942],[-106.44921123501808,31.85359037872248],[-106.44922245563824,31.853939482774422]]]},"properties":{"OBJECTID":7055,"PIDN":"S922999003C2200","CITY_OWNED":" ","STATE_CD":"A1","LAND_ACRES":0.47520000000000001,"YR_BLT":"1947","City_Taxes":"3967.38","District_Key(String)":"R-4","Min_Lot_Area(Double - SqFt)":6000,"Min_Lot_Width(Double - Feet)":50,"Min_Lot_Depth":90,"Front_Setback(Double - Feet)":10,"Rear_Setback(Double - Feet)":10,"Side_Setback(Double - Feet)":5,"Max_Density_Factor(Double - SqFt/Unit)":6000,"Current_Area":19333.513954198519,"Lot_Width":130.00006808340549,"Lot_Depth":157.50001308321953,"Shape_Length":575.00016233325005,"Shape_Area":20475.012423955795,"Split_Area_Floor":12000,"Split_Width_Floor":100}},{"type":"Feature","id":7072,"geometry":{"type":"Polygon","coordinates":[[[-106.46316328813798,31.855088297863617],[-106.46390804703853,31.854318986657947],[-106.4627554848912,31.854738198303579],[-106.46316328813798,31.855088297863617]]]},"properties":{"OBJECTID":7072,"PIDN":"P35899900502900","CITY_OWNED":" ","STATE_CD":"A1","LAND_ACRES":1.5569,"YR_BLT":"2003","City_Taxes":"2541.23","District_Key(String)":"R-2","Min_Lot_Area(Double - SqFt)":10000,"Min_Lot_Width(Double - Feet)":80,"Min_Lot_Depth":110,"Front_Setback(Double - Feet)":25,"Rear_Setback(Double - Feet)":25,"Side_Setback(Double - Feet)":8,"Max_Density_Factor(Double - SqFt/Unit)":10000,"Current_Area":67279.386807579853,"Lot_Width":270.30195283889771,"Lot_Depth":429.09494233131409,"Shape_Length":1398.7937903404236,"Shape_Area":115985.20086544839,"Split_Area_Floor":20000,"Split_Width_Floor":160}},{"type":"Feature","id":7079,"geometry":{"type":"Polygon","coordinates":[[[-106.46042229781172,31.8556981354273],[-106.46063540998715,31.855359823975821],[-106.4602903654753,31.85525231512311],[-106.46042229781172,31.8556981354273]]]},"properties":{"OBJECTID":7079,"PIDN":"P35899900301400","CITY_OWNED":" ","STATE_CD":"A1","LAND_ACRES":0.28710000000000002,"YR_BLT":"1973","City_Taxes":"9604.70","District_Key(String)":"P-R 1","Min_Lot_Area(Double - SqFt)":4000,"Min_Lot_Width(Double - Feet)":40,"Min_Lot_Depth":100,"Front_Setback(Double - Feet)":10,"Rear_Setback(Double - Feet)":10,"Side_Setback(Double - Feet)":5,"Max_Density_Factor(Double - SqFt/Unit)":4000,"Current_Area":14508.191455453523,"Lot_Width":145.6476745903492,"Lot_Depth":169.65221974253654,"Shape_Length":630.59978866577148,"Shape_Area":24709.451294591378,"Split_Area_Floor":8000,"Split_Width_Floor":80}},{"type":"Feature","id":7084,"geometry":{"type":"Polygon","coordinates":[[[-106.46132321838166,31.855900196032646],[-106.46148337419289,31.855572719417939],[-106.46121083226286,31.855553733592821],[-106.46132321838166,31.855900196032646]]]},"properties":{"OBJECTID":7084,"PIDN":"P35899900301700","CITY_OWNED":" ","STATE_CD":"A1","LAND_ACRES":0.2727,"YR_BLT":"1976","City_Taxes":"6879.79","District_Key(String)":"P-R 1","Min_Lot_Area(Double - SqFt)":4000,"Min_Lot_Width(Double - Feet)":40,"Min_Lot_Depth":100,"Front_Setback(Double - Feet)":10,"Rear_Setback(Double - Feet)":10,"Side_Setback(Double - Feet)":5,"Max_Density_Factor(Double - SqFt/Unit)":4000,"Current_Area":11794.653183207594,"Lot_Width":115.54373216629028,"Lot_Depth":127.87047916650772,"Shape_Length":486.82842266559601,"Shape_Area":14774.63239679017,"Split_Area_Floor":8000,"Split_Width_Floor":80}},{"type":"Feature","id":7086,"geometry":{"type":"Polygon","coordinates":[[[-106.45538613640126,31.84985328076311],[-106.4554249584896,31.850336071998409],[-106.45583258639535,31.850168657646236],[-106.45538613640126,31.84985328076311]]]},"properties":{"OBJECTID":7086,"PIDN":"M82099901707300","CITY_OWNED":" ","STATE_CD":"A1","LAND_ACRES":0.46970000000000001,"YR_BLT":"1978","City_Taxes":" ","District_Key(String)":"R-3","Min_Lot_Area(Double - SqFt)":6000,"Min_Lot_Width(Double - Feet)":60,"Min_Lot_Depth":90,"Front_Setback(Double - Feet)":20,"Rear_Setback(Double - Feet)":20,"Side_Setback(Double - Feet)":5,"Max_Density_Factor(Double - SqFt/Unit)":6000,"Current_Area":18193.273724883886,"Lot_Width":132.10931584239006,"Lot_Depth":181.57411190867424,"Shape_Length":627.3668555021286,"Shape_Area":23987.631698944522,"Split_Area_Floor":12000,"Split_Width_Floor":120}},{"type":"Feature","id":7096,"geometry":{"type":"Polygon","coordinates":[[[-106.45765191911221,31.850268304107018],[-106.45810323371674,31.849641750925962],[-106.45759177262897,31.849747925170789],[-106.45765191911221,31.850268304107018]]]},"properties":{"OBJECTID":7096,"PIDN":"M82099901705500","CITY_OWNED":" ","STATE_CD":"A1","LAND_ACRES":0.45240000000000002,"YR_BLT":"1978","City_Taxes":" ","District_Key(String)":"R-2","Min_Lot_Area(Double - SqFt)":10000,"Min_Lot_Width(Double - Feet)":80,"Min_Lot_Depth":110,"Front_Setback(Double - Feet)":25,"Rear_Setback(Double - Feet)":25,"Side_Setback(Double - Feet)":8,"Max_Density_Factor(Double - SqFt/Unit)":10000,"Current_Area":27667.402845362874,"Lot_Width":168.32709117233753,"Lot_Depth":241.20752283930779,"Shape_Length":819.06922802329063,"Shape_Area":40601.760688425849,"Split_Area_Floor":20000,"Split_Width_Floor":160}},{"type":"Feature","id":7100,"geometry":{"type":"Polygon","coordinates":[[[-106.45606258646443,31.85047525743882],[-106.45623228944673,31.850115701875499],[-106.45582473305024,31.850169697143418],[-106.45606258646443,31.85047525743882]]]},"properties":{"OBJECTID":7100,"PIDN":"M82099900108500","CITY_OWNED":" ","STATE_CD":"A1","LAND_ACRES":0.2611,"YR_BLT":"1960","City_Taxes":" ","District_Key(String)":"R-3","Min_Lot_Area(Double - SqFt)":6000,"Min_Lot_Width(Double - Feet)":60,"Min_Lot_Depth":90,"Front_Setback(Double - Feet)":20,"Rear_Setback(Double - Feet)":20,"Side_Setback(Double - Feet)":5,"Max_Density_Factor(Double - SqFt/Unit)":6000,"Current_Area":13161.82269366129,"Lot_Width":127.44200232625008,"Lot_Depth":130.68280950188637,"Shape_Length":516.24962365627289,"Shape_Area":16654.478912540297,"Split_Area_Floor":12000,"Split_Width_Floor":120}},{"type":"Feature","id":7102,"geometry":{"type":"Polygon","coordinates":[[[-106.46589708489797,31.849741100168334],[-106.46623868519232,31.850026596872404],[-106.46660515795413,31.849710203181303],[-106.46589708489797,31.849741100168334]]]},"properties":{"OBJECTID":7102,"PIDN":"M82099901606700","CITY_OWNED":" ","STATE_CD":"A1","LAND_ACRES":0.49270000000000003,"YR_BLT":"1957","City_Taxes":" ","District_Key(String)":"R-2","Min_Lot_Area(Double - SqFt)":10000,"Min_Lot_Width(Double - Feet)":80,"Min_Lot_Depth":110,"Front_Setback(Double - Feet)":25,"Rear_Setback(Double - Feet)":25,"Side_Setback(Double - Feet)":8,"Max_Density_Factor(Double - SqFt/Unit)":10000,"Current_Area":23362.053762477739,"Lot_Width":212.09406399726868,"Lot_Depth":220.1547434180975,"Shape_Length":864.49761483073235,"Shape_Area":46693.514239820237,"Split_Area_Floor":20000,"Split_Width_Floor":160}},{"type":"Feature","id":7105,"geometry":{"type":"Polygon","coordinates":[[[-106.43176518753583,31.851672322483999],[-106.4320771589877,31.851668406997543],[-106.43206502654793,31.851340885584914],[-106.43176518753583,31.851672322483999]]]},"properties":{"OBJECTID":7105,"PIDN":"S917999002F0275","CITY_OWNED":" ","STATE_CD":"A1","LAND_ACRES":0.27550000000000002,"YR_BLT":"1986","City_Taxes":" ","District_Key(String)":"A-2","Min_Lot_Area(Double - SqFt)":3500,"Min_Lot_Width(Double - Feet)":35,"Min_Lot_Depth":90,"Front_Setback(Double - Feet)":10,"Rear_Setback(Double - Feet)":15,"Side_Setback(Double - Feet)":5,"Max_Density_Factor(Double - SqFt/Unit)":3500,"Current_Area":11543.407652653483,"Lot_Width":99.570666998624802,"Lot_Depth":122.67593574523926,"Shape_Length":444.49320548772812,"Shape_Area":12214.924746833911,"Split_Area_Floor":7000,"Split_Width_Floor":70}},{"type":"Feature","id":7106,"geometry":{"type":"Polygon","coordinates":[[[-106.43314497545205,31.851650208191693],[-106.43321052367345,31.851341485671266],[-106.43297305340541,31.85134486439479],[-106.43314497545205,31.851650208191693]]]},"properties":{"OBJECTID":7106,"PIDN":"S917999002E7300","CITY_OWNED":" ","STATE_CD":"A1","LAND_ACRES":0.1825,"YR_BLT":"1996","City_Taxes":" ","District_Key(String)":"A-2","Min_Lot_Area(Double - SqFt)":3500,"Min_Lot_Width(Double - Feet)":35,"Min_Lot_Depth":90,"Front_Setback(Double - Feet)":10,"Rear_Setback(Double - Feet)":15,"Side_Setback(Double - Feet)":5,"Max_Density_Factor(Double - SqFt/Unit)":3500,"Current_Area":8113.256502849662,"Lot_Width":76.249191343784332,"Lot_Depth":113.83966732025146,"Shape_Length":380.17771732807159,"Shape_Area":8680.1825760146057,"Split_Area_Floor":7000,"Split_Width_Floor":70}},{"type":"Feature","id":7116,"geometry":{"type":"Polygon","coordinates":[[[-106.45786369359477,31.850205656478654],[-106.45865044278983,31.850526509463986],[-106.45822415826657,31.850021948790577],[-106.45786369359477,31.850205656478654]]]},"properties":{"OBJECTID":7116,"PIDN":"M82099900406700","CITY_OWNED":" ","STATE_CD":"A1","LAND_ACRES":0.62429999999999997,"YR_BLT":"1959","City_Taxes":" ","District_Key(String)":"R-2","Min_Lot_Area(Double - SqFt)":10000,"Min_Lot_Width(Double - Feet)":80,"Min_Lot_Depth":110,"Front_Setback(Double - Feet)":25,"Rear_Setback(Double - Feet)":25,"Side_Setback(Double - Feet)":8,"Max_Density_Factor(Double - SqFt/Unit)":10000,"Current_Area":30245.466300690587,"Lot_Width":244.09760890901089,"Lot_Depth":252.60513783991337,"Shape_Length":993.40549349784851,"Shape_Area":61660.31014485396,"Split_Area_Floor":20000,"Split_Width_Floor":160}},{"type":"Feature","id":7121,"geometry":{"type":"Polygon","coordinates":[[[-106.46635551711474,31.850321391240655],[-106.46689091534874,31.849969063642881],[-106.46660515795413,31.849710203181303],[-106.46635551711474,31.850321391240655]]]},"properties":{"OBJECTID":7121,"PIDN":"M82099901605600","CITY_OWNED":" ","STATE_CD":"A1","LAND_ACRES":0.61170000000000002,"YR_BLT":"1957","City_Taxes":" ","District_Key(String)":"R-2","Min_Lot_Area(Double - SqFt)":10000,"Min_Lot_Width(Double - Feet)":80,"Min_Lot_Depth":110,"Front_Setback(Double - Feet)":25,"Rear_Setback(Double - Feet)":25,"Side_Setback(Double - Feet)":8,"Max_Density_Factor(Double - SqFt/Unit)":10000,"Current_Area":27397.523912897301,"Lot_Width":233.65766917169094,"Lot_Depth":243.80299007892609,"Shape_Length":954.92131850123405,"Shape_Area":56966.438398930761,"Split_Area_Floor":20000,"Split_Width_Floor":160}},{"type":"Feature","id":7124,"geometry":{"type":"Polygon","coordinates":[[[-106.4555732840445,31.85090721950812],[-106.4558106201018,31.850544534891494],[-106.45536808187398,31.850573090688496],[-106.4555732840445,31.85090721950812]]]},"properties":{"OBJECTID":7124,"PIDN":"M82099900107100","CITY_OWNED":" ","STATE_CD":"A1","LAND_ACRES":0.39839999999999998,"YR_BLT":"1960","City_Taxes":" ","District_Key(String)":"R-3","Min_Lot_Area(Double - SqFt)":6000,"Min_Lot_Width(Double - Feet)":60,"Min_Lot_Depth":90,"Front_Setback(Double - Feet)":20,"Rear_Setback(Double - Feet)":20,"Side_Setback(Double - Feet)":5,"Max_Density_Factor(Double - SqFt/Unit)":6000,"Current_Area":17735.200879497948,"Lot_Width":137.55910807847977,"Lot_Depth":168.0951362401247,"Shape_Length":611.30848863720894,"Shape_Area":23123.017013522094,"Split_Area_Floor":12000,"Split_Width_Floor":120}},{"type":"Feature","id":7125,"geometry":{"type":"Polygon","coordinates":[[[-106.45586658436254,31.850920604991742],[-106.45626760026487,31.850938904684178],[-106.45625128403485,31.850567288095668],[-106.45586658436254,31.850920604991742]]]},"properties":{"OBJECTID":7125,"PIDN":"M82099900106400","CITY_OWNED":" ","STATE_CD":"A1","LAND_ACRES":0.30669999999999997,"YR_BLT":"1960","City_Taxes":" ","District_Key(String)":"R-3","Min_Lot_Area(Double - SqFt)":6000,"Min_Lot_Width(Double - Feet)":60,"Min_Lot_Depth":90,"Front_Setback(Double - Feet)":20,"Rear_Setback(Double - Feet)":20,"Side_Setback(Double - Feet)":5,"Max_Density_Factor(Double - SqFt/Unit)":6000,"Current_Area":14141.477410958383,"Lot_Width":126.34489166736603,"Lot_Depth":135.50202558934689,"Shape_Length":523.69383451342583,"Shape_Area":17119.988743794693,"Split_Area_Floor":12000,"Split_Width_Floor":120}},{"type":"Feature","id":7126,"geometry":{"type":"Polygon","coordinates":[[[-106.43050115365247,31.852143042845],[-106.43074793547011,31.852138262605656],[-106.4307393100288,31.851855449267479],[-106.43050115365247,31.852143042845]]]},"properties":{"OBJECTID":7126,"PIDN":"S917999002C6400","CITY_OWNED":" ","STATE_CD":"A1","LAND_ACRES":0.17580000000000001,"YR_BLT":"1995","City_Taxes":" ","District_Key(String)":"A-2","Min_Lot_Area(Double - SqFt)":3500,"Min_Lot_Width(Double - Feet)":35,"Min_Lot_Depth":90,"Front_Setback(Double - Feet)":10,"Rear_Setback(Double - Feet)":15,"Side_Setback(Double - Feet)":5,"Max_Density_Factor(Double - SqFt/Unit)":3500,"Current_Area":7792.3640795062374,"Lot_Width":79.570707008242607,"Lot_Depth":105.004055082798,"Shape_Length":369.14952418208122,"Shape_Area":8355.2469016706873,"Split_Area_Floor":7000,"Split_Width_Floor":70}},{"type":"Feature","id":7127,"geometry":{"type":"Polygon","coordinates":[[[-106.46433122516849,31.850555866291963],[-106.46426740054295,31.849760263453152],[-106.46401419596478,31.850542760058204],[-106.46433122516849,31.850555866291963]]]},"properties":{"OBJECTID":7127,"PIDN":"M82099901108100","CITY_OWNED":" ","STATE_CD":"A1","LAND_ACRES":0.61209999999999998,"YR_BLT":"1959","City_Taxes":" ","District_Key(String)":"R-2","Min_Lot_Area(Double - SqFt)":10000,"Min_Lot_Width(Double - Feet)":80,"Min_Lot_Depth":110,"Front_Setback(Double - Feet)":25,"Rear_Setback(Double - Feet)":25,"Side_Setback(Double - Feet)":8,"Max_Density_Factor(Double - SqFt/Unit)":10000,"Current_Area":33472.337516919353,"Lot_Width":173.5518182516098,"Lot_Depth":292.02763117849827,"Shape_Length":931.15889886021614,"Shape_Area":50681.926370738875,"Split_Area_Floor":20000,"Split_Width_Floor":160}},{"type":"Feature","id":7131,"geometry":{"type":"Polygon","coordinates":[[[-106.45782557943346,31.85051977057293],[-106.45836523042018,31.850710737982791],[-106.45786369359477,31.850205656478654],[-106.45782557943346,31.85051977057293]]]},"properties":{"OBJECTID":7131,"PIDN":"M82099900405600","CITY_OWNED":" ","STATE_CD":"A1","LAND_ACRES":0.49340000000000001,"YR_BLT":"1959","City_Taxes":" ","District_Key(String)":"R-2","Min_Lot_Area(Double - SqFt)":10000,"Min_Lot_Width(Double - Feet)":80,"Min_Lot_Depth":110,"Front_Setback(Double - Feet)":25,"Rear_Setback(Double - Feet)":25,"Side_Setback(Double - Feet)":8,"Max_Density_Factor(Double - SqFt/Unit)":10000,"Current_Area":21890.45481240932,"Lot_Width":201.53962315618992,"Lot_Depth":251.97817058861256,"Shape_Length":907.03558748960495,"Shape_Area":50783.585544015114,"Split_Area_Floor":20000,"Split_Width_Floor":160}},{"type":"Feature","id":7132,"geometry":{"type":"Polygon","coordinates":[[[-106.46254832705895,31.850578138836745],[-106.46301191719877,31.850203773775529],[-106.46260359251249,31.85011023582484],[-106.46254832705895,31.850578138836745]]]},"properties":{"OBJECTID":7132,"PIDN":"M82099900708100","CITY_OWNED":" ","STATE_CD":"A1","LAND_ACRES":0.48999999999999999,"YR_BLT":"1963","City_Taxes":" ","District_Key(String)":"R-2","Min_Lot_Area(Double - SqFt)":10000,"Min_Lot_Width(Double - Feet)":80,"Min_Lot_Depth":110,"Front_Setback(Double - Feet)":25,"Rear_Setback(Double - Feet)":25,"Side_Setback(Double - Feet)":8,"Max_Density_Factor(Double - SqFt/Unit)":10000,"Current_Area":20603.035272716366,"Lot_Width":166.58464057743549,"Lot_Depth":209.65049932897091,"Shape_Length":752.47027981281281,"Shape_Area":34924.553077596502,"Split_Area_Floor":20000,"Split_Width_Floor":160}},{"type":"Feature","id":7138,"geometry":{"type":"Polygon","coordinates":[[[-106.46741739737578,31.850264273979722],[-106.46808790203704,31.850293890172733],[-106.46775662822104,31.849985750906818],[-106.46741739737578,31.850264273979722]]]},"properties":{"OBJECTID":7138,"PIDN":"M82099901506500","CITY_OWNED":" ","STATE_CD":"A1","LAND_ACRES":0.56469999999999998,"YR_BLT":"1963","City_Taxes":" ","District_Key(String)":"R-2","Min_Lot_Area(Double - SqFt)":10000,"Min_Lot_Width(Double - Feet)":80,"Min_Lot_Depth":110,"Front_Setback(Double - Feet)":25,"Rear_Setback(Double - Feet)":25,"Side_Setback(Double - Feet)":8,"Max_Density_Factor(Double - SqFt/Unit)":10000,"Current_Area":21833.240439119483,"Lot_Width":207.29223634302616,"Lot_Depth":209.14032974839211,"Shape_Length":832.86513218283653,"Shape_Area":43353.166663062118,"Split_Area_Floor":20000,"Split_Width_Floor":160}},{"type":"Feature","id":7140,"geometry":{"type":"Polygon","coordinates":[[[-106.46643413258899,31.850389456127129],[-106.46719625183889,31.85024548373357],[-106.46689091534874,31.849969063642881],[-106.46643413258899,31.850389456127129]]]},"properties":{"OBJECTID":7140,"PIDN":"M82099901604500","CITY_OWNED":" ","STATE_CD":"A1","LAND_ACRES":0.6089,"YR_BLT":"1991","City_Taxes":" ","District_Key(String)":"R-2","Min_Lot_Area(Double - SqFt)":10000,"Min_Lot_Width(Double - Feet)":80,"Min_Lot_Depth":110,"Front_Setback(Double - Feet)":25,"Rear_Setback(Double - Feet)":25,"Side_Setback(Double - Feet)":8,"Max_Density_Factor(Double - SqFt/Unit)":10000,"Current_Area":27241.182097499139,"Lot_Width":238.79545415937901,"Lot_Depth":239.17701508104801,"Shape_Length":955.94493848085403,"Shape_Area":57114.383940763502,"Split_Area_Floor":20000,"Split_Width_Floor":160}},{"type":"Feature","id":7141,"geometry":{"type":"Polygon","coordinates":[[[-106.46074408015728,31.850764096759594],[-106.46123804865584,31.850746170696759],[-106.46114592292076,31.8503023507946],[-106.46074408015728,31.850764096759594]]]},"properties":{"OBJECTID":7141,"PIDN":"M82099900706500","CITY_OWNED":" ","STATE_CD":"A1","LAND_ACRES":0.61350000000000005,"YR_BLT":"1975","City_Taxes":" ","District_Key(String)":"R-2","Min_Lot_Area(Double - SqFt)":10000,"Min_Lot_Width(Double - Feet)":80,"Min_Lot_Depth":110,"Front_Setback(Double - Feet)":25,"Rear_Setback(Double - Feet)":25,"Side_Setback(Double - Feet)":8,"Max_Density_Factor(Double - SqFt/Unit)":10000,"Current_Area":27077.081810955406,"Lot_Width":165.62434066832066,"Lot_Depth":216.87587858736515,"Shape_Length":765.00043851137161,"Shape_Area":35919.924397895113,"Split_Area_Floor":20000,"Split_Width_Floor":160}},{"type":"Feature","id":7147,"geometry":{"type":"Polygon","coordinates":[[[-106.42494182715471,31.852538965884687],[-106.42539610042719,31.852527491852292],[-106.42538703942068,31.852225670646732],[-106.42494182715471,31.852538965884687]]]},"properties":{"OBJECTID":7147,"PIDN":"M85199907701600","CITY_OWNED":" ","STATE_CD":"A1","LAND_ACRES":0.33189999999999997,"YR_BLT":"1955","City_Taxes":" ","District_Key(String)":"R-4","Min_Lot_Area(Double - SqFt)":6000,"Min_Lot_Width(Double - Feet)":50,"Min_Lot_Depth":90,"Front_Setback(Double - Feet)":10,"Rear_Setback(Double - Feet)":10,"Side_Setback(Double - Feet)":5,"Max_Density_Factor(Double - SqFt/Unit)":6000,"Current_Area":14343.412493901016,"Lot_Width":144.27366158366203,"Lot_Depth":148.80974175035954,"Shape_Length":586.16680666804314,"Shape_Area":21469.326321643515,"Split_Area_Floor":12000,"Split_Width_Floor":100}},{"type":"Feature","id":7154,"geometry":{"type":"Polygon","coordinates":[[[-106.45842724178765,31.85078387073148],[-106.45906616849506,31.850967795700164],[-106.45878938897985,31.850567650548104],[-106.45842724178765,31.85078387073148]]]},"properties":{"OBJECTID":7154,"PIDN":"M82099900306500","CITY_OWNED":" ","STATE_CD":"A1","LAND_ACRES":0.42109999999999997,"YR_BLT":"1959","City_Taxes":" ","District_Key(String)":"R-2","Min_Lot_Area(Double - SqFt)":10000,"Min_Lot_Width(Double - Feet)":80,"Min_Lot_Depth":110,"Front_Setback(Double - Feet)":25,"Rear_Setback(Double - Feet)":25,"Side_Setback(Double - Feet)":8,"Max_Density_Factor(Double - SqFt/Unit)":10000,"Current_Area":22580.019274323418,"Lot_Width":194.41266891360283,"Lot_Depth":212.52811825275421,"Shape_Length":813.88157433271408,"Shape_Area":41318.158688703734,"Split_Area_Floor":20000,"Split_Width_Floor":160}},{"type":"Feature","id":7155,"geometry":{"type":"Polygon","coordinates":[[[-106.46172729260195,31.850642671891524],[-106.46224888765092,31.850986598365004],[-106.46228598568224,31.850538263795858],[-106.46172729260195,31.850642671891524]]]},"properties":{"OBJECTID":7155,"PIDN":"M82099900702900","CITY_OWNED":" ","STATE_CD":"A1","LAND_ACRES":0.4451,"YR_BLT":"1958","City_Taxes":" ","District_Key(String)":"R-2","Min_Lot_Area(Double - SqFt)":10000,"Min_Lot_Width(Double - Feet)":80,"Min_Lot_Depth":110,"Front_Setback(Double - Feet)":25,"Rear_Setback(Double - Feet)":25,"Side_Setback(Double - Feet)":8,"Max_Density_Factor(Double - SqFt/Unit)":10000,"Current_Area":22975.562932299967,"Lot_Width":172.02098141610622,"Lot_Depth":175.31100107729435,"Shape_Length":694.66396498680115,"Shape_Area":30157.170458356228,"Split_Area_Floor":20000,"Split_Width_Floor":160}},{"type":"Feature","id":7156,"geometry":{"type":"Polygon","coordinates":[[[-106.46682871659921,31.850550784205637],[-106.46748622676124,31.850503321447277],[-106.46719625183889,31.85024548373357],[-106.46682871659921,31.850550784205637]]]},"properties":{"OBJECTID":7156,"PIDN":"M82099901603400","CITY_OWNED":" ","STATE_CD":"A1","LAND_ACRES":0.44769999999999999,"YR_BLT":"1957","City_Taxes":" ","District_Key(String)":"R-2","Min_Lot_Area(Double - SqFt)":10000,"Min_Lot_Width(Double - Feet)":80,"Min_Lot_Depth":110,"Front_Setback(Double - Feet)":25,"Rear_Setback(Double - Feet)":25,"Side_Setback(Double - Feet)":8,"Max_Density_Factor(Double - SqFt/Unit)":10000,"Current_Area":20410.155001239153,"Lot_Width":200.31160724163055,"Lot_Depth":204.80831742286682,"Shape_Length":810.23984932899475,"Shape_Area":41025.483239428497,"Split_Area_Floor":20000,"Split_Width_Floor":160}},{"type":"Feature","id":7158,"geometry":{"type":"Polygon","coordinates":[[[-106.46016191392131,31.85103436253133],[-106.46083939128096,31.850913841215533],[-106.46068083840962,31.850389909411778],[-106.46016191392131,31.85103436253133]]]},"properties":{"OBJECTID":7158,"PIDN":"M82099900706100","CITY_OWNED":" ","STATE_CD":"A1","LAND_ACRES":0.97929999999999995,"YR_BLT":"1978","City_Taxes":" ","District_Key(String)":"R-2","Min_Lot_Area(Double - SqFt)":10000,"Min_Lot_Width(Double - Feet)":80,"Min_Lot_Depth":110,"Front_Setback(Double - Feet)":25,"Rear_Setback(Double - Feet)":25,"Side_Setback(Double - Feet)":8,"Max_Density_Factor(Double - SqFt/Unit)":10000,"Current_Area":41795.340394848557,"Lot_Width":214.86735242605209,"Lot_Depth":265.36200207471848,"Shape_Length":960.45870900154114,"Shape_Area":57017.630820271304,"Split_Area_Floor":20000,"Split_Width_Floor":160}},{"type":"Feature","id":7161,"geometry":{"type":"Polygon","coordinates":[[[-106.46774843699417,31.850561906169439],[-106.46841088186038,31.850579156983652],[-106.46808790203704,31.850293890172733],[-106.46774843699417,31.850561906169439]]]},"properties":{"OBJECTID":7161,"PIDN":"M82099901504900","CITY_OWNED":" ","STATE_CD":"A1","LAND_ACRES":0.51259999999999994,"YR_BLT":"1959","City_Taxes":" ","District_Key(String)":"R-2","Min_Lot_Area(Double - SqFt)":10000,"Min_Lot_Width(Double - Feet)":80,"Min_Lot_Depth":110,"Front_Setback(Double - Feet)":25,"Rear_Setback(Double - Feet)":25,"Side_Setback(Double - Feet)":8,"Max_Density_Factor(Double - SqFt/Unit)":10000,"Current_Area":20141.328163008977,"Lot_Width":195.34770642220974,"Lot_Depth":205.04060041904449,"Shape_Length":800.77661368250847,"Shape_Area":40054.21101529312,"Split_Area_Floor":20000,"Split_Width_Floor":160}},{"type":"Feature","id":7168,"geometry":{"type":"Polygon","coordinates":[[[-106.46497242960491,31.850819157976431],[-106.46575515457087,31.850841970195148],[-106.46540633058135,31.850570825965832],[-106.46497242960491,31.850819157976431]]]},"properties":{"OBJECTID":7168,"PIDN":"M82099901103300","CITY_OWNED":" ","STATE_CD":"A1","LAND_ACRES":0.56569999999999998,"YR_BLT":"1957","City_Taxes":" ","District_Key(String)":"R-2","Min_Lot_Area(Double - SqFt)":10000,"Min_Lot_Width(Double - Feet)":80,"Min_Lot_Depth":110,"Front_Setback(Double - Feet)":25,"Rear_Setback(Double - Feet)":25,"Side_Setback(Double - Feet)":8,"Max_Density_Factor(Double - SqFt/Unit)":10000,"Current_Area":20698.669908867832,"Lot_Width":163.86482974886894,"Lot_Depth":242.22097225487232,"Shape_Length":812.17160400748253,"Shape_Area":39691.498380150158,"Split_Area_Floor":20000,"Split_Width_Floor":160}},{"type":"Feature","id":7171,"geometry":{"type":"Polygon","coordinates":[[[-106.43210538587975,31.852613157121848],[-106.43221626319927,31.85182994154961],[-106.4317122522982,31.851837260735781],[-106.43210538587975,31.852613157121848]]]},"properties":{"OBJECTID":7171,"PIDN":"S917999002D1000","CITY_OWNED":" ","STATE_CD":"A1","LAND_ACRES":0.99960000000000004,"YR_BLT":"1957","City_Taxes":" ","District_Key(String)":"R-4","Min_Lot_Area(Double - SqFt)":6000,"Min_Lot_Width(Double - Feet)":50,"Min_Lot_Depth":90,"Front_Setback(Double - Feet)":10,"Rear_Setback(Double - Feet)":10,"Side_Setback(Double - Feet)":5,"Max_Density_Factor(Double - SqFt/Unit)":6000,"Current_Area":44356.715350903374,"Lot_Width":163.34645809233189,"Lot_Depth":289.97448566555977,"Shape_Length":906.64188751578331,"Shape_Area":47366.305170614854,"Split_Area_Floor":12000,"Split_Width_Floor":100}},{"type":"Feature","id":7172,"geometry":{"type":"Polygon","coordinates":[[[-106.46083939128096,31.850913841215533],[-106.46156084380164,31.851110850723764],[-106.46131227063462,31.850723106294861],[-106.46083939128096,31.850913841215533]]]},"properties":{"OBJECTID":7172,"PIDN":"M82099900702100","CITY_OWNED":" ","STATE_CD":"A1","LAND_ACRES":0.45910000000000001,"YR_BLT":"1964","City_Taxes":" ","District_Key(String)":"R-2","Min_Lot_Area(Double - SqFt)":10000,"Min_Lot_Width(Double - Feet)":80,"Min_Lot_Depth":110,"Front_Setback(Double - Feet)":25,"Rear_Setback(Double - Feet)":25,"Side_Setback(Double - Feet)":8,"Max_Density_Factor(Double - SqFt/Unit)":10000,"Current_Area":24941.919241059368,"Lot_Width":195.31752274930477,"Lot_Depth":219.73512482643127,"Shape_Length":830.10529515147209,"Shape_Area":42918.120242107812,"Split_Area_Floor":20000,"Split_Width_Floor":160}},{"type":"Feature","id":7174,"geometry":{"type":"Polygon","coordinates":[[[-106.46445489759611,31.851112279452458],[-106.46498661945391,31.851069755926993],[-106.46448643571027,31.850641280058856],[-106.46445489759611,31.851112279452458]]]},"properties":{"OBJECTID":7174,"PIDN":"M82099900905500","CITY_OWNED":" ","STATE_CD":"A1","LAND_ACRES":0.379,"YR_BLT":"2007","City_Taxes":" ","District_Key(String)":"R-2","Min_Lot_Area(Double - SqFt)":10000,"Min_Lot_Width(Double - Feet)":80,"Min_Lot_Depth":110,"Front_Setback(Double - Feet)":25,"Rear_Setback(Double - Feet)":25,"Side_Setback(Double - Feet)":8,"Max_Density_Factor(Double - SqFt/Unit)":10000,"Current_Area":20623.878067522906,"Lot_Width":165.70833000540733,"Lot_Depth":178.55508908629417,"Shape_Length":688.52683818340302,"Shape_Area":29588.06562645654,"Split_Area_Floor":20000,"Split_Width_Floor":160}},{"type":"Feature","id":7176,"geometry":{"type":"Polygon","coordinates":[[[-106.43342740230517,31.852581800793804],[-106.43392595147894,31.852578160547015],[-106.43392019383498,31.852188914226801],[-106.43342740230517,31.852581800793804]]]},"properties":{"OBJECTID":7176,"PIDN":"S917999002D3700","CITY_OWNED":" ","STATE_CD":"A1","LAND_ACRES":0.50149999999999995,"YR_BLT":"1957","City_Taxes":" ","District_Key(String)":"A-O","Min_Lot_Area(Double - SqFt)":4000,"Min_Lot_Width(Double - Feet)":40,"Min_Lot_Depth":90,"Front_Setback(Double - Feet)":10,"Rear_Setback(Double - Feet)":10,"Side_Setback(Double - Feet)":5,"Max_Density_Factor(Double - SqFt/Unit)":4000,"Current_Area":21894.972096526173,"Lot_Width":147.21624100208282,"Lot_Depth":160.62041367590427,"Shape_Length":615.6733093559742,"Shape_Area":23645.933529566162,"Split_Area_Floor":8000,"Split_Width_Floor":80}},{"type":"Feature","id":7193,"geometry":{"type":"Polygon","coordinates":[[[-106.46069880268772,31.851525398850516],[-106.46083939128096,31.850913841215533],[-106.46025339643685,31.851140571732508],[-106.46069880268772,31.851525398850516]]]},"properties":{"OBJECTID":7193,"PIDN":"M82099900701700","CITY_OWNED":" ","STATE_CD":"A1","LAND_ACRES":0.72899999999999998,"YR_BLT":"1960","City_Taxes":" ","District_Key(String)":"R-2","Min_Lot_Area(Double - SqFt)":10000,"Min_Lot_Width(Double - Feet)":80,"Min_Lot_Depth":110,"Front_Setback(Double - Feet)":25,"Rear_Setback(Double - Feet)":25,"Side_Setback(Double - Feet)":8,"Max_Density_Factor(Double - SqFt/Unit)":10000,"Current_Area":35227.748511863952,"Lot_Width":234.2157389074564,"Lot_Depth":269.49552400410175,"Shape_Length":1007.4225258231163,"Shape_Area":63120.093286872841,"Split_Area_Floor":20000,"Split_Width_Floor":160}},{"type":"Feature","id":7199,"geometry":{"type":"Polygon","coordinates":[[[-106.46843439594343,31.851264830706171],[-106.46898242084774,31.851283349116287],[-106.46873851584616,31.850859357933921],[-106.46843439594343,31.851264830706171]]]},"properties":{"OBJECTID":7199,"PIDN":"M82099901501700","CITY_OWNED":" ","STATE_CD":"A1","LAND_ACRES":0.4471,"YR_BLT":"1951","City_Taxes":" ","District_Key(String)":"R-2","Min_Lot_Area(Double - SqFt)":10000,"Min_Lot_Width(Double - Feet)":80,"Min_Lot_Depth":110,"Front_Setback(Double - Feet)":25,"Rear_Setback(Double - Feet)":25,"Side_Setback(Double - Feet)":8,"Max_Density_Factor(Double - SqFt/Unit)":10000,"Current_Area":21621.939142404361,"Lot_Width":176.2634270042181,"Lot_Depth":202.71383342146873,"Shape_Length":757.95452085137367,"Shape_Area":35731.034980030279,"Split_Area_Floor":20000,"Split_Width_Floor":160}},{"type":"Feature","id":7202,"geometry":{"type":"Polygon","coordinates":[[[-106.46027249328822,31.851807083244783],[-106.46069880268772,31.851525398850516],[-106.46025339643685,31.851140571732508],[-106.46027249328822,31.851807083244783]]]},"properties":{"OBJECTID":7202,"PIDN":"M82099900704100","CITY_OWNED":" ","STATE_CD":"A1","LAND_ACRES":0.48420000000000002,"YR_BLT":"2006","City_Taxes":" ","District_Key(String)":"R-2","Min_Lot_Area(Double - SqFt)":10000,"Min_Lot_Width(Double - Feet)":80,"Min_Lot_Depth":110,"Front_Setback(Double - Feet)":25,"Rear_Setback(Double - Feet)":25,"Side_Setback(Double - Feet)":8,"Max_Density_Factor(Double - SqFt/Unit)":10000,"Current_Area":25892.556380651142,"Lot_Width":193.7712659984827,"Lot_Depth":245.79183125495911,"Shape_Length":879.12619450688362,"Shape_Area":47627.394314358855,"Split_Area_Floor":20000,"Split_Width_Floor":160}},{"type":"Feature","id":7205,"geometry":{"type":"Polygon","coordinates":[[[-106.46328705607812,31.851660998080618],[-106.46371943340669,31.851618209408823],[-106.46356622295734,31.851194041625888],[-106.46328705607812,31.851660998080618]]]},"properties":{"OBJECTID":7205,"PIDN":"M82099900901000","CITY_OWNED":" ","STATE_CD":"A1","LAND_ACRES":0.46610000000000001,"YR_BLT":"1957","City_Taxes":" ","District_Key(String)":"R-2","Min_Lot_Area(Double - SqFt)":10000,"Min_Lot_Width(Double - Feet)":80,"Min_Lot_Depth":110,"Front_Setback(Double - Feet)":25,"Rear_Setback(Double - Feet)":25,"Side_Setback(Double - Feet)":8,"Max_Density_Factor(Double - SqFt/Unit)":10000,"Current_Area":21105.274278764111,"Lot_Width":179.74373500049114,"Lot_Depth":186.31918117403984,"Shape_Length":732.12583234906197,"Shape_Area":33489.705526455116,"Split_Area_Floor":20000,"Split_Width_Floor":160}},{"type":"Feature","id":7206,"geometry":{"type":"Polygon","coordinates":[[[-106.46027249328822,31.851807083244783],[-106.46032523066789,31.851860769027905],[-106.46038934508496,31.851810843143415],[-106.46027249328822,31.851807083244783]]]},"properties":{"OBJECTID":7206,"PIDN":"M82099900703700","CITY_OWNED":" ","STATE_CD":"A1","LAND_ACRES":0.59330000000000005,"YR_BLT":"1958","City_Taxes":" ","District_Key(String)":"R-2","Min_Lot_Area(Double - SqFt)":10000,"Min_Lot_Width(Double - Feet)":80,"Min_Lot_Depth":110,"Front_Setback(Double - Feet)":25,"Rear_Setback(Double - Feet)":25,"Side_Setback(Double - Feet)":8,"Max_Density_Factor(Double - SqFt/Unit)":10000,"Current_Area":343.11774918049116,"Lot_Width":20.402190163731575,"Lot_Depth":36.153471007943153,"Shape_Length":113.11132234334946,"Shape_Area":737.60999058301252,"Split_Area_Floor":20000,"Split_Width_Floor":160}},{"type":"Feature","id":7207,"geometry":{"type":"Polygon","coordinates":[[[-106.46027249328822,31.851807083244783],[-106.46032523066789,31.851860769027905],[-106.46038934508496,31.851810843143415],[-106.46027249328822,31.851807083244783]]]},"properties":{"OBJECTID":7207,"PIDN":"M82099900703700","CITY_OWNED":" ","STATE_CD":"A1","LAND_ACRES":0.59330000000000005,"YR_BLT":"1958","City_Taxes":" ","District_Key(String)":"R-2","Min_Lot_Area(Double - SqFt)":10000,"Min_Lot_Width(Double - Feet)":80,"Min_Lot_Depth":110,"Front_Setback(Double - Feet)":25,"Rear_Setback(Double - Feet)":25,"Side_Setback(Double - Feet)":8,"Max_Density_Factor(Double - SqFt/Unit)":10000,"Current_Area":343.11774918049116,"Lot_Width":216.00744199752808,"Lot_Depth":222.10749541223049,"Shape_Length":876.22987481951714,"Shape_Area":47976.871932473608,"Split_Area_Floor":20000,"Split_Width_Floor":160}},{"type":"Feature","id":7209,"geometry":{"type":"Polygon","coordinates":[[[-106.46764104926595,31.851448193152933],[-106.46830941491251,31.851492347384049],[-106.46802928538642,31.850998722737923],[-106.46764104926595,31.851448193152933]]]},"properties":{"OBJECTID":7209,"PIDN":"M82099901600100","CITY_OWNED":" ","STATE_CD":"A1","LAND_ACRES":0.52129999999999999,"YR_BLT":"1967","City_Taxes":" ","District_Key(String)":"R-2","Min_Lot_Area(Double - SqFt)":10000,"Min_Lot_Width(Double - Feet)":80,"Min_Lot_Depth":110,"Front_Setback(Double - Feet)":25,"Rear_Setback(Double - Feet)":25,"Side_Setback(Double - Feet)":8,"Max_Density_Factor(Double - SqFt/Unit)":10000,"Current_Area":25220.927308583425,"Lot_Width":184.32804341614246,"Lot_Depth":209.81060400605202,"Shape_Length":788.27729484438896,"Shape_Area":38673.978124394627,"Split_Area_Floor":20000,"Split_Width_Floor":160}},{"type":"Feature","id":7210,"geometry":{"type":"Polygon","coordinates":[[[-106.46572993406211,31.851564023759472],[-106.46625125041595,31.851009241649191],[-106.46581406203966,31.850875888010481],[-106.46572993406211,31.851564023759472]]]},"properties":{"OBJECTID":7210,"PIDN":"M82099901200100","CITY_OWNED":" ","STATE_CD":"A1","LAND_ACRES":0.67979999999999996,"YR_BLT":"1961","City_Taxes":" ","District_Key(String)":"R-2","Min_Lot_Area(Double - SqFt)":10000,"Min_Lot_Width(Double - Feet)":80,"Min_Lot_Depth":110,"Front_Setback(Double - Feet)":25,"Rear_Setback(Double - Feet)":25,"Side_Setback(Double - Feet)":8,"Max_Density_Factor(Double - SqFt/Unit)":10000,"Current_Area":30399.260242598542,"Lot_Width":172.75031067430973,"Lot_Depth":268.17334817349911,"Shape_Length":881.84731769561768,"Shape_Area":46327.029211541805,"Split_Area_Floor":20000,"Split_Width_Floor":160}},{"type":"Feature","id":7214,"geometry":{"type":"Polygon","coordinates":[[[-106.4661041538008,31.851600511706586],[-106.46666216506203,31.851071436544739],[-106.46626224128993,31.850943636845908],[-106.4661041538008,31.851600511706586]]]},"properties":{"OBJECTID":7214,"PIDN":"M82099901201700","CITY_OWNED":" ","STATE_CD":"A1","LAND_ACRES":0.65769999999999995,"YR_BLT":"1957","City_Taxes":" ","District_Key(String)":"R-2","Min_Lot_Area(Double - SqFt)":10000,"Min_Lot_Width(Double - Feet)":80,"Min_Lot_Depth":110,"Front_Setback(Double - Feet)":25,"Rear_Setback(Double - Feet)":25,"Side_Setback(Double - Feet)":8,"Max_Density_Factor(Double - SqFt/Unit)":10000,"Current_Area":30980.619863408843,"Lot_Width":183.61249366402626,"Lot_Depth":264.24914342164993,"Shape_Length":895.72327417135239,"Shape_Area":48519.444172232063,"Split_Area_Floor":20000,"Split_Width_Floor":160}},{"type":"Feature","id":7216,"geometry":{"type":"Polygon","coordinates":[[[-106.46128551207376,31.851422267288939],[-106.46157572443505,31.851939528958422],[-106.46201870272569,31.851715658215706],[-106.46128551207376,31.851422267288939]]]},"properties":{"OBJECTID":7216,"PIDN":"M82099900700900","CITY_OWNED":" ","STATE_CD":"A1","LAND_ACRES":0.64259999999999995,"YR_BLT":"1970","City_Taxes":" ","District_Key(String)":"R-2","Min_Lot_Area(Double - SqFt)":10000,"Min_Lot_Width(Double - Feet)":80,"Min_Lot_Depth":110,"Front_Setback(Double - Feet)":25,"Rear_Setback(Double - Feet)":25,"Side_Setback(Double - Feet)":8,"Max_Density_Factor(Double - SqFt/Unit)":10000,"Current_Area":33415.968559554029,"Lot_Width":221.44214241206646,"Lot_Depth":274.73731142282486,"Shape_Length":992.35890766978264,"Shape_Area":60838.418842001432,"Split_Area_Floor":20000,"Split_Width_Floor":160}},{"type":"Feature","id":7217,"geometry":{"type":"Polygon","coordinates":[[[-106.43052084729396,31.853416999286065],[-106.43077528424426,31.853412465814728],[-106.43076716881595,31.853132338350232],[-106.43052084729396,31.853416999286065]]]},"properties":{"OBJECTID":7217,"PIDN":"S917999002C8800","CITY_OWNED":" ","STATE_CD":"A1","LAND_ACRES":0.18240000000000001,"YR_BLT":"1940","City_Taxes":" ","District_Key(String)":"A-2","Min_Lot_Area(Double - SqFt)":3500,"Min_Lot_Width(Double - Feet)":35,"Min_Lot_Depth":90,"Front_Setback(Double - Feet)":10,"Rear_Setback(Double - Feet)":15,"Side_Setback(Double - Feet)":5,"Max_Density_Factor(Double - SqFt/Unit)":3500,"Current_Area":7956.4774604498798,"Lot_Width":82.042814925312996,"Lot_Depth":104.60740233957767,"Shape_Length":373.30043452978134,"Shape_Area":8582.2857499637248,"Split_Area_Floor":7000,"Split_Width_Floor":70}},{"type":"Feature","id":7218,"geometry":{"type":"Polygon","coordinates":[[[-106.46654976026953,31.85165757745693],[-106.46707020186828,31.851210834986169],[-106.46666216506203,31.851071436544739],[-106.46654976026953,31.85165757745693]]]},"properties":{"OBJECTID":7218,"PIDN":"M82099901203300","CITY_OWNED":" ","STATE_CD":"A1","LAND_ACRES":0.56799999999999995,"YR_BLT":"1957","City_Taxes":" ","District_Key(String)":"R-2","Min_Lot_Area(Double - SqFt)":10000,"Min_Lot_Width(Double - Feet)":80,"Min_Lot_Depth":110,"Front_Setback(Double - Feet)":25,"Rear_Setback(Double - Feet)":25,"Side_Setback(Double - Feet)":8,"Max_Density_Factor(Double - SqFt/Unit)":10000,"Current_Area":26393.070349693226,"Lot_Width":174.14728949964046,"Lot_Depth":238.92701558768749,"Shape_Length":826.14861017465591,"Shape_Area":41608.492152834122,"Split_Area_Floor":20000,"Split_Width_Floor":160}},{"type":"Feature","id":7219,"geometry":{"type":"Polygon","coordinates":[[[-106.46253678464724,31.851443630263713],[-106.46317369332215,31.851794625209443],[-106.46288491393103,31.851273371109734],[-106.46253678464724,31.851443630263713]]]},"properties":{"OBJECTID":7219,"PIDN":"M82099900608500","CITY_OWNED":" ","STATE_CD":"A1","LAND_ACRES":0.49049999999999999,"YR_BLT":"1957","City_Taxes":" ","District_Key(String)":"R-2","Min_Lot_Area(Double - SqFt)":10000,"Min_Lot_Width(Double - Feet)":80,"Min_Lot_Depth":110,"Front_Setback(Double - Feet)":25,"Rear_Setback(Double - Feet)":25,"Side_Setback(Double - Feet)":8,"Max_Density_Factor(Double - SqFt/Unit)":10000,"Current_Area":26297.381810527208,"Lot_Width":195.92185224592686,"Lot_Depth":244.38074484467506,"Shape_Length":880.60519418120384,"Shape_Area":47879.528183207978,"Split_Area_Floor":20000,"Split_Width_Floor":160}},{"type":"Feature","id":7221,"geometry":{"type":"Polygon","coordinates":[[[-106.46947616417867,31.85167101832808],[-106.46974239970911,31.850990302793456],[-106.46873851584616,31.850859357933921],[-106.46947616417867,31.85167101832808]]]},"properties":{"OBJECTID":7221,"PIDN":"B47399900100100","CITY_OWNED":" ","STATE_CD":"A1","LAND_ACRES":1.4140999999999999,"YR_BLT":"1974","City_Taxes":" ","District_Key(String)":"R-2","Min_Lot_Area(Double - SqFt)":10000,"Min_Lot_Width(Double - Feet)":80,"Min_Lot_Depth":110,"Front_Setback(Double - Feet)":25,"Rear_Setback(Double - Feet)":25,"Side_Setback(Double - Feet)":8,"Max_Density_Factor(Double - SqFt/Unit)":10000,"Current_Area":61023.901446560514,"Lot_Width":308.61978958547115,"Lot_Depth":314.62830775976181,"Shape_Length":1246.4961946904659,"Shape_Area":97100.522138450557,"Split_Area_Floor":20000,"Split_Width_Floor":160}},{"type":"Feature","id":7223,"geometry":{"type":"Polygon","coordinates":[[[-106.46086990019836,31.851710606458024],[-106.46157572443505,31.851939528958422],[-106.46128551207376,31.851422267288939],[-106.46086990019836,31.851710606458024]]]},"properties":{"OBJECTID":7223,"PIDN":"M82099900701300","CITY_OWNED":" ","STATE_CD":"A1","LAND_ACRES":0.85709999999999997,"YR_BLT":"1958","City_Taxes":" ","District_Key(String)":"R-2","Min_Lot_Area(Double - SqFt)":10000,"Min_Lot_Width(Double - Feet)":80,"Min_Lot_Depth":110,"Front_Setback(Double - Feet)":25,"Rear_Setback(Double - Feet)":25,"Side_Setback(Double - Feet)":8,"Max_Density_Factor(Double - SqFt/Unit)":10000,"Current_Area":38717.104008816619,"Lot_Width":254.41058041155338,"Lot_Depth":266.42597632110119,"Shape_Length":1041.6731134653091,"Shape_Area":67781.587272566132,"Split_Area_Floor":20000,"Split_Width_Floor":160}},{"type":"Feature","id":7226,"geometry":{"type":"Polygon","coordinates":[[[-106.46035170457662,31.85189441723092],[-106.46106363616487,31.852130064063182],[-106.46076599209894,31.851605837791563],[-106.46035170457662,31.85189441723092]]]},"properties":{"OBJECTID":7226,"PIDN":"M82099900703700","CITY_OWNED":" ","STATE_CD":"A1","LAND_ACRES":0.59330000000000005,"YR_BLT":"1958","City_Taxes":" ","District_Key(String)":"R-2","Min_Lot_Area(Double - SqFt)":10000,"Min_Lot_Width(Double - Feet)":80,"Min_Lot_Depth":110,"Front_Setback(Double - Feet)":25,"Rear_Setback(Double - Feet)":25,"Side_Setback(Double - Feet)":8,"Max_Density_Factor(Double - SqFt/Unit)":10000,"Current_Area":29323.15484476717,"Lot_Width":20.402190163731575,"Lot_Depth":36.153471007943153,"Shape_Length":113.11132234334946,"Shape_Area":737.60999058301252,"Split_Area_Floor":20000,"Split_Width_Floor":160}},{"type":"Feature","id":7227,"geometry":{"type":"Polygon","coordinates":[[[-106.46035170457662,31.85189441723092],[-106.46106363616487,31.852130064063182],[-106.46076599209894,31.851605837791563],[-106.46035170457662,31.85189441723092]]]},"properties":{"OBJECTID":7227,"PIDN":"M82099900703700","CITY_OWNED":" ","STATE_CD":"A1","LAND_ACRES":0.59330000000000005,"YR_BLT":"1958","City_Taxes":" ","District_Key(String)":"R-2","Min_Lot_Area(Double - SqFt)":10000,"Min_Lot_Width(Double - Feet)":80,"Min_Lot_Depth":110,"Front_Setback(Double - Feet)":25,"Rear_Setback(Double - Feet)":25,"Side_Setback(Double - Feet)":8,"Max_Density_Factor(Double - SqFt/Unit)":10000,"Current_Area":29323.15484476717,"Lot_Width":216.00744199752808,"Lot_Depth":222.10749541223049,"Shape_Length":876.22987481951714,"Shape_Area":47976.871932473608,"Split_Area_Floor":20000,"Split_Width_Floor":160}},{"type":"Feature","id":7229,"geometry":{"type":"Polygon","coordinates":[[[-106.47006738921166,31.85176486546565],[-106.47035316145688,31.851090136417547],[-106.46974239970911,31.850990302793456],[-106.47006738921166,31.85176486546565]]]},"properties":{"OBJECTID":7229,"PIDN":"X58199921401493","CITY_OWNED":" ","STATE_CD":"A1","LAND_ACRES":1.1339999999999999,"YR_BLT":"1985","City_Taxes":" ","District_Key(String)":"R-2","Min_Lot_Area(Double - SqFt)":10000,"Min_Lot_Width(Double - Feet)":80,"Min_Lot_Depth":110,"Front_Setback(Double - Feet)":25,"Rear_Setback(Double - Feet)":25,"Side_Setback(Double - Feet)":8,"Max_Density_Factor(Double - SqFt/Unit)":10000,"Current_Area":52210.116294334162,"Lot_Width":252.10317033529282,"Lot_Depth":300.28548866510391,"Shape_Length":1104.7773180007935,"Shape_Area":75702.923698155326,"Split_Area_Floor":20000,"Split_Width_Floor":160}},{"type":"Feature","id":7230,"geometry":{"type":"Polygon","coordinates":[[[-106.46728405418963,31.851806325126695],[-106.46787417802904,31.851513491389966],[-106.46744908087541,31.851387565947867],[-106.46728405418963,31.851806325126695]]]},"properties":{"OBJECTID":7230,"PIDN":"M82099901206500","CITY_OWNED":" ","STATE_CD":"A1","LAND_ACRES":0.51029999999999998,"YR_BLT":"1959","City_Taxes":" ","District_Key(String)":"R-2","Min_Lot_Area(Double - SqFt)":10000,"Min_Lot_Width(Double - Feet)":80,"Min_Lot_Depth":110,"Front_Setback(Double - Feet)":25,"Rear_Setback(Double - Feet)":25,"Side_Setback(Double - Feet)":8,"Max_Density_Factor(Double - SqFt/Unit)":10000,"Current_Area":21216.743914739236,"Lot_Width":188.83328375220299,"Lot_Depth":195.46351984143257,"Shape_Length":768.59360718727112,"Shape_Area":36910.018305421596,"Split_Area_Floor":20000,"Split_Width_Floor":160}},{"type":"Feature","id":7231,"geometry":{"type":"Polygon","coordinates":[[[-106.45971213501936,31.852259336716411],[-106.46034101259831,31.852122097089563],[-106.45998788156332,31.851827193754957],[-106.45971213501936,31.852259336716411]]]},"properties":{"OBJECTID":7231,"PIDN":"M82099900205100","CITY_OWNED":" ","STATE_CD":"A1","LAND_ACRES":0.52139999999999997,"YR_BLT":"1968","City_Taxes":" ","District_Key(String)":"R-2","Min_Lot_Area(Double - SqFt)":10000,"Min_Lot_Width(Double - Feet)":80,"Min_Lot_Depth":110,"Front_Setback(Double - Feet)":25,"Rear_Setback(Double - Feet)":25,"Side_Setback(Double - Feet)":8,"Max_Density_Factor(Double - SqFt/Unit)":10000,"Current_Area":20401.284346097131,"Lot_Width":167.60662017762661,"Lot_Depth":216.68362176418304,"Shape_Length":768.58048388361931,"Shape_Area":36317.609491741932,"Split_Area_Floor":20000,"Split_Width_Floor":160}},{"type":"Feature","id":7232,"geometry":{"type":"Polygon","coordinates":[[[-106.46801545671072,31.85203086341139],[-106.46830941491251,31.851492347384049],[-106.46787417802904,31.851513491389966],[-106.46801545671072,31.85203086341139]]]},"properties":{"OBJECTID":7232,"PIDN":"M82099901208100","CITY_OWNED":" ","STATE_CD":"A1","LAND_ACRES":0.54139999999999999,"YR_BLT":"1962","City_Taxes":" ","District_Key(String)":"R-2","Min_Lot_Area(Double - SqFt)":10000,"Min_Lot_Width(Double - Feet)":80,"Min_Lot_Depth":110,"Front_Setback(Double - Feet)":25,"Rear_Setback(Double - Feet)":25,"Side_Setback(Double - Feet)":8,"Max_Density_Factor(Double - SqFt/Unit)":10000,"Current_Area":27678.261962032317,"Lot_Width":196.03405675292015,"Lot_Depth":205.38574409484863,"Shape_Length":802.83960169553757,"Shape_Area":40262.600614130293,"Split_Area_Floor":20000,"Split_Width_Floor":160}},{"type":"Feature","id":7248,"geometry":{"type":"Polygon","coordinates":[[[-106.46136055460182,31.852094951195784],[-106.46166997148215,31.852580910881386],[-106.46203588069064,31.852401279316897],[-106.46136055460182,31.852094951195784]]]},"properties":{"OBJECTID":7248,"PIDN":"M82099900603700","CITY_OWNED":" ","STATE_CD":"A1","LAND_ACRES":0.50939999999999996,"YR_BLT":"1957","City_Taxes":" ","District_Key(String)":"R-2","Min_Lot_Area(Double - SqFt)":10000,"Min_Lot_Width(Double - Feet)":80,"Min_Lot_Depth":110,"Front_Setback(Double - Feet)":25,"Rear_Setback(Double - Feet)":25,"Side_Setback(Double - Feet)":8,"Max_Density_Factor(Double - SqFt/Unit)":10000,"Current_Area":24928.815914033883,"Lot_Width":203.24106332659721,"Lot_Depth":228.7465897500515,"Shape_Length":863.97530615329742,"Shape_Area":46490.700133133367,"Split_Area_Floor":20000,"Split_Width_Floor":160}},{"type":"Feature","id":7260,"geometry":{"type":"Polygon","coordinates":[[[-106.42444561472939,31.854461411356013],[-106.4249477724196,31.854456163997504],[-106.42492910478906,31.853676593860857],[-106.42444561472939,31.854461411356013]]]},"properties":{"OBJECTID":7260,"PIDN":"S917999002B8500","CITY_OWNED":" ","STATE_CD":"A1","LAND_ACRES":0.99960000000000004,"YR_BLT":"1943","City_Taxes":" ","District_Key(String)":"A-1","Min_Lot_Area(Double - SqFt)":4000,"Min_Lot_Width(Double - Feet)":40,"Min_Lot_Depth":90,"Front_Setback(Double - Feet)":10,"Rear_Setback(Double - Feet)":15,"Side_Setback(Double - Feet)":5,"Max_Density_Factor(Double - SqFt/Unit)":4000,"Current_Area":43980.424423638993,"Lot_Width":165.52657182514668,"Lot_Depth":288.46005299687386,"Shape_Length":907.97324964404106,"Shape_Area":47747.803681072655,"Split_Area_Floor":8000,"Split_Width_Floor":80}},{"type":"Feature","id":7271,"geometry":{"type":"Polygon","coordinates":[[[-106.44507350669627,31.853664325261906],[-106.44512516316817,31.853327180198164],[-106.44473311313305,31.85333274669518],[-106.44507350669627,31.853664325261906]]]},"properties":{"OBJECTID":7271,"PIDN":"S922999003D0400","CITY_OWNED":" ","STATE_CD":"A1","LAND_ACRES":0.35289999999999999,"YR_BLT":"1925","City_Taxes":" ","District_Key(String)":"R-4","Min_Lot_Area(Double - SqFt)":6000,"Min_Lot_Width(Double - Feet)":50,"Min_Lot_Depth":90,"Front_Setback(Double - Feet)":10,"Rear_Setback(Double - Feet)":10,"Side_Setback(Double - Feet)":5,"Max_Density_Factor(Double - SqFt/Unit)":6000,"Current_Area":14997.995596520273,"Lot_Width":125.46464408934116,"Lot_Depth":126.74023209512234,"Shape_Length":504.409752368927,"Shape_Area":15901.418111615018,"Split_Area_Floor":12000,"Split_Width_Floor":100}},{"type":"Feature","id":7276,"geometry":{"type":"Polygon","coordinates":[[[-106.44741795273725,31.853632870310335],[-106.44763534554846,31.853275812522114],[-106.44699634771638,31.853295980316464],[-106.44741795273725,31.853632870310335]]]},"properties":{"OBJECTID":7276,"PIDN":"S922999003C5200","CITY_OWNED":" ","STATE_CD":"A1","LAND_ACRES":0.57850000000000001,"YR_BLT":"1946","City_Taxes":" ","District_Key(String)":"R-4","Min_Lot_Area(Double - SqFt)":6000,"Min_Lot_Width(Double - Feet)":50,"Min_Lot_Depth":90,"Front_Setback(Double - Feet)":10,"Rear_Setback(Double - Feet)":10,"Side_Setback(Double - Feet)":5,"Max_Density_Factor(Double - SqFt/Unit)":6000,"Current_Area":25008.947559624088,"Lot_Width":130.37998858094215,"Lot_Depth":202.70366282761097,"Shape_Length":666.16730281710625,"Shape_Area":26428.501244779065,"Split_Area_Floor":12000,"Split_Width_Floor":100}},{"type":"Feature","id":7287,"geometry":{"type":"Polygon","coordinates":[[[-106.45556152896712,31.85349965623481],[-106.45556176556451,31.853110220732496],[-106.45525136495998,31.853123439585197],[-106.45556152896712,31.85349965623481]]]},"properties":{"OBJECTID":7287,"PIDN":"M80699900408700","CITY_OWNED":" ","STATE_CD":"A1","LAND_ACRES":0.27550000000000002,"YR_BLT":"1966","City_Taxes":" ","District_Key(String)":"R-4","Min_Lot_Area(Double - SqFt)":6000,"Min_Lot_Width(Double - Feet)":50,"Min_Lot_Depth":90,"Front_Setback(Double - Feet)":10,"Rear_Setback(Double - Feet)":10,"Side_Setback(Double - Feet)":5,"Max_Density_Factor(Double - SqFt/Unit)":6000,"Current_Area":13563.411158028026,"Lot_Width":101.68516407907009,"Lot_Depth":143.09387391805649,"Shape_Length":489.55807599425316,"Shape_Area":14550.524048067342,"Split_Area_Floor":12000,"Split_Width_Floor":100}},{"type":"Feature","id":7288,"geometry":{"type":"Polygon","coordinates":[[[-106.45557130623949,31.853499581257438],[-106.45597783166431,31.853128417385939],[-106.45556176556451,31.853110220732496],[-106.45557130623949,31.853499581257438]]]},"properties":{"OBJECTID":7288,"PIDN":"M80699900408500","CITY_OWNED":" ","STATE_CD":"A1","LAND_ACRES":0.35809999999999997,"YR_BLT":"2003","City_Taxes":" ","District_Key(String)":"R-4","Min_Lot_Area(Double - SqFt)":6000,"Min_Lot_Width(Double - Feet)":50,"Min_Lot_Depth":90,"Front_Setback(Double - Feet)":10,"Rear_Setback(Double - Feet)":10,"Side_Setback(Double - Feet)":5,"Max_Density_Factor(Double - SqFt/Unit)":6000,"Current_Area":19101.30673274678,"Lot_Width":140.12143890559673,"Lot_Depth":147.50003308057785,"Shape_Length":575.24294397234917,"Shape_Area":20667.916873873688,"Split_Area_Floor":12000,"Split_Width_Floor":100}},{"type":"Feature","id":7290,"geometry":{"type":"Polygon","coordinates":[[[-106.44475500579868,31.85402052151607],[-106.44508498868116,31.854018658011512],[-106.44507350669627,31.853664325261906],[-106.44475500579868,31.85402052151607]]]},"properties":{"OBJECTID":7290,"PIDN":"S922999003D1300","CITY_OWNED":" ","STATE_CD":"A1","LAND_ACRES":0.2893,"YR_BLT":"2003","City_Taxes":" ","District_Key(String)":"R-4","Min_Lot_Area(Double - SqFt)":6000,"Min_Lot_Width(Double - Feet)":50,"Min_Lot_Depth":90,"Front_Setback(Double - Feet)":10,"Rear_Setback(Double - Feet)":10,"Side_Setback(Double - Feet)":5,"Max_Density_Factor(Double - SqFt/Unit)":6000,"Current_Area":13089.635986812962,"Lot_Width":105.86232109367847,"Lot_Depth":131.14737549424171,"Shape_Length":474.01939317584038,"Shape_Area":13883.565575164635,"Split_Area_Floor":12000,"Split_Width_Floor":100}},{"type":"Feature","id":7292,"geometry":{"type":"Polygon","coordinates":[[[-106.44508498868116,31.854018658011512],[-106.44541237287901,31.85400740484652],[-106.44539489954438,31.853655574320204],[-106.44508498868116,31.854018658011512]]]},"properties":{"OBJECTID":7292,"PIDN":"S922999003D1000","CITY_OWNED":" ","STATE_CD":"A1","LAND_ACRES":0.2893,"YR_BLT":"1959","City_Taxes":" ","District_Key(String)":"R-4","Min_Lot_Area(Double - SqFt)":6000,"Min_Lot_Width(Double - Feet)":50,"Min_Lot_Depth":90,"Front_Setback(Double - Feet)":10,"Rear_Setback(Double - Feet)":10,"Side_Setback(Double - Feet)":5,"Max_Density_Factor(Double - SqFt/Unit)":6000,"Current_Area":12951.651795416921,"Lot_Width":103.33706367015839,"Lot_Depth":130.39868932962418,"Shape_Length":467.47150599956512,"Shape_Area":13475.017661760576,"Split_Area_Floor":12000,"Split_Width_Floor":100}},{"type":"Feature","id":7294,"geometry":{"type":"Polygon","coordinates":[[[-106.46139013670346,31.852818167294327],[-106.46163151331272,31.85328213508668],[-106.4620253397469,31.853064178484956],[-106.46139013670346,31.852818167294327]]]},"properties":{"OBJECTID":7294,"PIDN":"M82099900502500","CITY_OWNED":" ","STATE_CD":"A1","LAND_ACRES":0.49790000000000001,"YR_BLT":"1962","City_Taxes":" ","District_Key(String)":"R-2","Min_Lot_Area(Double - SqFt)":10000,"Min_Lot_Width(Double - Feet)":80,"Min_Lot_Depth":110,"Front_Setback(Double - Feet)":25,"Rear_Setback(Double - Feet)":25,"Side_Setback(Double - Feet)":8,"Max_Density_Factor(Double - SqFt/Unit)":10000,"Current_Area":24391.898022250498,"Lot_Width":192.00814616680145,"Lot_Depth":222.82796642184258,"Shape_Length":829.67222517728806,"Shape_Area":42784.784746776277,"Split_Area_Floor":20000,"Split_Width_Floor":160}},{"type":"Feature","id":7297,"geometry":{"type":"Polygon","coordinates":[[[-106.46944303935963,31.852939129990308],[-106.46987767070561,31.852687071776003],[-106.46936063091546,31.852095164994797],[-106.46944303935963,31.852939129990308]]]},"properties":{"OBJECTID":7297,"PIDN":"M82099901304800","CITY_OWNED":" ","STATE_CD":"A1","LAND_ACRES":1.0764,"YR_BLT":"1978","City_Taxes":" ","District_Key(String)":"R-2","Min_Lot_Area(Double - SqFt)":10000,"Min_Lot_Width(Double - Feet)":80,"Min_Lot_Depth":110,"Front_Setback(Double - Feet)":25,"Rear_Setback(Double - Feet)":25,"Side_Setback(Double - Feet)":8,"Max_Density_Factor(Double - SqFt/Unit)":10000,"Current_Area":46424.487010789664,"Lot_Width":221.79056692123413,"Lot_Depth":312.89963667094707,"Shape_Length":1069.3804071843624,"Shape_Area":69398.187806697533,"Split_Area_Floor":20000,"Split_Width_Floor":160}},{"type":"Feature","id":7302,"geometry":{"type":"Polygon","coordinates":[[[-106.46111057771468,31.85308020519896],[-106.46163151331272,31.85328213508668],[-106.46139013670346,31.852818167294327],[-106.46111057771468,31.85308020519896]]]},"properties":{"OBJECTID":7302,"PIDN":"M82099900501300","CITY_OWNED":" ","STATE_CD":"A1","LAND_ACRES":0.49930000000000002,"YR_BLT":"1961","City_Taxes":" ","District_Key(String)":"R-2","Min_Lot_Area(Double - SqFt)":10000,"Min_Lot_Width(Double - Feet)":80,"Min_Lot_Depth":110,"Front_Setback(Double - Feet)":25,"Rear_Setback(Double - Feet)":25,"Side_Setback(Double - Feet)":8,"Max_Density_Factor(Double - SqFt/Unit)":10000,"Current_Area":24712.311837695364,"Lot_Width":169.03607924282551,"Lot_Depth":241.82366333901882,"Shape_Length":821.71948516368866,"Shape_Area":40876.923918964741,"Split_Area_Floor":20000,"Split_Width_Floor":160}},{"type":"Feature","id":7322,"geometry":{"type":"Polygon","coordinates":[[[-106.43357546761453,31.85507556419736],[-106.43373719236416,31.854704659762955],[-106.43348932891972,31.854711799202718],[-106.43357546761453,31.85507556419736]]]},"properties":{"OBJECTID":7322,"PIDN":"S917999002A6100","CITY_OWNED":" ","STATE_CD":"A1","LAND_ACRES":0.2339,"YR_BLT":"1948","City_Taxes":" ","District_Key(String)":"A-2","Min_Lot_Area(Double - SqFt)":3500,"Min_Lot_Width(Double - Feet)":35,"Min_Lot_Depth":90,"Front_Setback(Double - Feet)":10,"Rear_Setback(Double - Feet)":15,"Side_Setback(Double - Feet)":5,"Max_Density_Factor(Double - SqFt/Unit)":3500,"Current_Area":10176.376065881248,"Lot_Width":80.720639079809189,"Lot_Depth":135.92525307834148,"Shape_Length":433.29178431630135,"Shape_Area":10971.973295568527,"Split_Area_Floor":7000,"Split_Width_Floor":70}},{"type":"Feature","id":7326,"geometry":{"type":"Polygon","coordinates":[[[-106.44991913791173,31.854439460941823],[-106.4503604878478,31.854431114879141],[-106.45034912991579,31.854087741816265],[-106.44991913791173,31.854439460941823]]]},"properties":{"OBJECTID":7326,"PIDN":"S922999003B3700","CITY_OWNED":" ","STATE_CD":"A1","LAND_ACRES":0.39050000000000001,"YR_BLT":"1959","City_Taxes":" ","District_Key(String)":"R-4","Min_Lot_Area(Double - SqFt)":6000,"Min_Lot_Width(Double - Feet)":50,"Min_Lot_Depth":90,"Front_Setback(Double - Feet)":10,"Rear_Setback(Double - Feet)":10,"Side_Setback(Double - Feet)":5,"Max_Density_Factor(Double - SqFt/Unit)":6000,"Current_Area":17063.594809813527,"Lot_Width":130.24055315554142,"Lot_Depth":140.34420749545097,"Shape_Length":541.16952130198479,"Shape_Area":18278.507216383616,"Split_Area_Floor":12000,"Split_Width_Floor":100}},{"type":"Feature","id":7340,"geometry":{"type":"Polygon","coordinates":[[[-106.45571442353891,31.854289279419881],[-106.45602320828687,31.854003162050791],[-106.4555912276201,31.854018978244348],[-106.45571442353891,31.854289279419881]]]},"properties":{"OBJECTID":7340,"PIDN":"M80699900406400","CITY_OWNED":" ","STATE_CD":"A1","LAND_ACRES":0.2984,"YR_BLT":"1965","City_Taxes":" ","District_Key(String)":"R-4","Min_Lot_Area(Double - SqFt)":6000,"Min_Lot_Width(Double - Feet)":50,"Min_Lot_Depth":90,"Front_Setback(Double - Feet)":10,"Rear_Setback(Double - Feet)":10,"Side_Setback(Double - Feet)":5,"Max_Density_Factor(Double - SqFt/Unit)":6000,"Current_Area":13421.118342591608,"Lot_Width":103.84362432360649,"Lot_Depth":134.24513833224773,"Shape_Length":476.17752531170845,"Shape_Area":13940.501712244519,"Split_Area_Floor":12000,"Split_Width_Floor":100}},{"type":"Feature","id":7346,"geometry":{"type":"Polygon","coordinates":[[[-106.44782957308125,31.854821332149857],[-106.44831318175947,31.854469471409903],[-106.44781716429429,31.854480377826107],[-106.44782957308125,31.854821332149857]]]},"properties":{"OBJECTID":7346,"PIDN":"S922999003B2500","CITY_OWNED":" ","STATE_CD":"A1","LAND_ACRES":0.43390000000000001,"YR_BLT":"1975","City_Taxes":" ","District_Key(String)":"R-4","Min_Lot_Area(Double - SqFt)":6000,"Min_Lot_Width(Double - Feet)":50,"Min_Lot_Depth":90,"Front_Setback(Double - Feet)":10,"Rear_Setback(Double - Feet)":10,"Side_Setback(Double - Feet)":5,"Max_Density_Factor(Double - SqFt/Unit)":6000,"Current_Area":19042.455418354552,"Lot_Width":128.99974200129509,"Lot_Depth":156.967205747962,"Shape_Length":571.93389549851418,"Shape_Area":20248.7290441513,"Split_Area_Floor":12000,"Split_Width_Floor":100}},{"type":"Feature","id":7349,"geometry":{"type":"Polygon","coordinates":[[[-106.45864893243882,31.853811574507283],[-106.45864518170028,31.854360374178306],[-106.45946701866589,31.853857379154508],[-106.45864893243882,31.853811574507283]]]},"properties":{"OBJECTID":7349,"PIDN":"M80699900100100","CITY_OWNED":" ","STATE_CD":"A1","LAND_ACRES":0.66120000000000001,"YR_BLT":"1966","City_Taxes":" ","District_Key(String)":"R-2","Min_Lot_Area(Double - SqFt)":10000,"Min_Lot_Width(Double - Feet)":80,"Min_Lot_Depth":110,"Front_Setback(Double - Feet)":25,"Rear_Setback(Double - Feet)":25,"Side_Setback(Double - Feet)":8,"Max_Density_Factor(Double - SqFt/Unit)":10000,"Current_Area":29984.540758448231,"Lot_Width":217.90277941524982,"Lot_Depth":264.86790859699249,"Shape_Length":965.54137602448463,"Shape_Area":57715.453461189005,"Split_Area_Floor":20000,"Split_Width_Floor":160}},{"type":"Feature","id":7350,"geometry":{"type":"Polygon","coordinates":[[[-106.44992634523732,31.85478462578876],[-106.45057835523762,31.854772637257142],[-106.45056858754742,31.854426959474441],[-106.44992634523732,31.85478462578876]]]},"properties":{"OBJECTID":7350,"PIDN":"S922999003B3400","CITY_OWNED":" ","STATE_CD":"A1","LAND_ACRES":0.57850000000000001,"YR_BLT":"1947","City_Taxes":" ","District_Key(String)":"R-4","Min_Lot_Area(Double - SqFt)":6000,"Min_Lot_Width(Double - Feet)":50,"Min_Lot_Depth":90,"Front_Setback(Double - Feet)":10,"Rear_Setback(Double - Feet)":10,"Side_Setback(Double - Feet)":5,"Max_Density_Factor(Double - SqFt/Unit)":6000,"Current_Area":25396.402032646311,"Lot_Width":132.27270133793354,"Lot_Depth":206.26730400323868,"Shape_Length":677.08001068234444,"Shape_Area":27283.533498201134,"Split_Area_Floor":12000,"Split_Width_Floor":100}},{"type":"Feature","id":7357,"geometry":{"type":"Polygon","coordinates":[[[-106.45616601976664,31.854549660666841],[-106.45667874228972,31.854540173173046],[-106.45667190111979,31.85426803791367],[-106.45616601976664,31.854549660666841]]]},"properties":{"OBJECTID":7357,"PIDN":"M80699900306100","CITY_OWNED":" ","STATE_CD":"A1","LAND_ACRES":0.34660000000000002,"YR_BLT":"1965","City_Taxes":" ","District_Key(String)":"R-4","Min_Lot_Area(Double - SqFt)":6000,"Min_Lot_Width(Double - Feet)":50,"Min_Lot_Depth":90,"Front_Setback(Double - Feet)":10,"Rear_Setback(Double - Feet)":10,"Side_Setback(Double - Feet)":5,"Max_Density_Factor(Double - SqFt/Unit)":6000,"Current_Area":15673.967050774429,"Lot_Width":103.97846658527851,"Lot_Depth":162.47605299949646,"Shape_Length":532.90903916954994,"Shape_Area":16894.010847716083,"Split_Area_Floor":12000,"Split_Width_Floor":100}},{"type":"Feature","id":7366,"geometry":{"type":"Polygon","coordinates":[[[-106.45617200733716,31.854828512567018],[-106.45667874228972,31.854540173173046],[-106.45616601976664,31.854549660666841],[-106.45617200733716,31.854828512567018]]]},"properties":{"OBJECTID":7366,"PIDN":"M80699900306600","CITY_OWNED":" ","STATE_CD":"A1","LAND_ACRES":0.34660000000000002,"YR_BLT":"1965","City_Taxes":" ","District_Key(String)":"R-4","Min_Lot_Area(Double - SqFt)":6000,"Min_Lot_Width(Double - Feet)":50,"Min_Lot_Depth":90,"Front_Setback(Double - Feet)":10,"Rear_Setback(Double - Feet)":10,"Side_Setback(Double - Feet)":5,"Max_Density_Factor(Double - SqFt/Unit)":6000,"Current_Area":15970.783980060409,"Lot_Width":103.67072442173958,"Lot_Depth":162.8746742606163,"Shape_Length":533.09079736471176,"Shape_Area":16885.335470552953,"Split_Area_Floor":12000,"Split_Width_Floor":100}},{"type":"Feature","id":7376,"geometry":{"type":"Polygon","coordinates":[[[-106.457607683565,31.854588179825804],[-106.45786395480448,31.854864048193807],[-106.45834220444226,31.854559735486582],[-106.457607683565,31.854588179825804]]]},"properties":{"OBJECTID":7376,"PIDN":"M80699900107100","CITY_OWNED":" ","STATE_CD":"A1","LAND_ACRES":0.46560000000000001,"YR_BLT":"1965","City_Taxes":" ","District_Key(String)":"R-2","Min_Lot_Area(Double - SqFt)":10000,"Min_Lot_Width(Double - Feet)":80,"Min_Lot_Depth":110,"Front_Setback(Double - Feet)":25,"Rear_Setback(Double - Feet)":25,"Side_Setback(Double - Feet)":8,"Max_Density_Factor(Double - SqFt/Unit)":10000,"Current_Area":20834.250498967296,"Lot_Width":181.91138158738613,"Lot_Depth":228.29416283965111,"Shape_Length":820.41108885407448,"Shape_Area":41529.306570496643,"Split_Area_Floor":20000,"Split_Width_Floor":160}},{"type":"Feature","id":7379,"geometry":{"type":"Polygon","coordinates":[[[-106.443186507517,31.855630048382242],[-106.44292250224775,31.855154839850616],[-106.44270339994971,31.855637416361951],[-106.443186507517,31.855630048382242]]]},"properties":{"OBJECTID":7379,"PIDN":"S912999001A4600","CITY_OWNED":" ","STATE_CD":"A1","LAND_ACRES":0.5877,"YR_BLT":"1958","City_Taxes":" ","District_Key(String)":"R-4","Min_Lot_Area(Double - SqFt)":6000,"Min_Lot_Width(Double - Feet)":50,"Min_Lot_Depth":90,"Front_Setback(Double - Feet)":10,"Rear_Setback(Double - Feet)":10,"Side_Setback(Double - Feet)":5,"Max_Density_Factor(Double - SqFt/Unit)":6000,"Current_Area":25760.749507066917,"Lot_Width":178.9478048235178,"Lot_Depth":205.47235809266567,"Shape_Length":768.84032583236694,"Shape_Area":36768.827432594291,"Split_Area_Floor":12000,"Split_Width_Floor":100}},{"type":"Feature","id":7381,"geometry":{"type":"Polygon","coordinates":[[[-106.44367251571718,31.855620708966896],[-106.44398234316338,31.855139725506277],[-106.44333468392634,31.855148963078996],[-106.44367251571718,31.855620708966896]]]},"properties":{"OBJECTID":7381,"PIDN":"S912999001A4900","CITY_OWNED":" ","STATE_CD":"A1","LAND_ACRES":0.79430000000000001,"YR_BLT":"1958","City_Taxes":" ","District_Key(String)":"R-5","Min_Lot_Area(Double - SqFt)":4500,"Min_Lot_Width(Double - Feet)":45,"Min_Lot_Depth":90,"Front_Setback(Double - Feet)":10,"Rear_Setback(Double - Feet)":10,"Side_Setback(Double - Feet)":5,"Max_Density_Factor(Double - SqFt/Unit)":4500,"Current_Area":34895.816911931477,"Lot_Width":180.13152951002121,"Lot_Depth":207.09341783821583,"Shape_Length":774.44989469647408,"Shape_Area":37304.054106655727,"Split_Area_Floor":9000,"Split_Width_Floor":90}},{"type":"Feature","id":7383,"geometry":{"type":"Polygon","coordinates":[[[-106.44481442079021,31.855601083823544],[-106.44547277318001,31.855108671985235],[-106.44413472376316,31.855129008006045],[-106.44481442079021,31.855601083823544]]]},"properties":{"OBJECTID":7383,"PIDN":"S912999001A5200","CITY_OWNED":" ","STATE_CD":"A1","LAND_ACRES":1.5886,"YR_BLT":"1948","City_Taxes":" ","District_Key(String)":"R-4","Min_Lot_Area(Double - SqFt)":6000,"Min_Lot_Width(Double - Feet)":50,"Min_Lot_Depth":90,"Front_Setback(Double - Feet)":10,"Rear_Setback(Double - Feet)":10,"Side_Setback(Double - Feet)":5,"Max_Density_Factor(Double - SqFt/Unit)":6000,"Current_Area":73174.839109026638,"Lot_Width":190.588857665658,"Lot_Depth":420.68419800698757,"Shape_Length":1222.5461113452911,"Shape_Area":80177.720736145246,"Split_Area_Floor":12000,"Split_Width_Floor":100}},{"type":"Feature","id":7390,"geometry":{"type":"Polygon","coordinates":[[[-106.4502679468917,31.855503569086263],[-106.45056863767358,31.855319543293774],[-106.44993608005842,31.855227288401469],[-106.4502679468917,31.855503569086263]]]},"properties":{"OBJECTID":7390,"PIDN":"S912999001A8800","CITY_OWNED":" ","STATE_CD":"A1","LAND_ACRES":0.3765,"YR_BLT":"2011","City_Taxes":" ","District_Key(String)":"R-4","Min_Lot_Area(Double - SqFt)":6000,"Min_Lot_Width(Double - Feet)":50,"Min_Lot_Depth":90,"Front_Setback(Double - Feet)":10,"Rear_Setback(Double - Feet)":10,"Side_Setback(Double - Feet)":5,"Max_Density_Factor(Double - SqFt/Unit)":6000,"Current_Area":16526.065309872181,"Lot_Width":110.16382166743279,"Lot_Depth":197.79848891496658,"Shape_Length":615.92462116479874,"Shape_Area":21790.237458916061,"Split_Area_Floor":12000,"Split_Width_Floor":100}},{"type":"Feature","id":7391,"geometry":{"type":"Polygon","coordinates":[[[-106.45726570017064,31.854822923178762],[-106.45731332993664,31.855197538209417],[-106.45776761079577,31.854932099697326],[-106.45726570017064,31.854822923178762]]]},"properties":{"OBJECTID":7391,"PIDN":"M80699900300100","CITY_OWNED":" ","STATE_CD":"A1","LAND_ACRES":0.36299999999999999,"YR_BLT":"1965","City_Taxes":" ","District_Key(String)":"P-R 1","Min_Lot_Area(Double - SqFt)":4000,"Min_Lot_Width(Double - Feet)":40,"Min_Lot_Depth":100,"Front_Setback(Double - Feet)":10,"Rear_Setback(Double - Feet)":10,"Side_Setback(Double - Feet)":5,"Max_Density_Factor(Double - SqFt/Unit)":4000,"Current_Area":16891.729187270001,"Lot_Width":153.42226533591747,"Lot_Depth":193.22303874790668,"Shape_Length":693.29060816764832,"Shape_Area":29644.716319793602,"Split_Area_Floor":8000,"Split_Width_Floor":80}},{"type":"Feature","id":7398,"geometry":{"type":"Polygon","coordinates":[[[-106.45556611011853,31.855392089742345],[-106.45605384787761,31.855102352176036],[-106.45556258527124,31.855112132237565],[-106.45556611011853,31.855392089742345]]]},"properties":{"OBJECTID":7398,"PIDN":"M80699900403600","CITY_OWNED":" ","STATE_CD":"A1","LAND_ACRES":0.34439999999999998,"YR_BLT":"1965","City_Taxes":" ","District_Key(String)":"R-4","Min_Lot_Area(Double - SqFt)":6000,"Min_Lot_Width(Double - Feet)":50,"Min_Lot_Depth":90,"Front_Setback(Double - Feet)":10,"Rear_Setback(Double - Feet)":10,"Side_Setback(Double - Feet)":5,"Max_Density_Factor(Double - SqFt/Unit)":6000,"Current_Area":15479.365591659498,"Lot_Width":102.67171066999435,"Lot_Depth":157.01149700582027,"Shape_Length":519.36641535162926,"Shape_Area":16120.638992444265,"Split_Area_Floor":12000,"Split_Width_Floor":100}},{"type":"Feature","id":7401,"geometry":{"type":"Polygon","coordinates":[[[-106.45670903926602,31.855368682863801],[-106.45731332993664,31.855197538209417],[-106.45726570017064,31.854822923178762],[-106.45670903926602,31.855368682863801]]]},"properties":{"OBJECTID":7401,"PIDN":"M80699900300600","CITY_OWNED":" ","STATE_CD":"A1","LAND_ACRES":0.67600000000000005,"YR_BLT":"1966","City_Taxes":" ","District_Key(String)":"P-R 1","Min_Lot_Area(Double - SqFt)":4000,"Min_Lot_Width(Double - Feet)":40,"Min_Lot_Depth":100,"Front_Setback(Double - Feet)":10,"Rear_Setback(Double - Feet)":10,"Side_Setback(Double - Feet)":5,"Max_Density_Factor(Double - SqFt/Unit)":4000,"Current_Area":28639.940091625427,"Lot_Width":190.77356858551502,"Lot_Depth":202.84867566823959,"Shape_Length":787.24448850750923,"Shape_Area":38698.165740075798,"Split_Area_Floor":8000,"Split_Width_Floor":80}},{"type":"Feature","id":7403,"geometry":{"type":"Polygon","coordinates":[[[-106.45861029514191,31.854926420412248],[-106.45877042647938,31.855294114010807],[-106.45908428421957,31.855192563237438],[-106.45861029514191,31.854926420412248]]]},"properties":{"OBJECTID":7403,"PIDN":"P35899900207700","CITY_OWNED":" ","STATE_CD":"A1","LAND_ACRES":0.3468,"YR_BLT":"1973","City_Taxes":" ","District_Key(String)":"P-R 1","Min_Lot_Area(Double - SqFt)":4000,"Min_Lot_Width(Double - Feet)":40,"Min_Lot_Depth":100,"Front_Setback(Double - Feet)":10,"Rear_Setback(Double - Feet)":10,"Side_Setback(Double - Feet)":5,"Max_Density_Factor(Double - SqFt/Unit)":4000,"Current_Area":14734.159771206549,"Lot_Width":141.6220920830965,"Lot_Depth":160.80381225049496,"Shape_Length":604.85180866718292,"Shape_Area":22773.372305852557,"Split_Area_Floor":8000,"Split_Width_Floor":80}},{"type":"Feature","id":7405,"geometry":{"type":"Polygon","coordinates":[[[-106.45839562022911,31.85498824408085],[-106.45877042647938,31.855294114010807],[-106.45861029514191,31.854926420412248],[-106.45839562022911,31.85498824408085]]]},"properties":{"OBJECTID":7405,"PIDN":"P35899900207900","CITY_OWNED":" ","STATE_CD":"A1","LAND_ACRES":0.18440000000000001,"YR_BLT":"1972","City_Taxes":" ","District_Key(String)":"P-R 1","Min_Lot_Area(Double - SqFt)":4000,"Min_Lot_Width(Double - Feet)":40,"Min_Lot_Depth":100,"Front_Setback(Double - Feet)":10,"Rear_Setback(Double - Feet)":10,"Side_Setback(Double - Feet)":5,"Max_Density_Factor(Double - SqFt/Unit)":4000,"Current_Area":9679.7338103546572,"Lot_Width":110.07720765471458,"Lot_Depth":155.98656466603279,"Shape_Length":532.12754464149475,"Shape_Area":17170.565470088455,"Split_Area_Floor":8000,"Split_Width_Floor":80}},{"type":"Feature","id":7407,"geometry":{"type":"Polygon","coordinates":[[[-106.44938076831026,31.855794449487259],[-106.44979233154483,31.855787688179369],[-106.44978960143978,31.855506826945589],[-106.44938076831026,31.855794449487259]]]},"properties":{"OBJECTID":7407,"PIDN":"S912999001B8800","CITY_OWNED":" ","STATE_CD":"A1","LAND_ACRES":0.29380000000000001,"YR_BLT":"1958","City_Taxes":" ","District_Key(String)":"R-4","Min_Lot_Area(Double - SqFt)":6000,"Min_Lot_Width(Double - Feet)":50,"Min_Lot_Depth":90,"Front_Setback(Double - Feet)":10,"Rear_Setback(Double - Feet)":10,"Side_Setback(Double - Feet)":5,"Max_Density_Factor(Double - SqFt/Unit)":6000,"Current_Area":12932.662360870549,"Lot_Width":104.56639191508293,"Lot_Depth":132.5003911703825,"Shape_Length":474.13356617093086,"Shape_Area":13855.08783202401,"Split_Area_Floor":12000,"Split_Width_Floor":100}},{"type":"Feature","id":7410,"geometry":{"type":"Polygon","coordinates":[[[-106.45821027791861,31.855091525294579],[-106.45857804192613,31.855357370403958],[-106.45839562022911,31.85498824408085],[-106.45821027791861,31.855091525294579]]]},"properties":{"OBJECTID":7410,"PIDN":"P35899900208100","CITY_OWNED":" ","STATE_CD":"A1","LAND_ACRES":0.1883,"YR_BLT":"1975","City_Taxes":" ","District_Key(String)":"P-R 1","Min_Lot_Area(Double - SqFt)":4000,"Min_Lot_Width(Double - Feet)":40,"Min_Lot_Depth":100,"Front_Setback(Double - Feet)":10,"Rear_Setback(Double - Feet)":10,"Side_Setback(Double - Feet)":5,"Max_Density_Factor(Double - SqFt/Unit)":4000,"Current_Area":8214.99363014142,"Lot_Width":108.69532066583633,"Lot_Depth":156.70966032147408,"Shape_Length":530.80996197462082,"Shape_Area":17033.606780076912,"Split_Area_Floor":8000,"Split_Width_Floor":80}},{"type":"Feature","id":7413,"geometry":{"type":"Polygon","coordinates":[[[-106.45807802849554,31.855271104428965],[-106.45843949958483,31.855417603155107],[-106.45821027791861,31.855091525294579],[-106.45807802849554,31.855271104428965]]]},"properties":{"OBJECTID":7413,"PIDN":"P35899900208300","CITY_OWNED":" ","STATE_CD":"A1","LAND_ACRES":0.17829999999999999,"YR_BLT":"1976","City_Taxes":" ","District_Key(String)":"P-R 1","Min_Lot_Area(Double - SqFt)":4000,"Min_Lot_Width(Double - Feet)":40,"Min_Lot_Depth":100,"Front_Setback(Double - Feet)":10,"Rear_Setback(Double - Feet)":10,"Side_Setback(Double - Feet)":5,"Max_Density_Factor(Double - SqFt/Unit)":4000,"Current_Area":8580.8638440252362,"Lot_Width":126.17560067772865,"Lot_Depth":149.56367725133896,"Shape_Length":551.47855585813522,"Shape_Area":18871.286816757634,"Split_Area_Floor":8000,"Split_Width_Floor":80}},{"type":"Feature","id":7417,"geometry":{"type":"Polygon","coordinates":[[[-106.45568811364234,31.855681697165036],[-106.45607348232126,31.855675487442433],[-106.45606637615359,31.855370991764239],[-106.45568811364234,31.855681697165036]]]},"properties":{"OBJECTID":7417,"PIDN":"M80699900402900","CITY_OWNED":" ","STATE_CD":"A1","LAND_ACRES":0.30299999999999999,"YR_BLT":"1966","City_Taxes":" ","District_Key(String)":"R-4","Min_Lot_Area(Double - SqFt)":6000,"Min_Lot_Width(Double - Feet)":50,"Min_Lot_Depth":90,"Front_Setback(Double - Feet)":10,"Rear_Setback(Double - Feet)":10,"Side_Setback(Double - Feet)":5,"Max_Density_Factor(Double - SqFt/Unit)":6000,"Current_Area":13011.393017329379,"Lot_Width":110.72615648806095,"Lot_Depth":123.49023857712746,"Shape_Length":468.43279013037682,"Shape_Area":13673.599481438996,"Split_Area_Floor":12000,"Split_Width_Floor":100}},{"type":"Feature","id":7419,"geometry":{"type":"Polygon","coordinates":[[[-106.44568180827009,31.856186797282103],[-106.44613799180991,31.856177172542026],[-106.44624143207139,31.855554230771219],[-106.44568180827009,31.856186797282103]]]},"properties":{"OBJECTID":7419,"PIDN":"S912999001C0400","CITY_OWNED":" ","STATE_CD":"A1","LAND_ACRES":0.56569999999999998,"YR_BLT":"1958","City_Taxes":" ","District_Key(String)":"A-2","Min_Lot_Area(Double - SqFt)":3500,"Min_Lot_Width(Double - Feet)":35,"Min_Lot_Depth":90,"Front_Setback(Double - Feet)":10,"Rear_Setback(Double - Feet)":15,"Side_Setback(Double - Feet)":5,"Max_Density_Factor(Double - SqFt/Unit)":3500,"Current_Area":24640.203079967781,"Lot_Width":186.13840724527836,"Lot_Depth":225.29777774214745,"Shape_Length":822.87236997485161,"Shape_Area":41936.569504824052,"Split_Area_Floor":7000,"Split_Width_Floor":70}},{"type":"Feature","id":7422,"geometry":{"type":"Polygon","coordinates":[[[-106.45790191080147,31.855429907286027],[-106.45831107595468,31.855498533850653],[-106.45807802849554,31.855271104428965],[-106.45790191080147,31.855429907286027]]]},"properties":{"OBJECTID":7422,"PIDN":"H41799900301900","CITY_OWNED":" ","STATE_CD":"A1","LAND_ACRES":0.16919999999999999,"YR_BLT":"1984","City_Taxes":" ","District_Key(String)":"P-R 1","Min_Lot_Area(Double - SqFt)":4000,"Min_Lot_Width(Double - Feet)":40,"Min_Lot_Depth":100,"Front_Setback(Double - Feet)":10,"Rear_Setback(Double - Feet)":10,"Side_Setback(Double - Feet)":5,"Max_Density_Factor(Double - SqFt/Unit)":4000,"Current_Area":8163.5921411026302,"Lot_Width":125.47907975316048,"Lot_Depth":133.05353966355324,"Shape_Length":517.06523883342743,"Shape_Area":16695.435714883297,"Split_Area_Floor":8000,"Split_Width_Floor":80}},{"type":"Feature","id":7426,"geometry":{"type":"Polygon","coordinates":[[[-106.45918411727466,31.855271055232336],[-106.45960711316195,31.855561246454695],[-106.45959460432519,31.855201623861394],[-106.45918411727466,31.855271055232336]]]},"properties":{"OBJECTID":7426,"PIDN":"P35899900301100","CITY_OWNED":" ","STATE_CD":"A1","LAND_ACRES":0.29470000000000002,"YR_BLT":"1974","City_Taxes":" ","District_Key(String)":"P-R 1","Min_Lot_Area(Double - SqFt)":4000,"Min_Lot_Width(Double - Feet)":40,"Min_Lot_Depth":100,"Front_Setback(Double - Feet)":10,"Rear_Setback(Double - Feet)":10,"Side_Setback(Double - Feet)":5,"Max_Density_Factor(Double - SqFt/Unit)":4000,"Current_Area":15162.062932743345,"Lot_Width":128.65328599512577,"Lot_Depth":146.36059966683388,"Shape_Length":550.0277713239193,"Shape_Area":18829.77208735529,"Split_Area_Floor":8000,"Split_Width_Floor":80}},{"type":"Feature","id":7427,"geometry":{"type":"Polygon","coordinates":[[[-106.4599893309131,31.855575228413951],[-106.4602903654753,31.85525231512311],[-106.4599300141559,31.855200160369201],[-106.4599893309131,31.855575228413951]]]},"properties":{"OBJECTID":7427,"PIDN":"P35899900301300","CITY_OWNED":" ","STATE_CD":"A1","LAND_ACRES":0.29320000000000002,"YR_BLT":"1974","City_Taxes":" ","District_Key(String)":"P-R 1","Min_Lot_Area(Double - SqFt)":4000,"Min_Lot_Width(Double - Feet)":40,"Min_Lot_Depth":100,"Front_Setback(Double - Feet)":10,"Rear_Setback(Double - Feet)":10,"Side_Setback(Double - Feet)":5,"Max_Density_Factor(Double - SqFt/Unit)":4000,"Current_Area":13318.680899738583,"Lot_Width":128.35013699531555,"Lot_Depth":144.75988107919693,"Shape_Length":546.22003614902496,"Shape_Area":18579.950567940512,"Split_Area_Floor":8000,"Split_Width_Floor":80}},{"type":"Feature","id":7428,"geometry":{"type":"Polygon","coordinates":[[[-106.4597916389596,31.85560367886859],[-106.4599300141559,31.855200160369201],[-106.45959460432519,31.855201623861394],[-106.4597916389596,31.85560367886859]]]},"properties":{"OBJECTID":7428,"PIDN":"P35899900301200","CITY_OWNED":" ","STATE_CD":"A1","LAND_ACRES":0.29110000000000003,"YR_BLT":"1973","City_Taxes":" ","District_Key(String)":"P-R 1","Min_Lot_Area(Double - SqFt)":4000,"Min_Lot_Width(Double - Feet)":40,"Min_Lot_Depth":100,"Front_Setback(Double - Feet)":10,"Rear_Setback(Double - Feet)":10,"Side_Setback(Double - Feet)":5,"Max_Density_Factor(Double - SqFt/Unit)":4000,"Current_Area":14144.056727911848,"Lot_Width":107.33935225009918,"Lot_Depth":151.93473549187183,"Shape_Length":518.54817548394203,"Shape_Area":16308.576091987678,"Split_Area_Floor":8000,"Split_Width_Floor":80}},{"type":"Feature","id":7430,"geometry":{"type":"Polygon","coordinates":[[[-106.4588762362081,31.855435330754958],[-106.45929166876911,31.855618809650732],[-106.45918411727466,31.855271055232336],[-106.4588762362081,31.855435330754958]]]},"properties":{"OBJECTID":7430,"PIDN":"P35899900301000","CITY_OWNED":" ","STATE_CD":"A1","LAND_ACRES":0.29409999999999997,"YR_BLT":"1973","City_Taxes":" ","District_Key(String)":"P-R 1","Min_Lot_Area(Double - SqFt)":4000,"Min_Lot_Width(Double - Feet)":40,"Min_Lot_Depth":100,"Front_Setback(Double - Feet)":10,"Rear_Setback(Double - Feet)":10,"Side_Setback(Double - Feet)":5,"Max_Density_Factor(Double - SqFt/Unit)":4000,"Current_Area":13771.489339413434,"Lot_Width":125.35965742170811,"Lot_Depth":158.51018166542053,"Shape_Length":567.73967817425728,"Shape_Area":19870.782071429836,"Split_Area_Floor":8000,"Split_Width_Floor":80}},{"type":"Feature","id":7440,"geometry":{"type":"Polygon","coordinates":[[[-106.43070799425767,31.857187074230247],[-106.43108156256359,31.856683443957099],[-106.43069292172179,31.856732418158295],[-106.43070799425767,31.857187074230247]]]},"properties":{"OBJECTID":7440,"PIDN":"B75199900105300","CITY_OWNED":" ","STATE_CD":"A1","LAND_ACRES":0.36070000000000002,"YR_BLT":"1954","City_Taxes":" ","District_Key(String)":"R-4","Min_Lot_Area(Double - SqFt)":6000,"Min_Lot_Width(Double - Feet)":50,"Min_Lot_Depth":90,"Front_Setback(Double - Feet)":10,"Rear_Setback(Double - Feet)":10,"Side_Setback(Double - Feet)":5,"Max_Density_Factor(Double - SqFt/Unit)":6000,"Current_Area":16864.788869392138,"Lot_Width":150.38519792258739,"Lot_Depth":177.27851682901382,"Shape_Length":655.32742950320244,"Shape_Area":26660.064840753985,"Split_Area_Floor":12000,"Split_Width_Floor":100}},{"type":"Feature","id":7441,"geometry":{"type":"Polygon","coordinates":[[[-106.43131439804068,31.85717323706908],[-106.43116830635192,31.856801963490494],[-106.43079829910265,31.857184751989173],[-106.43131439804068,31.85717323706908]]]},"properties":{"OBJECTID":7441,"PIDN":"B75199900105100","CITY_OWNED":" ","STATE_CD":"A1","LAND_ACRES":0.31109999999999999,"YR_BLT":"1954","City_Taxes":" ","District_Key(String)":"R-4","Min_Lot_Area(Double - SqFt)":6000,"Min_Lot_Width(Double - Feet)":50,"Min_Lot_Depth":90,"Front_Setback(Double - Feet)":10,"Rear_Setback(Double - Feet)":10,"Side_Setback(Double - Feet)":5,"Max_Density_Factor(Double - SqFt/Unit)":6000,"Current_Area":13830.853768803054,"Lot_Width":137.52137850224972,"Lot_Depth":168.02295792102814,"Shape_Length":611.08867284655571,"Shape_Area":23106.748793325289,"Split_Area_Floor":12000,"Split_Width_Floor":100}},{"type":"Feature","id":7442,"geometry":{"type":"Polygon","coordinates":[[[-106.45763302232277,31.855813393276957],[-106.45805213208817,31.855765663063384],[-106.4577717720517,31.855561245320132],[-106.45763302232277,31.855813393276957]]]},"properties":{"OBJECTID":7442,"PIDN":"H41799900302300","CITY_OWNED":" ","STATE_CD":"A1","LAND_ACRES":0.12939999999999999,"YR_BLT":"1986","City_Taxes":" ","District_Key(String)":"P-R 1","Min_Lot_Area(Double - SqFt)":4000,"Min_Lot_Width(Double - Feet)":40,"Min_Lot_Depth":100,"Front_Setback(Double - Feet)":10,"Rear_Setback(Double - Feet)":10,"Side_Setback(Double - Feet)":5,"Max_Density_Factor(Double - SqFt/Unit)":4000,"Current_Area":9306.207191236148,"Lot_Width":130.89114241302013,"Lot_Depth":136.53515999019146,"Shape_Length":534.85260480642319,"Shape_Area":17871.243070660639,"Split_Area_Floor":8000,"Split_Width_Floor":80}},{"type":"Feature","id":7443,"geometry":{"type":"Polygon","coordinates":[[[-106.46058245150762,31.855761872567701],[-106.46092225757592,31.855485662184272],[-106.46063540998715,31.855359823975821],[-106.46058245150762,31.855761872567701]]]},"properties":{"OBJECTID":7443,"PIDN":"P35899900301500","CITY_OWNED":" ","STATE_CD":"A1","LAND_ACRES":0.28860000000000002,"YR_BLT":"1973","City_Taxes":" ","District_Key(String)":"P-R 1","Min_Lot_Area(Double - SqFt)":4000,"Min_Lot_Width(Double - Feet)":40,"Min_Lot_Depth":100,"Front_Setback(Double - Feet)":10,"Rear_Setback(Double - Feet)":10,"Side_Setback(Double - Feet)":5,"Max_Density_Factor(Double - SqFt/Unit)":4000,"Current_Area":13632.133631254737,"Lot_Width":146.70836800336838,"Lot_Depth":169.77229824662209,"Shape_Length":632.96133249998093,"Shape_Area":24907.016807943044,"Split_Area_Floor":8000,"Split_Width_Floor":80}},{"type":"Feature","id":7445,"geometry":{"type":"Polygon","coordinates":[[[-106.45810254873244,31.855904176049332],[-106.45849549493465,31.855838503485973],[-106.45831007520094,31.855633851159929],[-106.45810254873244,31.855904176049332]]]},"properties":{"OBJECTID":7445,"PIDN":"H41799900107300","CITY_OWNED":" ","STATE_CD":"A1","LAND_ACRES":0.15859999999999999,"YR_BLT":"1982","City_Taxes":" ","District_Key(String)":"P-R 1","Min_Lot_Area(Double - SqFt)":4000,"Min_Lot_Width(Double - Feet)":40,"Min_Lot_Depth":100,"Front_Setback(Double - Feet)":10,"Rear_Setback(Double - Feet)":10,"Side_Setback(Double - Feet)":5,"Max_Density_Factor(Double - SqFt/Unit)":4000,"Current_Area":8763.6949680848084,"Lot_Width":123.13886134326458,"Lot_Depth":137.32059149444103,"Shape_Length":520.91890567541122,"Shape_Area":16909.501275609051,"Split_Area_Floor":8000,"Split_Width_Floor":80}},{"type":"Feature","id":7448,"geometry":{"type":"Polygon","coordinates":[[[-106.46108012548507,31.855888845206636],[-106.46092225757592,31.855485662184272],[-106.46076177927758,31.85582126230122],[-106.46108012548507,31.855888845206636]]]},"properties":{"OBJECTID":7448,"PIDN":"P35899900301600","CITY_OWNED":" ","STATE_CD":"A1","LAND_ACRES":0.28510000000000002,"YR_BLT":"1973","City_Taxes":" ","District_Key(String)":"P-R 1","Min_Lot_Area(Double - SqFt)":4000,"Min_Lot_Width(Double - Feet)":40,"Min_Lot_Depth":100,"Front_Setback(Double - Feet)":10,"Rear_Setback(Double - Feet)":10,"Side_Setback(Double - Feet)":5,"Max_Density_Factor(Double - SqFt/Unit)":4000,"Current_Area":13597.335944080241,"Lot_Width":144.57713866233826,"Lot_Depth":152.87305383384228,"Shape_Length":594.90038499236107,"Shape_Area":22101.948701870515,"Split_Area_Floor":8000,"Split_Width_Floor":80}},{"type":"Feature","id":7450,"geometry":{"type":"Polygon","coordinates":[[[-106.46181308083717,31.85588757093392],[-106.46213371596565,31.855560408563409],[-106.46180268962438,31.855564816347499],[-106.46181308083717,31.85588757093392]]]},"properties":{"OBJECTID":7450,"PIDN":"P35899900301900","CITY_OWNED":" ","STATE_CD":"A1","LAND_ACRES":0.2525,"YR_BLT":"1975","City_Taxes":" ","District_Key(String)":"P-R 1","Min_Lot_Area(Double - SqFt)":4000,"Min_Lot_Width(Double - Feet)":40,"Min_Lot_Depth":100,"Front_Setback(Double - Feet)":10,"Rear_Setback(Double - Feet)":10,"Side_Setback(Double - Feet)":5,"Max_Density_Factor(Double - SqFt/Unit)":4000,"Current_Area":11830.275952139433,"Lot_Width":105.95943374931812,"Lot_Depth":117.60704825818539,"Shape_Length":447.13296401500702,"Shape_Area":12461.576238366053,"Split_Area_Floor":8000,"Split_Width_Floor":80}},{"type":"Feature","id":7451,"geometry":{"type":"Polygon","coordinates":[[[-106.46148621783004,31.855892801628634],[-106.46181308083717,31.85588757093392],[-106.46180268962438,31.855564816347499],[-106.46148621783004,31.855892801628634]]]},"properties":{"OBJECTID":7451,"PIDN":"P35899900301800","CITY_OWNED":" ","STATE_CD":"A1","LAND_ACRES":0.2525,"YR_BLT":"1975","City_Taxes":" ","District_Key(String)":"P-R 1","Min_Lot_Area(Double - SqFt)":4000,"Min_Lot_Width(Double - Feet)":40,"Min_Lot_Depth":100,"Front_Setback(Double - Feet)":10,"Rear_Setback(Double - Feet)":10,"Side_Setback(Double - Feet)":5,"Max_Density_Factor(Double - SqFt/Unit)":4000,"Current_Area":11771.741724351565,"Lot_Width":104.68482999503613,"Lot_Depth":120.44267249107361,"Shape_Length":450.25500497221947,"Shape_Area":12608.520693875855,"Split_Area_Floor":8000,"Split_Width_Floor":80}},{"type":"Feature","id":7453,"geometry":{"type":"Polygon","coordinates":[[[-106.46214262183037,31.855870574491551],[-106.46245350799367,31.85555211836596],[-106.46213371596565,31.855560408563409],[-106.46214262183037,31.855870574491551]]]},"properties":{"OBJECTID":7453,"PIDN":"P35899900302000","CITY_OWNED":" ","STATE_CD":"A1","LAND_ACRES":0.2525,"YR_BLT":"1974","City_Taxes":" ","District_Key(String)":"P-R 1","Min_Lot_Area(Double - SqFt)":4000,"Min_Lot_Width(Double - Feet)":40,"Min_Lot_Depth":100,"Front_Setback(Double - Feet)":10,"Rear_Setback(Double - Feet)":10,"Side_Setback(Double - Feet)":5,"Max_Density_Factor(Double - SqFt/Unit)":4000,"Current_Area":11272.982704376102,"Lot_Width":102.76291783154011,"Lot_Depth":116.35048907995224,"Shape_Length":438.2268138229847,"Shape_Area":11956.515748982636,"Split_Area_Floor":8000,"Split_Width_Floor":80}},{"type":"Feature","id":7463,"geometry":{"type":"Polygon","coordinates":[[[-106.46197120818185,31.85602842913941],[-106.46231514368633,31.856142378911809],[-106.46230255752367,31.855872775455556],[-106.46197120818185,31.85602842913941]]]},"properties":{"OBJECTID":7463,"PIDN":"H41799900102700","CITY_OWNED":" ","STATE_CD":"A1","LAND_ACRES":0.17599999999999999,"YR_BLT":"1979","City_Taxes":"13225.68","District_Key(String)":"P-R 1","Min_Lot_Area(Double - SqFt)":4000,"Min_Lot_Width(Double - Feet)":40,"Min_Lot_Depth":100,"Front_Setback(Double - Feet)":10,"Rear_Setback(Double - Feet)":10,"Side_Setback(Double - Feet)":5,"Max_Density_Factor(Double - SqFt/Unit)":4000,"Current_Area":8616.9682417700824,"Lot_Width":101.6795866638422,"Lot_Depth":143.2743197530508,"Shape_Length":489.90781283378601,"Shape_Area":14568.073612033368,"Split_Area_Floor":8000,"Split_Width_Floor":80}},{"type":"Feature","id":7542,"geometry":{"type":"Polygon","coordinates":[[[-106.4548799201774,31.860397434246234],[-106.45523976472157,31.860131953763098],[-106.45495410692105,31.860014045908223],[-106.4548799201774,31.860397434246234]]]},"properties":{"OBJECTID":7542,"PIDN":"P32499902900100","CITY_OWNED":" ","STATE_CD":"A1","LAND_ACRES":0.30719999999999997,"YR_BLT":"1961","City_Taxes":"6355.18","District_Key(String)":"R-4","Min_Lot_Area(Double - SqFt)":6000,"Min_Lot_Width(Double - Feet)":50,"Min_Lot_Depth":90,"Front_Setback(Double - Feet)":10,"Rear_Setback(Double - Feet)":10,"Side_Setback(Double - Feet)":5,"Max_Density_Factor(Double - SqFt/Unit)":6000,"Current_Area":13195.826755629829,"Lot_Width":121.30618783831596,"Lot_Depth":141.05483600497246,"Shape_Length":524.72204768657684,"Shape_Area":17110.824431922043,"Split_Area_Floor":12000,"Split_Width_Floor":100}},{"type":"Feature","id":7561,"geometry":{"type":"Polygon","coordinates":[[[-106.44450113599716,31.856964023799705],[-106.44483229804824,31.856959345863306],[-106.44482936041629,31.856359275317324],[-106.44450113599716,31.856964023799705]]]},"properties":{"OBJECTID":7561,"PIDN":"S912999001D4328","CITY_OWNED":" ","STATE_CD":"A1","LAND_ACRES":0.30259999999999998,"YR_BLT":"1975","City_Taxes":" ","District_Key(String)":"R-4","Min_Lot_Area(Double - SqFt)":6000,"Min_Lot_Width(Double - Feet)":50,"Min_Lot_Depth":90,"Front_Setback(Double - Feet)":10,"Rear_Setback(Double - Feet)":10,"Side_Setback(Double - Feet)":5,"Max_Density_Factor(Double - SqFt/Unit)":6000,"Current_Area":13814.479140307902,"Lot_Width":113.83868308365345,"Lot_Depth":218.02056133747101,"Shape_Length":663.71848884224892,"Shape_Area":24819.173587816589,"Split_Area_Floor":12000,"Split_Width_Floor":100}},{"type":"Feature","id":7562,"geometry":{"type":"Polygon","coordinates":[[[-106.44483229804824,31.856959345863306],[-106.44514378158908,31.856951852409125],[-106.44482936041629,31.856359275317324],[-106.44483229804824,31.856959345863306]]]},"properties":{"OBJECTID":7562,"PIDN":"S912999001D4435","CITY_OWNED":" ","STATE_CD":"A1","LAND_ACRES":0.092399999999999996,"YR_BLT":"1976","City_Taxes":" ","District_Key(String)":"R-4","Min_Lot_Area(Double - SqFt)":6000,"Min_Lot_Width(Double - Feet)":50,"Min_Lot_Depth":90,"Front_Setback(Double - Feet)":10,"Rear_Setback(Double - Feet)":10,"Side_Setback(Double - Feet)":5,"Max_Density_Factor(Double - SqFt/Unit)":6000,"Current_Area":12310.755855308758,"Lot_Width":100.17171567678452,"Lot_Depth":220.6094669252634,"Shape_Length":641.56236520409584,"Shape_Area":22098.828796444483,"Split_Area_Floor":12000,"Split_Width_Floor":100}},{"type":"Feature","id":7565,"geometry":{"type":"Polygon","coordinates":[[[-106.42889228910204,31.857600124009124],[-106.42929005324608,31.857649930655406],[-106.4293084551658,31.857342473278457],[-106.42889228910204,31.857600124009124]]]},"properties":{"OBJECTID":7565,"PIDN":"M85199901701400","CITY_OWNED":" ","STATE_CD":"A1","LAND_ACRES":0.28770000000000001,"YR_BLT":"1954","City_Taxes":" ","District_Key(String)":"R-4","Min_Lot_Area(Double - SqFt)":6000,"Min_Lot_Width(Double - Feet)":50,"Min_Lot_Depth":90,"Front_Setback(Double - Feet)":10,"Rear_Setback(Double - Feet)":10,"Side_Setback(Double - Feet)":5,"Max_Density_Factor(Double - SqFt/Unit)":6000,"Current_Area":13220.768358216055,"Lot_Width":134.15622775256634,"Lot_Depth":163.17618283629417,"Shape_Length":594.66482117772102,"Shape_Area":21891.101148380287,"Split_Area_Floor":12000,"Split_Width_Floor":100}},{"type":"Feature","id":7570,"geometry":{"type":"Polygon","coordinates":[[[-106.44966218878946,31.856875536830163],[-106.44980225468176,31.856277504793901],[-106.4491388790824,31.856296296513172],[-106.44966218878946,31.856875536830163]]]},"properties":{"OBJECTID":7570,"PIDN":"S912999001D5800","CITY_OWNED":" ","STATE_CD":"A1","LAND_ACRES":1.0008999999999999,"YR_BLT":"1948","City_Taxes":" ","District_Key(String)":"R-5","Min_Lot_Area(Double - SqFt)":4500,"Min_Lot_Width(Double - Feet)":45,"Min_Lot_Depth":90,"Front_Setback(Double - Feet)":10,"Rear_Setback(Double - Feet)":10,"Side_Setback(Double - Feet)":5,"Max_Density_Factor(Double - SqFt/Unit)":4500,"Current_Area":44324.531417023609,"Lot_Width":210.67149467766285,"Lot_Depth":220.93394133448601,"Shape_Length":863.21087202429771,"Shape_Area":46544.483645963242,"Split_Area_Floor":9000,"Split_Width_Floor":90}},{"type":"Feature","id":7574,"geometry":{"type":"Polygon","coordinates":[[[-106.46190737429404,31.856113404434378],[-106.4620447597916,31.856323560985043],[-106.4623236573979,31.856288429550123],[-106.46190737429404,31.856113404434378]]]},"properties":{"OBJECTID":7574,"PIDN":"H41799900102900","CITY_OWNED":" ","STATE_CD":"A1","LAND_ACRES":0.2908,"YR_BLT":"1977","City_Taxes":" ","District_Key(String)":"P-R 1","Min_Lot_Area(Double - SqFt)":4000,"Min_Lot_Width(Double - Feet)":40,"Min_Lot_Depth":100,"Front_Setback(Double - Feet)":10,"Rear_Setback(Double - Feet)":10,"Side_Setback(Double - Feet)":5,"Max_Density_Factor(Double - SqFt/Unit)":4000,"Current_Area":8911.3971642341512,"Lot_Width":108.4607410877943,"Lot_Depth":125.83865907788277,"Shape_Length":468.59880033135414,"Shape_Area":13648.554221081458,"Split_Area_Floor":8000,"Split_Width_Floor":80}},{"type":"Feature","id":7577,"geometry":{"type":"Polygon","coordinates":[[[-106.45973453292665,31.856443979578689],[-106.45993262788464,31.856180579977213],[-106.4597565700206,31.85617637083584],[-106.45973453292665,31.856443979578689]]]},"properties":{"OBJECTID":7577,"PIDN":"H41799900107900","CITY_OWNED":" ","STATE_CD":"A1","LAND_ACRES":4.335,"YR_BLT":"NULL","City_Taxes":" ","District_Key(String)":"P-R 1","Min_Lot_Area(Double - SqFt)":4000,"Min_Lot_Width(Double - Feet)":40,"Min_Lot_Depth":100,"Front_Setback(Double - Feet)":10,"Rear_Setback(Double - Feet)":10,"Side_Setback(Double - Feet)":5,"Max_Density_Factor(Double - SqFt/Unit)":4000,"Current_Area":5225.3489521773727,"Lot_Width":66.689171075820923,"Lot_Depth":100.70255449414253,"Shape_Length":334.78345113992691,"Shape_Area":6715.7698844320503,"Split_Area_Floor":8000,"Split_Width_Floor":80}},{"type":"Feature","id":7578,"geometry":{"type":"Polygon","coordinates":[[[-106.45973453292665,31.856443979578689],[-106.45993262788464,31.856180579977213],[-106.4597565700206,31.85617637083584],[-106.45973453292665,31.856443979578689]]]},"properties":{"OBJECTID":7578,"PIDN":"H41799900107900","CITY_OWNED":" ","STATE_CD":"A1","LAND_ACRES":4.335,"YR_BLT":"NULL","City_Taxes":" ","District_Key(String)":"P-R 1","Min_Lot_Area(Double - SqFt)":4000,"Min_Lot_Width(Double - Feet)":40,"Min_Lot_Depth":100,"Front_Setback(Double - Feet)":10,"Rear_Setback(Double - Feet)":10,"Side_Setback(Double - Feet)":5,"Max_Density_Factor(Double - SqFt/Unit)":4000,"Current_Area":5225.3489521773727,"Lot_Width":392.59993657469749,"Lot_Depth":1249.7570149153471,"Shape_Length":3284.7139029800892,"Shape_Area":490654.52478954854,"Split_Area_Floor":8000,"Split_Width_Floor":80}},{"type":"Feature","id":7584,"geometry":{"type":"Polygon","coordinates":[[[-106.44322784948928,31.857308462817173],[-106.44404659441217,31.857244755156174],[-106.44322284333531,31.857002826825365],[-106.44322784948928,31.857308462817173]]]},"properties":{"OBJECTID":7584,"PIDN":"S15699900100200","CITY_OWNED":" ","STATE_CD":"A1","LAND_ACRES":0.25209999999999999,"YR_BLT":"2006","City_Taxes":" ","District_Key(String)":"R-5","Min_Lot_Area(Double - SqFt)":4500,"Min_Lot_Width(Double - Feet)":45,"Min_Lot_Depth":90,"Front_Setback(Double - Feet)":10,"Rear_Setback(Double - Feet)":10,"Side_Setback(Double - Feet)":5,"Max_Density_Factor(Double - SqFt/Unit)":4500,"Current_Area":11179.758775111372,"Lot_Width":113.92168816924095,"Lot_Depth":255.10382050275803,"Shape_Length":738.05101734399796,"Shape_Area":29061.857890097217,"Split_Area_Floor":9000,"Split_Width_Floor":90}},{"type":"Feature","id":7586,"geometry":{"type":"Polygon","coordinates":[[[-106.45755506947086,31.856583558813441],[-106.45788842971734,31.856431629290594],[-106.45742468728351,31.856326765240532],[-106.45755506947086,31.856583558813441]]]},"properties":{"OBJECTID":7586,"PIDN":"H41799900303500","CITY_OWNED":" ","STATE_CD":"A1","LAND_ACRES":0.2152,"YR_BLT":"1980","City_Taxes":" ","District_Key(String)":"P-R 1","Min_Lot_Area(Double - SqFt)":4000,"Min_Lot_Width(Double - Feet)":40,"Min_Lot_Depth":100,"Front_Setback(Double - Feet)":10,"Rear_Setback(Double - Feet)":10,"Side_Setback(Double - Feet)":5,"Max_Density_Factor(Double - SqFt/Unit)":4000,"Current_Area":9380.4290598107636,"Lot_Width":121.58177782595158,"Lot_Depth":141.67294499278069,"Shape_Length":526.50944563746452,"Shape_Area":17224.848522060522,"Split_Area_Floor":8000,"Split_Width_Floor":80}},{"type":"Feature","id":7597,"geometry":{"type":"Polygon","coordinates":[[[-106.45786452408009,31.856655567227381],[-106.45816940496549,31.856738810215909],[-106.45827707477713,31.856459061942704],[-106.45786452408009,31.856655567227381]]]},"properties":{"OBJECTID":7597,"PIDN":"H41799900200100","CITY_OWNED":" ","STATE_CD":"A1","LAND_ACRES":0.2046,"YR_BLT":"1978","City_Taxes":" ","District_Key(String)":"P-R 1","Min_Lot_Area(Double - SqFt)":4000,"Min_Lot_Width(Double - Feet)":40,"Min_Lot_Depth":100,"Front_Setback(Double - Feet)":10,"Rear_Setback(Double - Feet)":10,"Side_Setback(Double - Feet)":5,"Max_Density_Factor(Double - SqFt/Unit)":4000,"Current_Area":8498.3991920827921,"Lot_Width":113.99845966696739,"Lot_Depth":131.83503817021847,"Shape_Length":491.66699567437172,"Shape_Area":15028.991281540757,"Split_Area_Floor":8000,"Split_Width_Floor":80}},{"type":"Feature","id":7619,"geometry":{"type":"Polygon","coordinates":[[[-106.44339280524648,31.857792783269439],[-106.44404713611937,31.857277769139067],[-106.44275428845842,31.857608421514101],[-106.44339280524648,31.857792783269439]]]},"properties":{"OBJECTID":7619,"PIDN":"S15699900100100","CITY_OWNED":" ","STATE_CD":"A1","LAND_ACRES":0.40489999999999998,"YR_BLT":"2006","City_Taxes":" ","District_Key(String)":"R-5","Min_Lot_Area(Double - SqFt)":4500,"Min_Lot_Width(Double - Feet)":45,"Min_Lot_Depth":90,"Front_Setback(Double - Feet)":10,"Rear_Setback(Double - Feet)":10,"Side_Setback(Double - Feet)":5,"Max_Density_Factor(Double - SqFt/Unit)":4500,"Current_Area":17718.801965094652,"Lot_Width":179.51637324690819,"Lot_Depth":407.67011642456055,"Shape_Length":1174.3729793429375,"Shape_Area":73183.460781681933,"Split_Area_Floor":9000,"Split_Width_Floor":90}},{"type":"Feature","id":7621,"geometry":{"type":"Polygon","coordinates":[[[-106.4435426863558,31.857789327448899],[-106.44404767763126,31.857310812936603],[-106.4434912897637,31.857331658120785],[-106.4435426863558,31.857789327448899]]]},"properties":{"OBJECTID":7621,"PIDN":"S15699900100300","CITY_OWNED":" ","STATE_CD":"A1","LAND_ACRES":0.28070000000000001,"YR_BLT":"2012","City_Taxes":" ","District_Key(String)":"R-5","Min_Lot_Area(Double - SqFt)":4500,"Min_Lot_Width(Double - Feet)":45,"Min_Lot_Depth":90,"Front_Setback(Double - Feet)":10,"Rear_Setback(Double - Feet)":10,"Side_Setback(Double - Feet)":5,"Max_Density_Factor(Double - SqFt/Unit)":4500,"Current_Area":12121.650011912201,"Lot_Width":168.2608183324337,"Lot_Depth":184.74274075031281,"Shape_Length":706.00711816549301,"Shape_Area":31084.96473962428,"Split_Area_Floor":9000,"Split_Width_Floor":90}},{"type":"Feature","id":7645,"geometry":{"type":"Polygon","coordinates":[[[-106.44774537532439,31.857847309278799],[-106.44840547568431,31.857837709313486],[-106.44838506534781,31.857266354298694],[-106.44774537532439,31.857847309278799]]]},"properties":{"OBJECTID":7645,"PIDN":"S912999001D7800","CITY_OWNED":" ","STATE_CD":"A1","LAND_ACRES":0.84940000000000004,"YR_BLT":"1967","City_Taxes":" ","District_Key(String)":"R-4","Min_Lot_Area(Double - SqFt)":6000,"Min_Lot_Width(Double - Feet)":50,"Min_Lot_Depth":90,"Front_Setback(Double - Feet)":10,"Rear_Setback(Double - Feet)":10,"Side_Setback(Double - Feet)":5,"Max_Density_Factor(Double - SqFt/Unit)":6000,"Current_Area":42067.766092261816,"Lot_Width":209.93035441637039,"Lot_Depth":210.0927556604147,"Shape_Length":840.04622015357018,"Shape_Area":44104.846656102767,"Split_Area_Floor":12000,"Split_Width_Floor":100}},{"type":"Feature","id":7659,"geometry":{"type":"Polygon","coordinates":[[[-106.44486361961083,31.858164534212296],[-106.4451272342104,31.857865610064245],[-106.44417855757199,31.857957152632132],[-106.44486361961083,31.858164534212296]]]},"properties":{"OBJECTID":7659,"PIDN":"S912999001E4600","CITY_OWNED":" ","STATE_CD":"A1","LAND_ACRES":0.53310000000000002,"YR_BLT":"1958","City_Taxes":" ","District_Key(String)":"R-4","Min_Lot_Area(Double - SqFt)":6000,"Min_Lot_Width(Double - Feet)":50,"Min_Lot_Depth":90,"Front_Setback(Double - Feet)":10,"Rear_Setback(Double - Feet)":10,"Side_Setback(Double - Feet)":5,"Max_Density_Factor(Double - SqFt/Unit)":6000,"Current_Area":25462.530661691679,"Lot_Width":110.23534382879734,"Lot_Depth":298.45576791465282,"Shape_Length":817.38222348690033,"Shape_Area":32900.374193759497,"Split_Area_Floor":12000,"Split_Width_Floor":100}},{"type":"Feature","id":7666,"geometry":{"type":"Polygon","coordinates":[[[-106.44710702935539,31.858117632165317],[-106.44775323346762,31.85810407809927],[-106.44773153583269,31.85750709635461],[-106.44710702935539,31.858117632165317]]]},"properties":{"OBJECTID":7666,"PIDN":"S912999001E6100","CITY_OWNED":" ","STATE_CD":"A1","LAND_ACRES":1,"YR_BLT":"1965","City_Taxes":" ","District_Key(String)":"R-4","Min_Lot_Area(Double - SqFt)":6000,"Min_Lot_Width(Double - Feet)":50,"Min_Lot_Depth":90,"Front_Setback(Double - Feet)":10,"Rear_Setback(Double - Feet)":10,"Side_Setback(Double - Feet)":5,"Max_Density_Factor(Double - SqFt/Unit)":6000,"Current_Area":43367.600206604235,"Lot_Width":205.81258049607277,"Lot_Depth":223.82862058281898,"Shape_Length":859.28240215778351,"Shape_Area":46066.745991026364,"Split_Area_Floor":12000,"Split_Width_Floor":100}},{"type":"Feature","id":7700,"geometry":{"type":"Polygon","coordinates":[[[-106.45099887692095,31.858318732305296],[-106.45129670304733,31.858044486231289],[-106.4507298304213,31.858057355600192],[-106.45099887692095,31.858318732305296]]]},"properties":{"OBJECTID":7700,"PIDN":"S912999001F1400","CITY_OWNED":" ","STATE_CD":"A1","LAND_ACRES":0.46000000000000002,"YR_BLT":"1968","City_Taxes":" ","District_Key(String)":"R-4","Min_Lot_Area(Double - SqFt)":6000,"Min_Lot_Width(Double - Feet)":50,"Min_Lot_Depth":90,"Front_Setback(Double - Feet)":10,"Rear_Setback(Double - Feet)":10,"Side_Setback(Double - Feet)":5,"Max_Density_Factor(Double - SqFt/Unit)":6000,"Current_Area":17260.986313466958,"Lot_Width":104.51061774790287,"Lot_Depth":179.77490290999413,"Shape_Length":568.57104131579399,"Shape_Area":18788.386158692749,"Split_Area_Floor":12000,"Split_Width_Floor":100}},{"type":"Feature","id":7701,"geometry":{"type":"Polygon","coordinates":[[[-106.45625428035331,31.858064289096649],[-106.45668312420716,31.857848138810105],[-106.45609864842591,31.857854771940815],[-106.45625428035331,31.858064289096649]]]},"properties":{"OBJECTID":7701,"PIDN":"P32499902204100","CITY_OWNED":" ","STATE_CD":"A1","LAND_ACRES":0.35999999999999999,"YR_BLT":"1980","City_Taxes":" ","District_Key(String)":"R-4","Min_Lot_Area(Double - SqFt)":6000,"Min_Lot_Width(Double - Feet)":50,"Min_Lot_Depth":90,"Front_Setback(Double - Feet)":10,"Rear_Setback(Double - Feet)":10,"Side_Setback(Double - Feet)":5,"Max_Density_Factor(Double - SqFt/Unit)":6000,"Current_Area":16020.237412390441,"Lot_Width":102.33017590641975,"Lot_Depth":204.29158616065979,"Shape_Length":613.24352413415909,"Shape_Area":20905.193948021824,"Split_Area_Floor":12000,"Split_Width_Floor":100}},{"type":"Feature","id":7720,"geometry":{"type":"Polygon","coordinates":[[[-106.45578448921289,31.858288077898521],[-106.45609864842591,31.857854771940815],[-106.45580476754994,31.857860054754319],[-106.45578448921289,31.858288077898521]]]},"properties":{"OBJECTID":7720,"PIDN":"P32499902206100","CITY_OWNED":" ","STATE_CD":"A1","LAND_ACRES":0.29630000000000001,"YR_BLT":"1958","City_Taxes":" ","District_Key(String)":"R-4","Min_Lot_Area(Double - SqFt)":6000,"Min_Lot_Width(Double - Feet)":50,"Min_Lot_Depth":90,"Front_Setback(Double - Feet)":10,"Rear_Setback(Double - Feet)":10,"Side_Setback(Double - Feet)":5,"Max_Density_Factor(Double - SqFt/Unit)":6000,"Current_Area":13223.38311064871,"Lot_Width":138.95707115530968,"Lot_Depth":168.85727383196354,"Shape_Length":615.62868997454643,"Shape_Area":23463.912214959768,"Split_Area_Floor":12000,"Split_Width_Floor":100}},{"type":"Feature","id":7722,"geometry":{"type":"Polygon","coordinates":[[[-106.44777701158065,31.858709951661989],[-106.44841198633264,31.858108249499999],[-106.44710702935539,31.858117632165317],[-106.44777701158065,31.858709951661989]]]},"properties":{"OBJECTID":7722,"PIDN":"S912999001F3700","CITY_OWNED":" ","STATE_CD":"A1","LAND_ACRES":2,"YR_BLT":"1971","City_Taxes":" ","District_Key(String)":"R-4","Min_Lot_Area(Double - SqFt)":6000,"Min_Lot_Width(Double - Feet)":50,"Min_Lot_Depth":90,"Front_Setback(Double - Feet)":10,"Rear_Setback(Double - Feet)":10,"Side_Setback(Double - Feet)":5,"Max_Density_Factor(Double - SqFt/Unit)":6000,"Current_Area":87975.949026909002,"Lot_Width":231.25084984302521,"Lot_Depth":412.26557967066765,"Shape_Length":1287.0328590273857,"Shape_Area":95336.765659869314,"Split_Area_Floor":12000,"Split_Width_Floor":100}},{"type":"Feature","id":7745,"geometry":{"type":"Polygon","coordinates":[[[-106.44487939351322,31.859058409219923],[-106.4455679347672,31.858741372395347],[-106.44487343956955,31.858757955202819],[-106.44487939351322,31.859058409219923]]]},"properties":{"OBJECTID":7745,"PIDN":"S912999001F7150","CITY_OWNED":" ","STATE_CD":"A1","LAND_ACRES":0.50049999999999994,"YR_BLT":"1984","City_Taxes":" ","District_Key(String)":"R-4","Min_Lot_Area(Double - SqFt)":6000,"Min_Lot_Width(Double - Feet)":50,"Min_Lot_Depth":90,"Front_Setback(Double - Feet)":10,"Rear_Setback(Double - Feet)":10,"Side_Setback(Double - Feet)":5,"Max_Density_Factor(Double - SqFt/Unit)":6000,"Current_Area":23553.577876509771,"Lot_Width":114.71499367058277,"Lot_Depth":219.79483599960804,"Shape_Length":669.01965934038162,"Shape_Area":25213.763220521814,"Split_Area_Floor":12000,"Split_Width_Floor":100}},{"type":"Feature","id":7754,"geometry":{"type":"Polygon","coordinates":[[[-106.44821803190828,31.858998611332428],[-106.44841184604614,31.858692990430772],[-106.44747606773593,31.858714457948984],[-106.44821803190828,31.858998611332428]]]},"properties":{"OBJECTID":7754,"PIDN":"S912999001F8000","CITY_OWNED":" ","STATE_CD":"A1","LAND_ACRES":0.72570000000000001,"YR_BLT":"1985","City_Taxes":" ","District_Key(String)":"R-4","Min_Lot_Area(Double - SqFt)":6000,"Min_Lot_Width(Double - Feet)":50,"Min_Lot_Depth":90,"Front_Setback(Double - Feet)":10,"Rear_Setback(Double - Feet)":10,"Side_Setback(Double - Feet)":5,"Max_Density_Factor(Double - SqFt/Unit)":6000,"Current_Area":31566.743094702706,"Lot_Width":118.64411966502666,"Lot_Depth":292.48826016485691,"Shape_Length":822.26475965976715,"Shape_Area":34702.012139614737,"Split_Area_Floor":12000,"Split_Width_Floor":100}},{"type":"Feature","id":7760,"geometry":{"type":"Polygon","coordinates":[[[-106.44421225739394,31.859225197660955],[-106.44488740432408,31.859215002852885],[-106.44487343956955,31.858757955202819],[-106.44421225739394,31.859225197660955]]]},"properties":{"OBJECTID":7760,"PIDN":"S912999001F7050","CITY_OWNED":" ","STATE_CD":"A1","LAND_ACRES":0.77129999999999999,"YR_BLT":"1956","City_Taxes":" ","District_Key(String)":"R-4","Min_Lot_Area(Double - SqFt)":6000,"Min_Lot_Width(Double - Feet)":50,"Min_Lot_Depth":90,"Front_Setback(Double - Feet)":10,"Rear_Setback(Double - Feet)":10,"Side_Setback(Double - Feet)":5,"Max_Density_Factor(Double - SqFt/Unit)":6000,"Current_Area":34461.92750202836,"Lot_Width":171.48686175048351,"Lot_Depth":214.31256350874901,"Shape_Length":771.59885051846504,"Shape_Area":36751.78894981656,"Split_Area_Floor":12000,"Split_Width_Floor":100}},{"type":"Feature","id":7773,"geometry":{"type":"Polygon","coordinates":[[[-106.44488285373362,31.859360531058307],[-106.44558330642296,31.859355661569211],[-106.44557450357891,31.859040856478192],[-106.44488285373362,31.859360531058307]]]},"properties":{"OBJECTID":7773,"PIDN":"S912999001F7100","CITY_OWNED":" ","STATE_CD":"A1","LAND_ACRES":0.50049999999999994,"YR_BLT":"1985","City_Taxes":" ","District_Key(String)":"R-4","Min_Lot_Area(Double - SqFt)":6000,"Min_Lot_Width(Double - Feet)":50,"Min_Lot_Depth":90,"Front_Setback(Double - Feet)":10,"Rear_Setback(Double - Feet)":10,"Side_Setback(Double - Feet)":5,"Max_Density_Factor(Double - SqFt/Unit)":6000,"Current_Area":24213.537003237114,"Lot_Width":119.97646608948708,"Lot_Depth":220.81058199703693,"Shape_Length":681.57409617304802,"Shape_Area":26492.073303167406,"Split_Area_Floor":12000,"Split_Width_Floor":100}},{"type":"Feature","id":7775,"geometry":{"type":"Polygon","coordinates":[[[-106.44623331925018,31.859332473733264],[-106.44696398817169,31.858902006355542],[-106.44623441035745,31.858731358916152],[-106.44623331925018,31.859332473733264]]]},"properties":{"OBJECTID":7775,"PIDN":"S912999001F7300","CITY_OWNED":" ","STATE_CD":"A1","LAND_ACRES":0.49340000000000001,"YR_BLT":"2007","City_Taxes":" ","District_Key(String)":"R-4","Min_Lot_Area(Double - SqFt)":6000,"Min_Lot_Width(Double - Feet)":50,"Min_Lot_Depth":90,"Front_Setback(Double - Feet)":10,"Rear_Setback(Double - Feet)":10,"Side_Setback(Double - Feet)":5,"Max_Density_Factor(Double - SqFt/Unit)":6000,"Current_Area":24998.130198933162,"Lot_Width":218.89096641540527,"Lot_Depth":235.12256124615669,"Shape_Length":908.02705532312393,"Shape_Area":51466.204657236551,"Split_Area_Floor":12000,"Split_Width_Floor":100}},{"type":"Feature","id":7788,"geometry":{"type":"Polygon","coordinates":[[[-106.45597545363955,31.858960360463978],[-106.45623295626606,31.858577096614997],[-106.45600204670968,31.858518955572791],[-106.45597545363955,31.858960360463978]]]},"properties":{"OBJECTID":7788,"PIDN":"P32499902302500","CITY_OWNED":" ","STATE_CD":"A1","LAND_ACRES":0.27650000000000002,"YR_BLT":"1959","City_Taxes":" ","District_Key(String)":"R-4","Min_Lot_Area(Double - SqFt)":6000,"Min_Lot_Width(Double - Feet)":50,"Min_Lot_Depth":90,"Front_Setback(Double - Feet)":10,"Rear_Setback(Double - Feet)":10,"Side_Setback(Double - Feet)":5,"Max_Density_Factor(Double - SqFt/Unit)":6000,"Current_Area":12019.453509848659,"Lot_Width":120.31340765953064,"Lot_Depth":175.76933351159096,"Shape_Length":592.16548234224319,"Shape_Area":21147.407476824043,"Split_Area_Floor":12000,"Split_Width_Floor":100}},{"type":"Feature","id":7794,"geometry":{"type":"Polygon","coordinates":[[[-106.45623573597298,31.859040097229148],[-106.45646015552782,31.858616102819674],[-106.45623295626606,31.858577096614997],[-106.45623573597298,31.859040097229148]]]},"properties":{"OBJECTID":7794,"PIDN":"P32499902302900","CITY_OWNED":" ","STATE_CD":"A1","LAND_ACRES":0.30309999999999998,"YR_BLT":"1962","City_Taxes":" ","District_Key(String)":"R-4","Min_Lot_Area(Double - SqFt)":6000,"Min_Lot_Width(Double - Feet)":50,"Min_Lot_Depth":90,"Front_Setback(Double - Feet)":10,"Rear_Setback(Double - Feet)":10,"Side_Setback(Double - Feet)":5,"Max_Density_Factor(Double - SqFt/Unit)":6000,"Current_Area":13587.682218646725,"Lot_Width":116.39904542267323,"Lot_Depth":169.25819166004658,"Shape_Length":571.31447416543961,"Shape_Area":19701.491939197291,"Split_Area_Floor":12000,"Split_Width_Floor":100}},{"type":"Feature","id":7803,"geometry":{"type":"Polygon","coordinates":[[[-106.44489469734349,31.85963196935197],[-106.44558330642296,31.859355661569211],[-106.44488285373362,31.859360531058307],[-106.44489469734349,31.85963196935197]]]},"properties":{"OBJECTID":7803,"PIDN":"M32299900100100","CITY_OWNED":" ","STATE_CD":"A1","LAND_ACRES":0.45910000000000001,"YR_BLT":"1964","City_Taxes":" ","District_Key(String)":"R-4","Min_Lot_Area(Double - SqFt)":6000,"Min_Lot_Width(Double - Feet)":50,"Min_Lot_Depth":90,"Front_Setback(Double - Feet)":10,"Rear_Setback(Double - Feet)":10,"Side_Setback(Double - Feet)":5,"Max_Density_Factor(Double - SqFt/Unit)":6000,"Current_Area":20976.418137996334,"Lot_Width":105.52406716346741,"Lot_Depth":219.00087434053421,"Shape_Length":649.04988300800323,"Shape_Area":23109.862972768617,"Split_Area_Floor":12000,"Split_Width_Floor":100}},{"type":"Feature","id":7811,"geometry":{"type":"Polygon","coordinates":[[[-106.44637255242255,31.859631202078063],[-106.44640735974134,31.859325843773295],[-106.44575384313771,31.859345568768333],[-106.44637255242255,31.859631202078063]]]},"properties":{"OBJECTID":7811,"PIDN":"S912999001G6400","CITY_OWNED":" ","STATE_CD":"A1","LAND_ACRES":0.50049999999999994,"YR_BLT":"1968","City_Taxes":" ","District_Key(String)":"R-4","Min_Lot_Area(Double - SqFt)":6000,"Min_Lot_Width(Double - Feet)":50,"Min_Lot_Depth":90,"Front_Setback(Double - Feet)":10,"Rear_Setback(Double - Feet)":10,"Side_Setback(Double - Feet)":5,"Max_Density_Factor(Double - SqFt/Unit)":6000,"Current_Area":22532.073559069799,"Lot_Width":114.60377341508865,"Lot_Depth":208.25844174623489,"Shape_Length":645.72443032264709,"Shape_Area":23867.203269664944,"Split_Area_Floor":12000,"Split_Width_Floor":100}},{"type":"Feature","id":7829,"geometry":{"type":"Polygon","coordinates":[[[-106.44634799200379,31.859929283505945],[-106.44637255242255,31.859631202078063],[-106.44576326304511,31.859645307335356],[-106.44634799200379,31.859929283505945]]]},"properties":{"OBJECTID":7829,"PIDN":"S912999001G5200","CITY_OWNED":" ","STATE_CD":"A1","LAND_ACRES":0.47539999999999999,"YR_BLT":"1971","City_Taxes":" ","District_Key(String)":"R-4","Min_Lot_Area(Double - SqFt)":6000,"Min_Lot_Width(Double - Feet)":50,"Min_Lot_Depth":90,"Front_Setback(Double - Feet)":10,"Rear_Setback(Double - Feet)":10,"Side_Setback(Double - Feet)":5,"Max_Density_Factor(Double - SqFt/Unit)":6000,"Current_Area":20401.930046295616,"Lot_Width":113.63133442401886,"Lot_Depth":193.11739592254162,"Shape_Length":613.49746069312096,"Shape_Area":21944.187399169983,"Split_Area_Floor":12000,"Split_Width_Floor":100}},{"type":"Feature","id":7830,"geometry":{"type":"Polygon","coordinates":[[[-106.43783997344366,31.860337524067486],[-106.43825475225155,31.860101033708823],[-106.43783401336584,31.860109930115488],[-106.43783997344366,31.860337524067486]]]},"properties":{"OBJECTID":7830,"PIDN":"D36199900601400","CITY_OWNED":" ","STATE_CD":"A1","LAND_ACRES":0.23880000000000001,"YR_BLT":"1997","City_Taxes":" ","District_Key(String)":"A-2","Min_Lot_Area(Double - SqFt)":3500,"Min_Lot_Width(Double - Feet)":35,"Min_Lot_Depth":90,"Front_Setback(Double - Feet)":10,"Rear_Setback(Double - Feet)":15,"Side_Setback(Double - Feet)":5,"Max_Density_Factor(Double - SqFt/Unit)":3500,"Current_Area":10820.346286237087,"Lot_Width":86.331192165613174,"Lot_Depth":133.30714808404446,"Shape_Length":439.27668049931526,"Shape_Area":11508.565018293493,"Split_Area_Floor":7000,"Split_Width_Floor":70}},{"type":"Feature","id":7835,"geometry":{"type":"Polygon","coordinates":[[[-106.45005648976806,31.85987249960521],[-106.45074688152251,31.859852274375292],[-106.45051478229124,31.859232867856374],[-106.45005648976806,31.85987249960521]]]},"properties":{"OBJECTID":7835,"PIDN":"S912999001G3400","CITY_OWNED":" ","STATE_CD":"A1","LAND_ACRES":0.95389999999999997,"YR_BLT":"1947","City_Taxes":" ","District_Key(String)":"R-4","Min_Lot_Area(Double - SqFt)":6000,"Min_Lot_Width(Double - Feet)":50,"Min_Lot_Depth":90,"Front_Setback(Double - Feet)":10,"Rear_Setback(Double - Feet)":10,"Side_Setback(Double - Feet)":5,"Max_Density_Factor(Double - SqFt/Unit)":6000,"Current_Area":43857.569554041373,"Lot_Width":220.07108215987682,"Lot_Depth":233.57597641646862,"Shape_Length":907.29411715269089,"Shape_Area":51403.317896522116,"Split_Area_Floor":12000,"Split_Width_Floor":100}},{"type":"Feature","id":7867,"geometry":{"type":"Polygon","coordinates":[[[-106.45920395638619,31.859704803458325],[-106.45961124302454,31.859016968072368],[-106.45906045919506,31.85904424803503],[-106.45920395638619,31.859704803458325]]]},"properties":{"OBJECTID":7867,"PIDN":"M80399900501000","CITY_OWNED":" ","STATE_CD":"A1","LAND_ACRES":0.94520000000000004,"YR_BLT":"1987","City_Taxes":" ","District_Key(String)":"R-2","Min_Lot_Area(Double - SqFt)":10000,"Min_Lot_Width(Double - Feet)":80,"Min_Lot_Depth":110,"Front_Setback(Double - Feet)":25,"Rear_Setback(Double - Feet)":25,"Side_Setback(Double - Feet)":8,"Max_Density_Factor(Double - SqFt/Unit)":10000,"Current_Area":41547.649190395205,"Lot_Width":173.46618849039078,"Lot_Depth":244.23409159481525,"Shape_Length":835.40056017041206,"Shape_Area":42366.356968365588,"Split_Area_Floor":20000,"Split_Width_Floor":160}},{"type":"Feature","id":7872,"geometry":{"type":"Polygon","coordinates":[[[-106.42483724860591,31.861290744851118],[-106.42527191262198,31.861241443337395],[-106.42526456040781,31.860930480549172],[-106.42483724860591,31.861290744851118]]]},"properties":{"OBJECTID":7872,"PIDN":"M85199908500900","CITY_OWNED":" ","STATE_CD":"A1","LAND_ACRES":0.33510000000000001,"YR_BLT":"1955","City_Taxes":" ","District_Key(String)":"A-M","Min_Lot_Area(Double - SqFt)":4500,"Min_Lot_Width(Double - Feet)":45,"Min_Lot_Depth":90,"Front_Setback(Double - Feet)":10,"Rear_Setback(Double - Feet)":10,"Side_Setback(Double - Feet)":5,"Max_Density_Factor(Double - SqFt/Unit)":4500,"Current_Area":14062.267455397989,"Lot_Width":139.64670233428478,"Lot_Depth":162.51476682722569,"Shape_Length":604.32293832302094,"Shape_Area":22694.651268047284,"Split_Area_Floor":9000,"Split_Width_Floor":90}},{"type":"Feature","id":7886,"geometry":{"type":"Polygon","coordinates":[[[-106.45007004272041,31.860473099895195],[-106.45103431860092,31.860454898276849],[-106.45102388519162,31.859848662410542],[-106.45007004272041,31.860473099895195]]]},"properties":{"OBJECTID":7886,"PIDN":"S912999001H4600","CITY_OWNED":" ","STATE_CD":"A1","LAND_ACRES":1.4013,"YR_BLT":"1946","City_Taxes":" ","District_Key(String)":"R-4","Min_Lot_Area(Double - SqFt)":6000,"Min_Lot_Width(Double - Feet)":50,"Min_Lot_Depth":90,"Front_Setback(Double - Feet)":10,"Rear_Setback(Double - Feet)":10,"Side_Setback(Double - Feet)":5,"Max_Density_Factor(Double - SqFt/Unit)":6000,"Current_Area":66073.632487570459,"Lot_Width":228.23773249983788,"Lot_Depth":308.1906565874815,"Shape_Length":1072.8567781746387,"Shape_Area":70340.736637163005,"Split_Area_Floor":12000,"Split_Width_Floor":100}},{"type":"Feature","id":7919,"geometry":{"type":"Polygon","coordinates":[[[-106.44427742205116,31.861054818215347],[-106.44493299059044,31.861042253141893],[-106.4449235056417,31.860691375476058],[-106.44427742205116,31.861054818215347]]]},"properties":{"OBJECTID":7919,"PIDN":"S912999001H7000","CITY_OWNED":" ","STATE_CD":"A1","LAND_ACRES":0.55559999999999998,"YR_BLT":"1950","City_Taxes":" ","District_Key(String)":"R-4","Min_Lot_Area(Double - SqFt)":6000,"Min_Lot_Width(Double - Feet)":50,"Min_Lot_Depth":90,"Front_Setback(Double - Feet)":10,"Rear_Setback(Double - Feet)":10,"Side_Setback(Double - Feet)":5,"Max_Density_Factor(Double - SqFt/Unit)":6000,"Current_Area":25867.644187420767,"Lot_Width":133.03123000264168,"Lot_Depth":207.55437491834164,"Shape_Length":681.17120984196663,"Shape_Area":27611.213787816429,"Split_Area_Floor":12000,"Split_Width_Floor":100}},{"type":"Feature","id":7921,"geometry":{"type":"Polygon","coordinates":[[[-106.45624850715531,31.86048232335428],[-106.45689104037515,31.860485366517235],[-106.45689297761305,31.860199445166312],[-106.45624850715531,31.86048232335428]]]},"properties":{"OBJECTID":7921,"PIDN":"P32499902700100","CITY_OWNED":" ","STATE_CD":"A1","LAND_ACRES":0.44130000000000003,"YR_BLT":"1971","City_Taxes":" ","District_Key(String)":"R-4","Min_Lot_Area(Double - SqFt)":6000,"Min_Lot_Width(Double - Feet)":50,"Min_Lot_Depth":90,"Front_Setback(Double - Feet)":10,"Rear_Setback(Double - Feet)":10,"Side_Setback(Double - Feet)":5,"Max_Density_Factor(Double - SqFt/Unit)":6000,"Current_Area":20879.869665859431,"Lot_Width":117.08769233524799,"Lot_Depth":205.45595392584801,"Shape_Length":645.087292522192,"Shape_Area":24056.363521714578,"Split_Area_Floor":12000,"Split_Width_Floor":100}},{"type":"Feature","id":7940,"geometry":{"type":"Polygon","coordinates":[[[-106.44468294495225,31.861326648767474],[-106.44493299059044,31.861042253141893],[-106.44427742205116,31.861054818215347],[-106.44468294495225,31.861326648767474]]]},"properties":{"OBJECTID":7940,"PIDN":"S912999001H7050","CITY_OWNED":" ","STATE_CD":"A1","LAND_ACRES":0.44540000000000002,"YR_BLT":"2005","City_Taxes":" ","District_Key(String)":"R-4","Min_Lot_Area(Double - SqFt)":6000,"Min_Lot_Width(Double - Feet)":50,"Min_Lot_Depth":90,"Front_Setback(Double - Feet)":10,"Rear_Setback(Double - Feet)":10,"Side_Setback(Double - Feet)":5,"Max_Density_Factor(Double - SqFt/Unit)":6000,"Current_Area":20731.579910645538,"Lot_Width":107.80949565768242,"Lot_Depth":206.81421892344952,"Shape_Length":629.24742916226387,"Shape_Area":22296.536636974612,"Split_Area_Floor":12000,"Split_Width_Floor":100}},{"type":"Feature","id":7946,"geometry":{"type":"Polygon","coordinates":[[[-106.43826094128846,31.861703553241451],[-106.4382956754078,31.861424165603097],[-106.43788155889362,31.861436468082676],[-106.43826094128846,31.861703553241451]]]},"properties":{"OBJECTID":7946,"PIDN":"D36199900501100","CITY_OWNED":" ","STATE_CD":"A1","LAND_ACRES":0.2984,"YR_BLT":"1950","City_Taxes":" ","District_Key(String)":"A-2","Min_Lot_Area(Double - SqFt)":3500,"Min_Lot_Width(Double - Feet)":35,"Min_Lot_Depth":90,"Front_Setback(Double - Feet)":10,"Rear_Setback(Double - Feet)":15,"Side_Setback(Double - Feet)":5,"Max_Density_Factor(Double - SqFt/Unit)":3500,"Current_Area":13065.368289119993,"Lot_Width":103.88791558146477,"Lot_Depth":132.48923633992672,"Shape_Length":472.75430384278297,"Shape_Area":13764.030600335042,"Split_Area_Floor":7000,"Split_Width_Floor":70}},{"type":"Feature","id":7968,"geometry":{"type":"Polygon","coordinates":[[[-106.4450870923543,31.861657404788325],[-106.44556400831621,31.861305595124016],[-106.44506787277641,31.861317451394886],[-106.4450870923543,31.861657404788325]]]},"properties":{"OBJECTID":7968,"PIDN":"S912999001J2050","CITY_OWNED":" ","STATE_CD":"A1","LAND_ACRES":0.42449999999999999,"YR_BLT":"1999","City_Taxes":" ","District_Key(String)":"R-4","Min_Lot_Area(Double - SqFt)":6000,"Min_Lot_Width(Double - Feet)":50,"Min_Lot_Depth":90,"Front_Setback(Double - Feet)":10,"Rear_Setback(Double - Feet)":10,"Side_Setback(Double - Feet)":5,"Max_Density_Factor(Double - SqFt/Unit)":6000,"Current_Area":18946.403788801763,"Lot_Width":127.90952108800411,"Lot_Depth":154.87764298915863,"Shape_Length":565.57432815432549,"Shape_Area":19810.325141982157,"Split_Area_Floor":12000,"Split_Width_Floor":100}},{"type":"Feature","id":7969,"geometry":{"type":"Polygon","coordinates":[[[-106.42507114916701,31.862610819269097],[-106.42529376231681,31.862350300636539],[-106.4249610821292,31.862221713915101],[-106.42507114916701,31.862610819269097]]]},"properties":{"OBJECTID":7969,"PIDN":"M85199908501500","CITY_OWNED":" ","STATE_CD":"A1","LAND_ACRES":0.33510000000000001,"YR_BLT":"1956","City_Taxes":" ","District_Key(String)":"R-4","Min_Lot_Area(Double - SqFt)":6000,"Min_Lot_Width(Double - Feet)":50,"Min_Lot_Depth":90,"Front_Setback(Double - Feet)":10,"Rear_Setback(Double - Feet)":10,"Side_Setback(Double - Feet)":5,"Max_Density_Factor(Double - SqFt/Unit)":6000,"Current_Area":12536.51920896388,"Lot_Width":133.18444491922855,"Lot_Depth":145.23264916241169,"Shape_Length":556.83418816328049,"Shape_Area":19342.729762844865,"Split_Area_Floor":12000,"Split_Width_Floor":100}},{"type":"Feature","id":7978,"geometry":{"type":"Polygon","coordinates":[[[-106.45006952632095,31.861301554599343],[-106.45008328648028,31.861613814705908],[-106.4504193678581,31.861592045555543],[-106.45006952632095,31.861301554599343]]]},"properties":{"OBJECTID":7978,"PIDN":"S912999001J3700","CITY_OWNED":" ","STATE_CD":"A1","LAND_ACRES":0.26669999999999999,"YR_BLT":"1955","City_Taxes":" ","District_Key(String)":"R-4","Min_Lot_Area(Double - SqFt)":6000,"Min_Lot_Width(Double - Feet)":50,"Min_Lot_Depth":90,"Front_Setback(Double - Feet)":10,"Rear_Setback(Double - Feet)":10,"Side_Setback(Double - Feet)":5,"Max_Density_Factor(Double - SqFt/Unit)":6000,"Current_Area":12107.737714572297,"Lot_Width":112.28258383274078,"Lot_Depth":113.66053383052349,"Shape_Length":451.88623532652855,"Shape_Area":12762.098418299824,"Split_Area_Floor":12000,"Split_Width_Floor":100}},{"type":"Feature","id":8006,"geometry":{"type":"Polygon","coordinates":[[[-106.42487571188903,31.862919779995856],[-106.42530567414262,31.862841269768481],[-106.42530284634162,31.862605544253015],[-106.42487571188903,31.862919779995856]]]},"properties":{"OBJECTID":8006,"PIDN":"M85199908503200","CITY_OWNED":" ","STATE_CD":"A1","LAND_ACRES":0.28910000000000002,"YR_BLT":"1956","City_Taxes":" ","District_Key(String)":"R-4","Min_Lot_Area(Double - SqFt)":6000,"Min_Lot_Width(Double - Feet)":50,"Min_Lot_Depth":90,"Front_Setback(Double - Feet)":10,"Rear_Setback(Double - Feet)":10,"Side_Setback(Double - Feet)":5,"Max_Density_Factor(Double - SqFt/Unit)":6000,"Current_Area":12301.138289802846,"Lot_Width":138.67295099794865,"Lot_Depth":142.82484558224678,"Shape_Length":562.99559316039085,"Shape_Area":19805.94281271649,"Split_Area_Floor":12000,"Split_Width_Floor":100}},{"type":"Feature","id":8017,"geometry":{"type":"Polygon","coordinates":[[[-106.45075644426294,31.862122171891102],[-106.45138678286446,31.861805634511196],[-106.45074401026802,31.861817529512376],[-106.45075644426294,31.862122171891102]]]},"properties":{"OBJECTID":8017,"PIDN":"S912999001J5500","CITY_OWNED":" ","STATE_CD":"A1","LAND_ACRES":0.50049999999999994,"YR_BLT":"1964","City_Taxes":"2443.62","District_Key(String)":"R-4","Min_Lot_Area(Double - SqFt)":6000,"Min_Lot_Width(Double - Feet)":50,"Min_Lot_Depth":90,"Front_Setback(Double - Feet)":10,"Rear_Setback(Double - Feet)":10,"Side_Setback(Double - Feet)":5,"Max_Density_Factor(Double - SqFt/Unit)":6000,"Current_Area":22038.92150802425,"Lot_Width":115.94825890660286,"Lot_Depth":201.74008207023144,"Shape_Length":635.37668195366859,"Shape_Area":23391.411267718504,"Split_Area_Floor":12000,"Split_Width_Floor":100}},{"type":"Feature","id":8022,"geometry":{"type":"Polygon","coordinates":[[[-106.45011463623213,31.862432543848453],[-106.45075644426294,31.862122171891102],[-106.45010753132105,31.862137330009173],[-106.45011463623213,31.862432543848453]]]},"properties":{"OBJECTID":8022,"PIDN":"S912999001J6400","CITY_OWNED":" ","STATE_CD":"A1","LAND_ACRES":0.5,"YR_BLT":"1971","City_Taxes":"2531.14","District_Key(String)":"R-4","Min_Lot_Area(Double - SqFt)":6000,"Min_Lot_Width(Double - Feet)":50,"Min_Lot_Depth":90,"Front_Setback(Double - Feet)":10,"Rear_Setback(Double - Feet)":10,"Side_Setback(Double - Feet)":5,"Max_Density_Factor(Double - SqFt/Unit)":6000,"Current_Area":21575.94744703883,"Lot_Width":112.88691334426403,"Lot_Depth":205.17117759585381,"Shape_Length":636.11618188023567,"Shape_Area":23161.140946003754,"Split_Area_Floor":12000,"Split_Width_Floor":100}},{"type":"Feature","id":8036,"geometry":{"type":"Polygon","coordinates":[[[-106.43792031290876,31.863405773037382],[-106.43830376430326,31.863402667989597],[-106.43829802661695,31.863125197928035],[-106.43792031290876,31.863405773037382]]]},"properties":{"OBJECTID":8036,"PIDN":"D36199901800600","CITY_OWNED":" ","STATE_CD":"A1","LAND_ACRES":0.27550000000000002,"YR_BLT":"1961","City_Taxes":"3844.25","District_Key(String)":"A-2","Min_Lot_Area(Double - SqFt)":3500,"Min_Lot_Width(Double - Feet)":35,"Min_Lot_Depth":90,"Front_Setback(Double - Feet)":10,"Rear_Setback(Double - Feet)":15,"Side_Setback(Double - Feet)":5,"Max_Density_Factor(Double - SqFt/Unit)":3500,"Current_Area":11829.467285639672,"Lot_Width":102.54900749027729,"Lot_Depth":122.69233991205692,"Shape_Length":450.48269480466843,"Shape_Area":12581.977684641173,"Split_Area_Floor":7000,"Split_Width_Floor":70}},{"type":"Feature","id":8051,"geometry":{"type":"Polygon","coordinates":[[[-106.43587025434476,31.863793065988133],[-106.4362474418854,31.863578754713181],[-106.43586175012732,31.863582673104045],[-106.43587025434476,31.863793065988133]]]},"properties":{"OBJECTID":8051,"PIDN":"D36199902001600","CITY_OWNED":" ","STATE_CD":"A1","LAND_ACRES":0.2039,"YR_BLT":"1982","City_Taxes":"8408.39","District_Key(String)":"A-2","Min_Lot_Area(Double - SqFt)":3500,"Min_Lot_Width(Double - Feet)":35,"Min_Lot_Depth":90,"Front_Setback(Double - Feet)":10,"Rear_Setback(Double - Feet)":15,"Side_Setback(Double - Feet)":5,"Max_Density_Factor(Double - SqFt/Unit)":3500,"Current_Area":9063.8300519373552,"Lot_Width":80.34563983976841,"Lot_Depth":121.20513816177845,"Shape_Length":403.10155600309372,"Shape_Area":9738.3043774756206,"Split_Area_Floor":7000,"Split_Width_Floor":70}},{"type":"Feature","id":8085,"geometry":{"type":"Polygon","coordinates":[[[-106.45594768200168,31.863969867566322],[-106.45635635516473,31.864313564752916],[-106.45632455123823,31.863939546962843],[-106.45594768200168,31.863969867566322]]]},"properties":{"OBJECTID":8085,"PIDN":"P32499903600100","CITY_OWNED":" ","STATE_CD":"A1","LAND_ACRES":0.34549999999999997,"YR_BLT":"1970","City_Taxes":"6973.08","District_Key(String)":"R-4","Min_Lot_Area(Double - SqFt)":6000,"Min_Lot_Width(Double - Feet)":50,"Min_Lot_Depth":90,"Front_Setback(Double - Feet)":10,"Rear_Setback(Double - Feet)":10,"Side_Setback(Double - Feet)":5,"Max_Density_Factor(Double - SqFt/Unit)":6000,"Current_Area":15307.733651502936,"Lot_Width":124.40198215842247,"Lot_Depth":143.7169041633606,"Shape_Length":536.23777264356613,"Shape_Area":17878.667747594096,"Split_Area_Floor":12000,"Split_Width_Floor":100}},{"type":"Feature","id":8099,"geometry":{"type":"Polygon","coordinates":[[[-106.43697120164381,31.866597295054529],[-106.43735070522891,31.866305221603479],[-106.43696422412576,31.866313724653207],[-106.43697120164381,31.866597295054529]]]},"properties":{"OBJECTID":8099,"PIDN":"D36199901403400","CITY_OWNED":" ","STATE_CD":"A1","LAND_ACRES":0.27550000000000002,"YR_BLT":"1969","City_Taxes":"5055.50","District_Key(String)":"A-2","Min_Lot_Area(Double - SqFt)":3500,"Min_Lot_Width(Double - Feet)":35,"Min_Lot_Depth":90,"Front_Setback(Double - Feet)":10,"Rear_Setback(Double - Feet)":15,"Side_Setback(Double - Feet)":5,"Max_Density_Factor(Double - SqFt/Unit)":3500,"Current_Area":12265.02807756841,"Lot_Width":104.67629982531071,"Lot_Depth":123.47186590731144,"Shape_Length":456.29633146524429,"Shape_Area":12924.578055704291,"Split_Area_Floor":7000,"Split_Width_Floor":70}},{"type":"Feature","id":8106,"geometry":{"type":"Polygon","coordinates":[[[-106.45696776299621,31.866283515596226],[-106.45724114703671,31.866519213088051],[-106.45746122258323,31.866203620793666],[-106.45696776299621,31.866283515596226]]]},"properties":{"OBJECTID":8106,"PIDN":"M80399900800100","CITY_OWNED":" ","STATE_CD":"A1","LAND_ACRES":0.29520000000000002,"YR_BLT":"2023","City_Taxes":"12536.28","District_Key(String)":"R-4","Min_Lot_Area(Double - SqFt)":6000,"Min_Lot_Width(Double - Feet)":50,"Min_Lot_Depth":90,"Front_Setback(Double - Feet)":10,"Rear_Setback(Double - Feet)":10,"Side_Setback(Double - Feet)":5,"Max_Density_Factor(Double - SqFt/Unit)":6000,"Current_Area":13137.790921293978,"Lot_Width":124.63951450586319,"Lot_Depth":158.20900116860867,"Shape_Length":565.69703134894371,"Shape_Area":19719.093096112927,"Split_Area_Floor":12000,"Split_Width_Floor":100}},{"type":"Feature","id":8109,"geometry":{"type":"Polygon","coordinates":[[[-106.44770554674346,31.867428271008343],[-106.44798013501298,31.86703746200449],[-106.4473475578435,31.867056893832256],[-106.44770554674346,31.867428271008343]]]},"properties":{"OBJECTID":8109,"PIDN":"S912999001P3400","CITY_OWNED":" ","STATE_CD":"A1","LAND_ACRES":0.64300000000000002,"YR_BLT":"1955","City_Taxes":"3466.44","District_Key(String)":"R-4","Min_Lot_Area(Double - SqFt)":6000,"Min_Lot_Width(Double - Feet)":50,"Min_Lot_Depth":90,"Front_Setback(Double - Feet)":10,"Rear_Setback(Double - Feet)":10,"Side_Setback(Double - Feet)":5,"Max_Density_Factor(Double - SqFt/Unit)":6000,"Current_Area":27285.136508565669,"Lot_Width":143.62963400781155,"Lot_Depth":200.836868673563,"Shape_Length":688.9330053627491,"Shape_Area":28846.125942858765,"Split_Area_Floor":12000,"Split_Width_Floor":100}},{"type":"Feature","id":8111,"geometry":{"type":"Polygon","coordinates":[[[-106.45565193356752,31.867059503235613],[-106.45605669879748,31.86712524948047],[-106.45595845820971,31.866801274939956],[-106.45565193356752,31.867059503235613]]]},"properties":{"OBJECTID":8111,"PIDN":"P32499904606000","CITY_OWNED":" ","STATE_CD":"A1","LAND_ACRES":0.28260000000000002,"YR_BLT":"1972","City_Taxes":"6054.92","District_Key(String)":"R-4","Min_Lot_Area(Double - SqFt)":6000,"Min_Lot_Width(Double - Feet)":50,"Min_Lot_Depth":90,"Front_Setback(Double - Feet)":10,"Rear_Setback(Double - Feet)":10,"Side_Setback(Double - Feet)":5,"Max_Density_Factor(Double - SqFt/Unit)":6000,"Current_Area":12675.93085470185,"Lot_Width":129.72644658386707,"Lot_Depth":130.64376759529114,"Shape_Length":520.74042835831642,"Shape_Area":16947.951738465679,"Split_Area_Floor":12000,"Split_Width_Floor":100}},{"type":"Feature","id":8137,"geometry":{"type":"Polygon","coordinates":[[[-106.45324445240384,31.861945188156337],[-106.45352514698061,31.861746175626024],[-106.45324790701623,31.861529048799898],[-106.45324445240384,31.861945188156337]]]},"properties":{"OBJECTID":8137,"PIDN":"P32499903005200","CITY_OWNED":" ","STATE_CD":"A1","LAND_ACRES":0.28999999999999998,"YR_BLT":"1959","City_Taxes":" ","District_Key(String)":"R-4","Min_Lot_Area(Double - SqFt)":6000,"Min_Lot_Width(Double - Feet)":50,"Min_Lot_Depth":90,"Front_Setback(Double - Feet)":10,"Rear_Setback(Double - Feet)":10,"Side_Setback(Double - Feet)":5,"Max_Density_Factor(Double - SqFt/Unit)":6000,"Current_Area":12092.809897083223,"Lot_Width":130.57487009465694,"Lot_Depth":157.27494791150093,"Shape_Length":575.69963601231575,"Shape_Area":20536.15589268817,"Split_Area_Floor":12000,"Split_Width_Floor":100}},{"type":"Feature","id":8164,"geometry":{"type":"Polygon","coordinates":[[[-106.43460647969212,31.863055690710286],[-106.4351097325613,31.863041429549892],[-106.43510800635097,31.862775172001601],[-106.43460647969212,31.863055690710286]]]},"properties":{"OBJECTID":8164,"PIDN":"D36199902100100","CITY_OWNED":" ","STATE_CD":"A1","LAND_ACRES":0.35580000000000001,"YR_BLT":"1961","City_Taxes":" ","District_Key(String)":"A-2","Min_Lot_Area(Double - SqFt)":3500,"Min_Lot_Width(Double - Feet)":35,"Min_Lot_Depth":90,"Front_Setback(Double - Feet)":10,"Rear_Setback(Double - Feet)":15,"Side_Setback(Double - Feet)":5,"Max_Density_Factor(Double - SqFt/Unit)":3500,"Current_Area":15188.71380980805,"Lot_Width":100.58608491718769,"Lot_Depth":161.07185633480549,"Shape_Length":523.31588250398636,"Shape_Area":16201.587419061801,"Split_Area_Floor":7000,"Split_Width_Floor":70}},{"type":"Feature","id":8165,"geometry":{"type":"Polygon","coordinates":[[[-106.43540503139094,31.863038341519584],[-106.43565396562198,31.863032882540026],[-106.43561253913262,31.862782075942256],[-106.43540503139094,31.863038341519584]]]},"properties":{"OBJECTID":8165,"PIDN":"D36199902108600","CITY_OWNED":" ","STATE_CD":"A1","LAND_ACRES":0.1837,"YR_BLT":"1961","City_Taxes":" ","District_Key(String)":"A-2","Min_Lot_Area(Double - SqFt)":3500,"Min_Lot_Width(Double - Feet)":35,"Min_Lot_Depth":90,"Front_Setback(Double - Feet)":10,"Rear_Setback(Double - Feet)":15,"Side_Setback(Double - Feet)":5,"Max_Density_Factor(Double - SqFt/Unit)":3500,"Current_Area":7444.3752425489956,"Lot_Width":79.463751837611198,"Lot_Depth":99.868566662073135,"Shape_Length":358.66463699936867,"Shape_Area":7935.9309976129107,"Split_Area_Floor":7000,"Split_Width_Floor":70}},{"type":"Feature","id":8183,"geometry":{"type":"Polygon","coordinates":[[[-106.45139975353288,31.862401256348363],[-106.45140260823574,31.862105791200385],[-106.45075644426294,31.862122171891102],[-106.45139975353288,31.862401256348363]]]},"properties":{"OBJECTID":8183,"PIDN":"S912999001J5800","CITY_OWNED":" ","STATE_CD":"A1","LAND_ACRES":0.50049999999999994,"YR_BLT":"1965","City_Taxes":" ","District_Key(String)":"R-4","Min_Lot_Area(Double - SqFt)":6000,"Min_Lot_Width(Double - Feet)":50,"Min_Lot_Depth":90,"Front_Setback(Double - Feet)":10,"Rear_Setback(Double - Feet)":10,"Side_Setback(Double - Feet)":5,"Max_Density_Factor(Double - SqFt/Unit)":6000,"Current_Area":21521.46280338852,"Lot_Width":112.37969648838043,"Lot_Depth":205.71874867379665,"Shape_Length":636.19689032435417,"Shape_Area":23118.610537930683,"Split_Area_Floor":12000,"Split_Width_Floor":100}},{"type":"Feature","id":8189,"geometry":{"type":"Polygon","coordinates":[[[-106.44351604906107,31.86285030720893],[-106.44416282895679,31.862684706756468],[-106.44350058241153,31.862546330581999],[-106.44351604906107,31.86285030720893]]]},"properties":{"OBJECTID":8189,"PIDN":"S912999001K2600","CITY_OWNED":" ","STATE_CD":"A1","LAND_ACRES":0.36099999999999999,"YR_BLT":"2007","City_Taxes":" ","District_Key(String)":"R-4","Min_Lot_Area(Double - SqFt)":6000,"Min_Lot_Width(Double - Feet)":50,"Min_Lot_Depth":90,"Front_Setback(Double - Feet)":10,"Rear_Setback(Double - Feet)":10,"Side_Setback(Double - Feet)":5,"Max_Density_Factor(Double - SqFt/Unit)":6000,"Current_Area":15994.313973785482,"Lot_Width":115.52962458133698,"Lot_Depth":203.81389683485031,"Shape_Length":638.68704283237457,"Shape_Area":23546.542985789602,"Split_Area_Floor":12000,"Split_Width_Floor":100}},{"type":"Feature","id":8198,"geometry":{"type":"Polygon","coordinates":[[[-106.45164677548958,31.862542964332089],[-106.45192914874779,31.862254670999711],[-106.45158520550794,31.862257350956195],[-106.45164677548958,31.862542964332089]]]},"properties":{"OBJECTID":8198,"PIDN":"P32499903305300","CITY_OWNED":" ","STATE_CD":"A1","LAND_ACRES":0.26679999999999998,"YR_BLT":"1959","City_Taxes":" ","District_Key(String)":"R-4","Min_Lot_Area(Double - SqFt)":6000,"Min_Lot_Width(Double - Feet)":50,"Min_Lot_Depth":90,"Front_Setback(Double - Feet)":10,"Rear_Setback(Double - Feet)":10,"Side_Setback(Double - Feet)":5,"Max_Density_Factor(Double - SqFt/Unit)":6000,"Current_Area":12202.46365577255,"Lot_Width":105.96665158867836,"Lot_Depth":135.95084358751774,"Shape_Length":483.8349903523922,"Shape_Area":14406.2556756254,"Split_Area_Floor":12000,"Split_Width_Floor":100}},{"type":"Feature","id":8203,"geometry":{"type":"Polygon","coordinates":[[[-106.44142514929966,31.86304186314656],[-106.44206742942956,31.862568741145445],[-106.44141142003976,31.86258830458933],[-106.44142514929966,31.86304186314656]]]},"properties":{"OBJECTID":8203,"PIDN":"S912999001K1600","CITY_OWNED":" ","STATE_CD":"A1","LAND_ACRES":0.77139999999999997,"YR_BLT":"1931","City_Taxes":" ","District_Key(String)":"R-4","Min_Lot_Area(Double - SqFt)":6000,"Min_Lot_Width(Double - Feet)":50,"Min_Lot_Depth":90,"Front_Setback(Double - Feet)":10,"Rear_Setback(Double - Feet)":10,"Side_Setback(Double - Feet)":5,"Max_Density_Factor(Double - SqFt/Unit)":6000,"Current_Area":33630.492493475729,"Lot_Width":169.05642041563988,"Lot_Depth":208.55798183381557,"Shape_Length":755.2288044989109,"Shape_Area":35258.065857934911,"Split_Area_Floor":12000,"Split_Width_Floor":100}},{"type":"Feature","id":8206,"geometry":{"type":"Polygon","coordinates":[[[-106.43585239553212,31.863311414326617],[-106.43624137013832,31.863303992970248],[-106.43622028550465,31.862753652867603],[-106.43585239553212,31.863311414326617]]]},"properties":{"OBJECTID":8206,"PIDN":"D36199902000600","CITY_OWNED":" ","STATE_CD":"A1","LAND_ACRES":0.55100000000000005,"YR_BLT":"1950","City_Taxes":" ","District_Key(String)":"A-2","Min_Lot_Area(Double - SqFt)":3500,"Min_Lot_Width(Double - Feet)":35,"Min_Lot_Depth":90,"Front_Setback(Double - Feet)":10,"Rear_Setback(Double - Feet)":15,"Side_Setback(Double - Feet)":5,"Max_Density_Factor(Double - SqFt/Unit)":3500,"Current_Area":23857.434435656302,"Lot_Width":125.17461842298508,"Lot_Depth":202.53634034097195,"Shape_Length":655.42191752791405,"Shape_Area":25352.409118969004,"Split_Area_Floor":7000,"Split_Width_Floor":70}},{"type":"Feature","id":8210,"geometry":{"type":"Polygon","coordinates":[[[-106.45289213090399,31.862449219091179],[-106.45316082305558,31.862520939350496],[-106.45337870369984,31.862069965059693],[-106.45289213090399,31.862449219091179]]]},"properties":{"OBJECTID":8210,"PIDN":"P32499903003700","CITY_OWNED":" ","STATE_CD":"A1","LAND_ACRES":0.31690000000000002,"YR_BLT":"1959","City_Taxes":" ","District_Key(String)":"R-4","Min_Lot_Area(Double - SqFt)":6000,"Min_Lot_Width(Double - Feet)":50,"Min_Lot_Depth":90,"Front_Setback(Double - Feet)":10,"Rear_Setback(Double - Feet)":10,"Side_Setback(Double - Feet)":5,"Max_Density_Factor(Double - SqFt/Unit)":6000,"Current_Area":13984.594370112405,"Lot_Width":158.42750465869904,"Lot_Depth":171.92354066669941,"Shape_Length":660.70209065079689,"Shape_Area":27237.417539913553,"Split_Area_Floor":12000,"Split_Width_Floor":100}},{"type":"Feature","id":8220,"geometry":{"type":"Polygon","coordinates":[[[-106.45076901750966,31.86272138981591],[-106.45139975353288,31.862401256348363],[-106.45075912189,31.862417496240809],[-106.45076901750966,31.86272138981591]]]},"properties":{"OBJECTID":8220,"PIDN":"S912999001K6100","CITY_OWNED":" ","STATE_CD":"A1","LAND_ACRES":0.50049999999999994,"YR_BLT":"1966","City_Taxes":" ","District_Key(String)":"R-4","Min_Lot_Area(Double - SqFt)":6000,"Min_Lot_Width(Double - Feet)":50,"Min_Lot_Depth":90,"Front_Setback(Double - Feet)":10,"Rear_Setback(Double - Feet)":10,"Side_Setback(Double - Feet)":5,"Max_Density_Factor(Double - SqFt/Unit)":6000,"Current_Area":21930.503195549772,"Lot_Width":115.5545589029789,"Lot_Depth":201.93397933244705,"Shape_Length":634.9770764708519,"Shape_Area":23334.391909284175,"Split_Area_Floor":12000,"Split_Width_Floor":100}},{"type":"Feature","id":8227,"geometry":{"type":"Polygon","coordinates":[[[-106.44288570771256,31.863152919960083],[-106.4435278570633,31.863142963072622],[-106.44350058241153,31.862546330581999],[-106.44288570771256,31.863152919960083]]]},"properties":{"OBJECTID":8227,"PIDN":"S912999001K2200","CITY_OWNED":" ","STATE_CD":"A1","LAND_ACRES":1,"YR_BLT":"1953","City_Taxes":" ","District_Key(String)":"A-2","Min_Lot_Area(Double - SqFt)":3500,"Min_Lot_Width(Double - Feet)":35,"Min_Lot_Depth":90,"Front_Setback(Double - Feet)":10,"Rear_Setback(Double - Feet)":15,"Side_Setback(Double - Feet)":5,"Max_Density_Factor(Double - SqFt/Unit)":3500,"Current_Area":42049.934691335926,"Lot_Width":202.72958141565323,"Lot_Depth":220.10192200541496,"Shape_Length":845.66300684213638,"Shape_Area":44621.170516938531,"Split_Area_Floor":7000,"Split_Width_Floor":70}},{"type":"Feature","id":8234,"geometry":{"type":"Polygon","coordinates":[[[-106.43631543892326,31.863577625294358],[-106.43669365505315,31.863295568370404],[-106.43630914634953,31.863300816396752],[-106.43631543892326,31.863577625294358]]]},"properties":{"OBJECTID":8234,"PIDN":"D36199902005100","CITY_OWNED":" ","STATE_CD":"A1","LAND_ACRES":0.27550000000000002,"YR_BLT":"1968","City_Taxes":" ","District_Key(String)":"A-2","Min_Lot_Area(Double - SqFt)":3500,"Min_Lot_Width(Double - Feet)":35,"Min_Lot_Depth":90,"Front_Setback(Double - Feet)":10,"Rear_Setback(Double - Feet)":15,"Side_Setback(Double - Feet)":5,"Max_Density_Factor(Double - SqFt/Unit)":3500,"Current_Area":11871.827818263788,"Lot_Width":102.79769465327263,"Lot_Depth":122.87606658041477,"Shape_Length":451.3475224673748,"Shape_Area":12631.376372528675,"Split_Area_Floor":7000,"Split_Width_Floor":70}},{"type":"Feature","id":8236,"geometry":{"type":"Polygon","coordinates":[[[-106.4466878660605,31.863094491643626],[-106.44705836486264,31.862481356358192],[-106.44583725968309,31.862517818868227],[-106.4466878660605,31.863094491643626]]]},"properties":{"OBJECTID":8236,"PIDN":"S912999001K4000","CITY_OWNED":" ","STATE_CD":"A1","LAND_ACRES":1.8999999999999999,"YR_BLT":"1954","City_Taxes":" ","District_Key(String)":"R-4","Min_Lot_Area(Double - SqFt)":6000,"Min_Lot_Width(Double - Feet)":50,"Min_Lot_Depth":90,"Front_Setback(Double - Feet)":10,"Rear_Setback(Double - Feet)":10,"Side_Setback(Double - Feet)":5,"Max_Density_Factor(Double - SqFt/Unit)":6000,"Current_Area":82980.524776337363,"Lot_Width":226.39652882516384,"Lot_Depth":384.98610666394234,"Shape_Length":1222.7652709782124,"Shape_Area":87159.518194630829,"Split_Area_Floor":12000,"Split_Width_Floor":100}},{"type":"Feature","id":8243,"geometry":{"type":"Polygon","coordinates":[[[-106.44867813154214,31.863038583111372],[-106.44932397445255,31.863043505031726],[-106.44930811962173,31.862435287575749],[-106.44867813154214,31.863038583111372]]]},"properties":{"OBJECTID":8243,"PIDN":"S912999001K4600","CITY_OWNED":" ","STATE_CD":"A1","LAND_ACRES":1,"YR_BLT":"1971","City_Taxes":" ","District_Key(String)":"R-4","Min_Lot_Area(Double - SqFt)":6000,"Min_Lot_Width(Double - Feet)":50,"Min_Lot_Depth":90,"Front_Setback(Double - Feet)":10,"Rear_Setback(Double - Feet)":10,"Side_Setback(Double - Feet)":5,"Max_Density_Factor(Double - SqFt/Unit)":6000,"Current_Area":44319.451931097305,"Lot_Width":207.55568726360798,"Lot_Depth":226.62290632724762,"Shape_Length":868.3571871817112,"Shape_Area":47036.873072428134,"Split_Area_Floor":12000,"Split_Width_Floor":100}},{"type":"Feature","id":8247,"geometry":{"type":"Polygon","coordinates":[[[-106.44289105916661,31.863342879705744],[-106.44353284895205,31.863336175916224],[-106.4435278570633,31.863142963072622],[-106.44289105916661,31.863342879705744]]]},"properties":{"OBJECTID":8247,"PIDN":"S912999001L1900","CITY_OWNED":" ","STATE_CD":"A1","LAND_ACRES":0.32140000000000002,"YR_BLT":"1987","City_Taxes":" ","District_Key(String)":"A-2","Min_Lot_Area(Double - SqFt)":3500,"Min_Lot_Width(Double - Feet)":35,"Min_Lot_Depth":90,"Front_Setback(Double - Feet)":10,"Rear_Setback(Double - Feet)":15,"Side_Setback(Double - Feet)":5,"Max_Density_Factor(Double - SqFt/Unit)":3500,"Current_Area":13896.586744923419,"Lot_Width":77.5963014960289,"Lot_Depth":201.40346859395504,"Shape_Length":557.99954017996788,"Shape_Area":15628.164271362522,"Split_Area_Floor":7000,"Split_Width_Floor":70}},{"type":"Feature","id":8250,"geometry":{"type":"Polygon","coordinates":[[[-106.45056358219182,31.863022530549628],[-106.45076901750966,31.86272138981591],[-106.45012730675728,31.862736371149275],[-106.45056358219182,31.863022530549628]]]},"properties":{"OBJECTID":8250,"PIDN":"S912999001K5200","CITY_OWNED":" ","STATE_CD":"A1","LAND_ACRES":0.5,"YR_BLT":"1951","City_Taxes":" ","District_Key(String)":"R-4","Min_Lot_Area(Double - SqFt)":6000,"Min_Lot_Width(Double - Feet)":50,"Min_Lot_Depth":90,"Front_Setback(Double - Feet)":10,"Rear_Setback(Double - Feet)":10,"Side_Setback(Double - Feet)":5,"Max_Density_Factor(Double - SqFt/Unit)":6000,"Current_Area":21643.063588555982,"Lot_Width":114.46368183195591,"Lot_Depth":204.80569276213646,"Shape_Length":638.53874918818474,"Shape_Area":23442.813653698504,"Split_Area_Floor":12000,"Split_Width_Floor":100}},{"type":"Feature","id":8251,"geometry":{"type":"Polygon","coordinates":[[[-106.45103838657434,31.863008823475404],[-106.45140517235578,31.862705263673313],[-106.45076901750966,31.86272138981591],[-106.45103838657434,31.863008823475404]]]},"properties":{"OBJECTID":8251,"PIDN":"S912999001K5500","CITY_OWNED":" ","STATE_CD":"A1","LAND_ACRES":0.5,"YR_BLT":"1976","City_Taxes":" ","District_Key(String)":"R-4","Min_Lot_Area(Double - SqFt)":6000,"Min_Lot_Width(Double - Feet)":50,"Min_Lot_Depth":90,"Front_Setback(Double - Feet)":10,"Rear_Setback(Double - Feet)":10,"Side_Setback(Double - Feet)":5,"Max_Density_Factor(Double - SqFt/Unit)":6000,"Current_Area":21081.679205078795,"Lot_Width":111.49912084639072,"Lot_Depth":200.02945557236671,"Shape_Length":623.05715283751488,"Shape_Area":22303.10843970106,"Split_Area_Floor":12000,"Split_Width_Floor":100}},{"type":"Feature","id":8255,"geometry":{"type":"Polygon","coordinates":[[[-106.44143825216466,31.863474864229826],[-106.44208495250224,31.863158164571171],[-106.44142926942273,31.863177615957735],[-106.44143825216466,31.863474864229826]]]},"properties":{"OBJECTID":8255,"PIDN":"S912999001L2300","CITY_OWNED":" ","STATE_CD":"A1","LAND_ACRES":0.50049999999999994,"YR_BLT":"1958","City_Taxes":" ","District_Key(String)":"R-4","Min_Lot_Area(Double - SqFt)":6000,"Min_Lot_Width(Double - Feet)":50,"Min_Lot_Depth":90,"Front_Setback(Double - Feet)":10,"Rear_Setback(Double - Feet)":10,"Side_Setback(Double - Feet)":5,"Max_Density_Factor(Double - SqFt/Unit)":6000,"Current_Area":22030.821891312389,"Lot_Width":112.23238709568977,"Lot_Depth":206.80404832959175,"Shape_Length":638.07287085056305,"Shape_Area":23210.112005082479,"Split_Area_Floor":12000,"Split_Width_Floor":100}},{"type":"Feature","id":8258,"geometry":{"type":"Polygon","coordinates":[[[-106.43462439616734,31.863813119966117],[-106.43512045705005,31.863599973713274],[-106.43462106870903,31.863609042728065],[-106.43462439616734,31.863813119966117]]]},"properties":{"OBJECTID":8258,"PIDN":"D36199902102600","CITY_OWNED":" ","STATE_CD":"A1","LAND_ACRES":0.26329999999999998,"YR_BLT":"1960","City_Taxes":" ","District_Key(String)":"A-2","Min_Lot_Area(Double - SqFt)":3500,"Min_Lot_Width(Double - Feet)":35,"Min_Lot_Depth":90,"Front_Setback(Double - Feet)":10,"Rear_Setback(Double - Feet)":15,"Side_Setback(Double - Feet)":5,"Max_Density_Factor(Double - SqFt/Unit)":3500,"Current_Area":11445.715716982784,"Lot_Width":78.524777337908745,"Lot_Depth":158.03249232470989,"Shape_Length":473.11453932523727,"Shape_Area":12409.466271952617,"Split_Area_Floor":7000,"Split_Width_Floor":70}},{"type":"Feature","id":8259,"geometry":{"type":"Polygon","coordinates":[[[-106.45248223718126,31.862980472892222],[-106.45282136331123,31.862605655533518],[-106.45253026289336,31.862434243436965],[-106.45248223718126,31.862980472892222]]]},"properties":{"OBJECTID":8259,"PIDN":"P32499903402800","CITY_OWNED":" ","STATE_CD":"A1","LAND_ACRES":0.33989999999999998,"YR_BLT":"1961","City_Taxes":" ","District_Key(String)":"R-4","Min_Lot_Area(Double - SqFt)":6000,"Min_Lot_Width(Double - Feet)":50,"Min_Lot_Depth":90,"Front_Setback(Double - Feet)":10,"Rear_Setback(Double - Feet)":10,"Side_Setback(Double - Feet)":5,"Max_Density_Factor(Double - SqFt/Unit)":6000,"Current_Area":21417.910608554943,"Lot_Width":169.01147300004959,"Lot_Depth":200.38378559052944,"Shape_Length":738.79051718115807,"Shape_Area":33867.158767981491,"Split_Area_Floor":12000,"Split_Width_Floor":100}},{"type":"Feature","id":8264,"geometry":{"type":"Polygon","coordinates":[[[-106.436319597704,31.863785535733523],[-106.43670379207148,31.863775389074046],[-106.43669950635267,31.863565519184874],[-106.436319597704,31.863785535733523]]]},"properties":{"OBJECTID":8264,"PIDN":"D36199902004600","CITY_OWNED":" ","STATE_CD":"A1","LAND_ACRES":0.2039,"YR_BLT":"2004","City_Taxes":" ","District_Key(String)":"A-2","Min_Lot_Area(Double - SqFt)":3500,"Min_Lot_Width(Double - Feet)":35,"Min_Lot_Depth":90,"Front_Setback(Double - Feet)":10,"Rear_Setback(Double - Feet)":15,"Side_Setback(Double - Feet)":5,"Max_Density_Factor(Double - SqFt/Unit)":3500,"Current_Area":9068.3191665175127,"Lot_Width":78.448333919048309,"Lot_Depth":122.16281341016293,"Shape_Length":401.22229465842247,"Shape_Area":9583.4691788908531,"Split_Area_Floor":7000,"Split_Width_Floor":70}},{"type":"Feature","id":8271,"geometry":{"type":"Polygon","coordinates":[[[-106.45295734152126,31.862977286991956],[-106.45342740189773,31.862762466461589],[-106.45307783406705,31.862671038961462],[-106.45295734152126,31.862977286991956]]]},"properties":{"OBJECTID":8271,"PIDN":"P32499903404600","CITY_OWNED":" ","STATE_CD":"A1","LAND_ACRES":0.30630000000000002,"YR_BLT":"1960","City_Taxes":" ","District_Key(String)":"R-4","Min_Lot_Area(Double - SqFt)":6000,"Min_Lot_Width(Double - Feet)":50,"Min_Lot_Depth":90,"Front_Setback(Double - Feet)":10,"Rear_Setback(Double - Feet)":10,"Side_Setback(Double - Feet)":5,"Max_Density_Factor(Double - SqFt/Unit)":6000,"Current_Area":13815.97231109966,"Lot_Width":134.91836532950401,"Lot_Depth":152.40980017185211,"Shape_Length":574.65633100271225,"Shape_Area":20562.881099382648,"Split_Area_Floor":12000,"Split_Width_Floor":100}},{"type":"Feature","id":8279,"geometry":{"type":"Polygon","coordinates":[[[-106.43838603421776,31.863742910107543],[-106.43876347513253,31.86354106890883],[-106.43838122291032,31.863543182437262],[-106.43838603421776,31.863742910107543]]]},"properties":{"OBJECTID":8279,"PIDN":"D36199901804100","CITY_OWNED":" ","STATE_CD":"A1","LAND_ACRES":0.2039,"YR_BLT":"1975","City_Taxes":" ","District_Key(String)":"A-2","Min_Lot_Area(Double - SqFt)":3500,"Min_Lot_Width(Double - Feet)":35,"Min_Lot_Depth":90,"Front_Setback(Double - Feet)":10,"Rear_Setback(Double - Feet)":15,"Side_Setback(Double - Feet)":5,"Max_Density_Factor(Double - SqFt/Unit)":3500,"Current_Area":8513.522373978225,"Lot_Width":76.787248000502586,"Lot_Depth":121.03650332987309,"Shape_Length":395.64750266075134,"Shape_Area":9294.0599983046213,"Split_Area_Floor":7000,"Split_Width_Floor":70}},{"type":"Feature","id":8292,"geometry":{"type":"Polygon","coordinates":[[[-106.42494387233283,31.864435573649256],[-106.42534890425988,31.864430875971266],[-106.42534284816122,31.864144960058294],[-106.42494387233283,31.864435573649256]]]},"properties":{"OBJECTID":8292,"PIDN":"M85199908505500","CITY_OWNED":" ","STATE_CD":"A1","LAND_ACRES":0.2581,"YR_BLT":"1956","City_Taxes":" ","District_Key(String)":"A-M","Min_Lot_Area(Double - SqFt)":4500,"Min_Lot_Width(Double - Feet)":45,"Min_Lot_Depth":90,"Front_Setback(Double - Feet)":10,"Rear_Setback(Double - Feet)":10,"Side_Setback(Double - Feet)":5,"Max_Density_Factor(Double - SqFt/Unit)":4500,"Current_Area":11797.660576330221,"Lot_Width":129.47119775414467,"Lot_Depth":139.06304207444191,"Shape_Length":537.06847965717316,"Shape_Area":18004.658620713009,"Split_Area_Floor":9000,"Split_Width_Floor":90}},{"type":"Feature","id":8319,"geometry":{"type":"Polygon","coordinates":[[[-106.44933140587561,31.863328621728289],[-106.44868952840901,31.863499596886442],[-106.44933924330302,31.863629289751813],[-106.44933140587561,31.863328621728289]]]},"properties":{"OBJECTID":8319,"PIDN":"S912999001K8950","CITY_OWNED":" ","STATE_CD":"A1","LAND_ACRES":0.37530000000000002,"YR_BLT":"2003","City_Taxes":" ","District_Key(String)":"R-4","Min_Lot_Area(Double - SqFt)":6000,"Min_Lot_Width(Double - Feet)":50,"Min_Lot_Depth":90,"Front_Setback(Double - Feet)":10,"Rear_Setback(Double - Feet)":10,"Side_Setback(Double - Feet)":5,"Max_Density_Factor(Double - SqFt/Unit)":6000,"Current_Area":16809.950144081249,"Lot_Width":114.90790666639805,"Lot_Depth":202.4024823307991,"Shape_Length":634.6207779943943,"Shape_Area":23257.645548714743,"Split_Area_Floor":12000,"Split_Width_Floor":100}},{"type":"Feature","id":8320,"geometry":{"type":"Polygon","coordinates":[[[-106.44933174525666,31.863341647231785],[-106.44933924330302,31.863629289751813],[-106.44998788848656,31.863600683478555],[-106.44933174525666,31.863341647231785]]]},"properties":{"OBJECTID":8320,"PIDN":"S912999001K8500","CITY_OWNED":" ","STATE_CD":"A1","LAND_ACRES":0.50049999999999994,"YR_BLT":"1971","City_Taxes":" ","District_Key(String)":"R-4","Min_Lot_Area(Double - SqFt)":6000,"Min_Lot_Width(Double - Feet)":50,"Min_Lot_Depth":90,"Front_Setback(Double - Feet)":10,"Rear_Setback(Double - Feet)":10,"Side_Setback(Double - Feet)":5,"Max_Density_Factor(Double - SqFt/Unit)":6000,"Current_Area":20621.320535727795,"Lot_Width":105.28784716129303,"Lot_Depth":205.16199125349522,"Shape_Length":620.89967682957649,"Shape_Area":21601.064378404542,"Split_Area_Floor":12000,"Split_Width_Floor":100}},{"type":"Feature","id":8328,"geometry":{"type":"Polygon","coordinates":[[[-106.44243506962353,31.863743645687567],[-106.44275635348087,31.864056462167252],[-106.44273917951125,31.863436266478963],[-106.44243506962353,31.863743645687567]]]},"properties":{"OBJECTID":8328,"PIDN":"S912999001L3700","CITY_OWNED":" ","STATE_CD":"A1","LAND_ACRES":0.5,"YR_BLT":"1990","City_Taxes":" ","District_Key(String)":"R-4","Min_Lot_Area(Double - SqFt)":6000,"Min_Lot_Width(Double - Feet)":50,"Min_Lot_Depth":90,"Front_Setback(Double - Feet)":10,"Rear_Setback(Double - Feet)":10,"Side_Setback(Double - Feet)":5,"Max_Density_Factor(Double - SqFt/Unit)":6000,"Current_Area":21836.12995858775,"Lot_Width":103.8377188295126,"Lot_Depth":227.53464992344379,"Shape_Length":662.74473750591278,"Shape_Area":23626.679002722136,"Split_Area_Floor":12000,"Split_Width_Floor":100}},{"type":"Feature","id":8333,"geometry":{"type":"Polygon","coordinates":[[[-106.45540309821968,31.863263385599005],[-106.45579512901949,31.86346708675056],[-106.45588436560334,31.863177451375467],[-106.45540309821968,31.863263385599005]]]},"properties":{"OBJECTID":8333,"PIDN":"P32499903502200","CITY_OWNED":" ","STATE_CD":"A1","LAND_ACRES":0.28699999999999998,"YR_BLT":"1960","City_Taxes":" ","District_Key(String)":"R-4","Min_Lot_Area(Double - SqFt)":6000,"Min_Lot_Width(Double - Feet)":50,"Min_Lot_Depth":90,"Front_Setback(Double - Feet)":10,"Rear_Setback(Double - Feet)":10,"Side_Setback(Double - Feet)":5,"Max_Density_Factor(Double - SqFt/Unit)":6000,"Current_Area":12311.278826522346,"Lot_Width":150.91439633071423,"Lot_Depth":154.40848383307457,"Shape_Length":610.64576032757759,"Shape_Area":23302.463126009297,"Split_Area_Floor":12000,"Split_Width_Floor":100}},{"type":"Feature","id":8336,"geometry":{"type":"Polygon","coordinates":[[[-106.44459653728099,31.864017234302413],[-106.44482307229525,31.863718140443069],[-106.44434393335344,31.863728449579824],[-106.44459653728099,31.864017234302413]]]},"properties":{"OBJECTID":8336,"PIDN":"S912999001L7300","CITY_OWNED":" ","STATE_CD":"A1","LAND_ACRES":0.375,"YR_BLT":"1976","City_Taxes":" ","District_Key(String)":"R-4","Min_Lot_Area(Double - SqFt)":6000,"Min_Lot_Width(Double - Feet)":50,"Min_Lot_Depth":90,"Front_Setback(Double - Feet)":10,"Rear_Setback(Double - Feet)":10,"Side_Setback(Double - Feet)":5,"Max_Density_Factor(Double - SqFt/Unit)":6000,"Current_Area":15907.213048370852,"Lot_Width":112.61690075695515,"Lot_Depth":151.54103550314903,"Shape_Length":528.31587252020836,"Shape_Area":17066.08175586435,"Split_Area_Floor":12000,"Split_Width_Floor":100}},{"type":"Feature","id":8342,"geometry":{"type":"Polygon","coordinates":[[[-106.43663534828696,31.86446432470353],[-106.43671519008824,31.864185290486443],[-106.43632794175326,31.864194909154854],[-106.43663534828696,31.86446432470353]]]},"properties":{"OBJECTID":8342,"PIDN":"D36199902003600","CITY_OWNED":" ","STATE_CD":"A1","LAND_ACRES":0.27550000000000002,"YR_BLT":"1961","City_Taxes":" ","District_Key(String)":"A-2","Min_Lot_Area(Double - SqFt)":3500,"Min_Lot_Width(Double - Feet)":35,"Min_Lot_Depth":90,"Front_Setback(Double - Feet)":10,"Rear_Setback(Double - Feet)":15,"Side_Setback(Double - Feet)":5,"Max_Density_Factor(Double - SqFt/Unit)":3500,"Current_Area":11882.731195384789,"Lot_Width":103.09723475575447,"Lot_Depth":123.96038199961185,"Shape_Length":454.11523351073265,"Shape_Area":12779.972603426984,"Split_Area_Floor":7000,"Split_Width_Floor":70}},{"type":"Feature","id":8344,"geometry":{"type":"Polygon","coordinates":[[[-106.44588003940059,31.863905405421512],[-106.44627596638198,31.86396556534163],[-106.44613830057033,31.86369592906588],[-106.44588003940059,31.863905405421512]]]},"properties":{"OBJECTID":8344,"PIDN":"O21899900100950","CITY_OWNED":" ","STATE_CD":"A1","LAND_ACRES":0.2293,"YR_BLT":"2005","City_Taxes":" ","District_Key(String)":"R-3A","Min_Lot_Area(Double - SqFt)":5000,"Min_Lot_Width(Double - Feet)":50,"Min_Lot_Depth":90,"Front_Setback(Double - Feet)":15,"Rear_Setback(Double - Feet)":15,"Side_Setback(Double - Feet)":5,"Max_Density_Factor(Double - SqFt/Unit)":5000,"Current_Area":10275.358154247095,"Lot_Width":121.53650233149529,"Lot_Depth":124.68249341845512,"Shape_Length":492.43799149990082,"Shape_Area":15153.474152048717,"Split_Area_Floor":10000,"Split_Width_Floor":100}},{"type":"Feature","id":8346,"geometry":{"type":"Polygon","coordinates":[[[-106.44639515762958,31.863973079897907],[-106.44677340611001,31.863892601470344],[-106.44676800649256,31.863684053988862],[-106.44639515762958,31.863973079897907]]]},"properties":{"OBJECTID":8346,"PIDN":"O21899900100700","CITY_OWNED":" ","STATE_CD":"A1","LAND_ACRES":0.23669999999999999,"YR_BLT":"2005","City_Taxes":" ","District_Key(String)":"R-3A","Min_Lot_Area(Double - SqFt)":5000,"Min_Lot_Width(Double - Feet)":50,"Min_Lot_Depth":90,"Front_Setback(Double - Feet)":15,"Rear_Setback(Double - Feet)":15,"Side_Setback(Double - Feet)":5,"Max_Density_Factor(Double - SqFt/Unit)":5000,"Current_Area":10225.566701696929,"Lot_Width":121.24089924991131,"Lot_Depth":121.35966540873051,"Shape_Length":485.20112931728363,"Shape_Area":14713.754966822842,"Split_Area_Floor":10000,"Split_Width_Floor":100}},{"type":"Feature","id":8366,"geometry":{"type":"Polygon","coordinates":[[[-106.4490226073783,31.864037779122789],[-106.4492678891711,31.863631702724145],[-106.44869914344611,31.863849513729832],[-106.4490226073783,31.864037779122789]]]},"properties":{"OBJECTID":8366,"PIDN":"S912999001L9000","CITY_OWNED":" ","STATE_CD":"A1","LAND_ACRES":0.41699999999999998,"YR_BLT":"1964","City_Taxes":" ","District_Key(String)":"R-4","Min_Lot_Area(Double - SqFt)":6000,"Min_Lot_Width(Double - Feet)":50,"Min_Lot_Depth":90,"Front_Setback(Double - Feet)":10,"Rear_Setback(Double - Feet)":10,"Side_Setback(Double - Feet)":5,"Max_Density_Factor(Double - SqFt/Unit)":6000,"Current_Area":18212.910939369718,"Lot_Width":144.51316241919994,"Lot_Depth":182.97535583376884,"Shape_Length":654.97703650593758,"Shape_Area":26442.34731631634,"Split_Area_Floor":12000,"Split_Width_Floor":100}},{"type":"Feature","id":8385,"geometry":{"type":"Polygon","coordinates":[[[-106.43464959313562,31.864898976298281],[-106.43495702221101,31.864893869744055],[-106.43495258511985,31.864655399125127],[-106.43464959313562,31.864898976298281]]]},"properties":{"OBJECTID":8385,"PIDN":"D36199901200400","CITY_OWNED":" ","STATE_CD":"A1","LAND_ACRES":0.18540000000000001,"YR_BLT":"1959","City_Taxes":" ","District_Key(String)":"A-2","Min_Lot_Area(Double - SqFt)":3500,"Min_Lot_Width(Double - Feet)":35,"Min_Lot_Depth":90,"Front_Setback(Double - Feet)":10,"Rear_Setback(Double - Feet)":15,"Side_Setback(Double - Feet)":5,"Max_Density_Factor(Double - SqFt/Unit)":3500,"Current_Area":8194.0861067330297,"Lot_Width":89.699951827526093,"Lot_Depth":98.7858916670084,"Shape_Length":376.97168698906898,"Shape_Area":8861.0897237698646,"Split_Area_Floor":7000,"Split_Width_Floor":70}},{"type":"Feature","id":8387,"geometry":{"type":"Polygon","coordinates":[[[-106.43402343664945,31.864944847511495],[-106.4344443234577,31.864688897328204],[-106.43401352166337,31.864673780537757],[-106.43402343664945,31.864944847511495]]]},"properties":{"OBJECTID":8387,"PIDN":"D36199901107100","CITY_OWNED":" ","STATE_CD":"A1","LAND_ACRES":0.2984,"YR_BLT":"1959","City_Taxes":" ","District_Key(String)":"A-2","Min_Lot_Area(Double - SqFt)":3500,"Min_Lot_Width(Double - Feet)":35,"Min_Lot_Depth":90,"Front_Setback(Double - Feet)":10,"Rear_Setback(Double - Feet)":15,"Side_Setback(Double - Feet)":5,"Max_Density_Factor(Double - SqFt/Unit)":3500,"Current_Area":13515.54168599265,"Lot_Width":100.85150434076786,"Lot_Depth":140.76874732971191,"Shape_Length":483.24050334095955,"Shape_Area":14196.739932366896,"Split_Area_Floor":7000,"Split_Width_Floor":70}},{"type":"Feature","id":8391,"geometry":{"type":"Polygon","coordinates":[[[-106.44954292408291,31.864236502112472],[-106.45000283041267,31.86421979842342],[-106.44999453599799,31.863750277851992],[-106.44954292408291,31.864236502112472]]]},"properties":{"OBJECTID":8391,"PIDN":"S912999001M0100","CITY_OWNED":" ","STATE_CD":"A1","LAND_ACRES":0.50900000000000001,"YR_BLT":"1953","City_Taxes":" ","District_Key(String)":"R-4","Min_Lot_Area(Double - SqFt)":6000,"Min_Lot_Width(Double - Feet)":50,"Min_Lot_Depth":90,"Front_Setback(Double - Feet)":10,"Rear_Setback(Double - Feet)":10,"Side_Setback(Double - Feet)":5,"Max_Density_Factor(Double - SqFt/Unit)":6000,"Current_Area":24313.131998914811,"Lot_Width":149.72148533165455,"Lot_Depth":170.69093158841133,"Shape_Length":640.82483384013176,"Shape_Area":25556.099810060776,"Split_Area_Floor":12000,"Split_Width_Floor":100}},{"type":"Feature","id":8422,"geometry":{"type":"Polygon","coordinates":[[[-106.43245923503248,31.865328994414728],[-106.43290996150289,31.865109391239375],[-106.4324571565751,31.865116323712595],[-106.43245923503248,31.865328994414728]]]},"properties":{"OBJECTID":8422,"PIDN":"D36199901000600","CITY_OWNED":" ","STATE_CD":"A1","LAND_ACRES":0.23899999999999999,"YR_BLT":"1959","City_Taxes":" ","District_Key(String)":"A-2","Min_Lot_Area(Double - SqFt)":3500,"Min_Lot_Width(Double - Feet)":35,"Min_Lot_Depth":90,"Front_Setback(Double - Feet)":10,"Rear_Setback(Double - Feet)":15,"Side_Setback(Double - Feet)":5,"Max_Density_Factor(Double - SqFt/Unit)":3500,"Current_Area":10834.065014325251,"Lot_Width":81.046425819396973,"Lot_Depth":144.10371440649033,"Shape_Length":450.3002804517746,"Shape_Area":11679.090999945185,"Split_Area_Floor":7000,"Split_Width_Floor":70}},{"type":"Feature","id":8433,"geometry":{"type":"Polygon","coordinates":[[[-106.44438009642526,31.864906556695384],[-106.44473739558802,31.864897498793983],[-106.44471903862616,31.864477208434835],[-106.44438009642526,31.864906556695384]]]},"properties":{"OBJECTID":8433,"PIDN":"S912999001M3700","CITY_OWNED":" ","STATE_CD":"A1","LAND_ACRES":0.38640000000000002,"YR_BLT":"1971","City_Taxes":" ","District_Key(String)":"R-4","Min_Lot_Area(Double - SqFt)":6000,"Min_Lot_Width(Double - Feet)":50,"Min_Lot_Depth":90,"Front_Setback(Double - Feet)":10,"Rear_Setback(Double - Feet)":10,"Side_Setback(Double - Feet)":5,"Max_Density_Factor(Double - SqFt/Unit)":6000,"Current_Area":16805.557163385834,"Lot_Width":113.6487228423357,"Lot_Depth":155.72376991808414,"Shape_Length":538.74498552083969,"Shape_Area":17697.807567383999,"Split_Area_Floor":12000,"Split_Width_Floor":100}},{"type":"Feature","id":8437,"geometry":{"type":"Polygon","coordinates":[[[-106.45562354666788,31.864081074168393],[-106.45605851875226,31.864330345917782],[-106.45594768200168,31.863969867566322],[-106.45562354666788,31.864081074168393]]]},"properties":{"OBJECTID":8437,"PIDN":"P32499903600600","CITY_OWNED":" ","STATE_CD":"A1","LAND_ACRES":0.30499999999999999,"YR_BLT":"1978","City_Taxes":" ","District_Key(String)":"R-4","Min_Lot_Area(Double - SqFt)":6000,"Min_Lot_Width(Double - Feet)":50,"Min_Lot_Depth":90,"Front_Setback(Double - Feet)":10,"Rear_Setback(Double - Feet)":10,"Side_Setback(Double - Feet)":5,"Max_Density_Factor(Double - SqFt/Unit)":6000,"Current_Area":12962.308445539686,"Lot_Width":129.85308675467968,"Lot_Depth":158.19817441701889,"Shape_Length":576.10252234339714,"Shape_Area":20542.521267005101,"Split_Area_Floor":12000,"Split_Width_Floor":100}},{"type":"Feature","id":8449,"geometry":{"type":"Polygon","coordinates":[[[-106.45287450717919,31.864698781115703],[-106.45302484358784,31.864333284791599],[-106.45274596502308,31.864335535234911],[-106.45287450717919,31.864698781115703]]]},"properties":{"OBJECTID":8449,"PIDN":"P32499903700900","CITY_OWNED":" ","STATE_CD":"A1","LAND_ACRES":0.185,"YR_BLT":"1959","City_Taxes":" ","District_Key(String)":"R-4","Min_Lot_Area(Double - SqFt)":6000,"Min_Lot_Width(Double - Feet)":50,"Min_Lot_Depth":90,"Front_Setback(Double - Feet)":10,"Rear_Setback(Double - Feet)":10,"Side_Setback(Double - Feet)":5,"Max_Density_Factor(Double - SqFt/Unit)":6000,"Current_Area":12976.25008518474,"Lot_Width":108.10411450266838,"Lot_Depth":142.18442691862583,"Shape_Length":500.57708284258842,"Shape_Area":15370.721568107412,"Split_Area_Floor":12000,"Split_Width_Floor":100}},{"type":"Feature","id":8450,"geometry":{"type":"Polygon","coordinates":[[[-106.43739533131499,31.86544038629264],[-106.43777620848581,31.865228131554574],[-106.4373895262336,31.865233441843056],[-106.43739533131499,31.86544038629264]]]},"properties":{"OBJECTID":8450,"PIDN":"D36199901406700","CITY_OWNED":" ","STATE_CD":"A1","LAND_ACRES":0.20660000000000001,"YR_BLT":"1961","City_Taxes":" ","District_Key(String)":"A-2","Min_Lot_Area(Double - SqFt)":3500,"Min_Lot_Width(Double - Feet)":35,"Min_Lot_Depth":90,"Front_Setback(Double - Feet)":10,"Rear_Setback(Double - Feet)":15,"Side_Setback(Double - Feet)":5,"Max_Density_Factor(Double - SqFt/Unit)":3500,"Current_Area":8919.2598238827632,"Lot_Width":78.374187082052231,"Lot_Depth":122.30684199929237,"Shape_Length":401.36205816268921,"Shape_Area":9585.6993162675444,"Split_Area_Floor":7000,"Split_Width_Floor":70}},{"type":"Feature","id":8453,"geometry":{"type":"Polygon","coordinates":[[[-106.45311242049296,31.864709745849815],[-106.45332973317097,31.864333975960907],[-106.45302484358784,31.864333284791599],[-106.45311242049296,31.864709745849815]]]},"properties":{"OBJECTID":8453,"PIDN":"P32499903700100","CITY_OWNED":" ","STATE_CD":"A1","LAND_ACRES":0.2989,"YR_BLT":"1962","City_Taxes":" ","District_Key(String)":"R-4","Min_Lot_Area(Double - SqFt)":6000,"Min_Lot_Width(Double - Feet)":50,"Min_Lot_Depth":90,"Front_Setback(Double - Feet)":10,"Rear_Setback(Double - Feet)":10,"Side_Setback(Double - Feet)":5,"Max_Density_Factor(Double - SqFt/Unit)":6000,"Current_Area":12842.133279072859,"Lot_Width":104.99585299193859,"Lot_Depth":140.2618585973978,"Shape_Length":490.51542317867279,"Shape_Area":14726.913485668458,"Split_Area_Floor":12000,"Split_Width_Floor":100}},{"type":"Feature","id":8454,"geometry":{"type":"Polygon","coordinates":[[[-106.45507963419749,31.864271175260637],[-106.45519196063961,31.864631955350639],[-106.45549841316829,31.86452103850284],[-106.45507963419749,31.864271175260637]]]},"properties":{"OBJECTID":8454,"PIDN":"P32499903601600","CITY_OWNED":" ","STATE_CD":"A1","LAND_ACRES":0.29820000000000002,"YR_BLT":"1962","City_Taxes":" ","District_Key(String)":"R-4","Min_Lot_Area(Double - SqFt)":6000,"Min_Lot_Width(Double - Feet)":50,"Min_Lot_Depth":90,"Front_Setback(Double - Feet)":10,"Rear_Setback(Double - Feet)":10,"Side_Setback(Double - Feet)":5,"Max_Density_Factor(Double - SqFt/Unit)":6000,"Current_Area":12244.026394974087,"Lot_Width":124.82160075008869,"Lot_Depth":156.08170883357525,"Shape_Length":561.80661916732788,"Shape_Area":19482.368744416122,"Split_Area_Floor":12000,"Split_Width_Floor":100}},{"type":"Feature","id":8456,"geometry":{"type":"Polygon","coordinates":[[[-106.45369740766012,31.864701389791971],[-106.45400652864477,31.864693487008147],[-106.45400073506961,31.864321536933272],[-106.45369740766012,31.864701389791971]]]},"properties":{"OBJECTID":8456,"PIDN":"P32499903604100","CITY_OWNED":" ","STATE_CD":"A1","LAND_ACRES":0.30099999999999999,"YR_BLT":"1963","City_Taxes":" ","District_Key(String)":"R-4","Min_Lot_Area(Double - SqFt)":6000,"Min_Lot_Width(Double - Feet)":50,"Min_Lot_Depth":90,"Front_Setback(Double - Feet)":10,"Rear_Setback(Double - Feet)":10,"Side_Setback(Double - Feet)":5,"Max_Density_Factor(Double - SqFt/Unit)":6000,"Current_Area":12984.56569564098,"Lot_Width":101.63070225715637,"Lot_Depth":137.72479017078876,"Shape_Length":478.71098485589027,"Shape_Area":13997.06714327677,"Split_Area_Floor":12000,"Split_Width_Floor":100}},{"type":"Feature","id":8459,"geometry":{"type":"Polygon","coordinates":[[[-106.45484363439095,31.864680712840517],[-106.45519196063961,31.864631955350639],[-106.45507963419749,31.864271175260637],[-106.45484363439095,31.864680712840517]]]},"properties":{"OBJECTID":8459,"PIDN":"P32499903602100","CITY_OWNED":" ","STATE_CD":"A1","LAND_ACRES":0.30769999999999997,"YR_BLT":"1973","City_Taxes":" ","District_Key(String)":"R-4","Min_Lot_Area(Double - SqFt)":6000,"Min_Lot_Width(Double - Feet)":50,"Min_Lot_Depth":90,"Front_Setback(Double - Feet)":10,"Rear_Setback(Double - Feet)":10,"Side_Setback(Double - Feet)":5,"Max_Density_Factor(Double - SqFt/Unit)":6000,"Current_Area":13425.841206662468,"Lot_Width":108.95647498965263,"Lot_Depth":146.7529873251915,"Shape_Length":511.41892462968826,"Shape_Area":15989.688193154037,"Split_Area_Floor":12000,"Split_Width_Floor":100}},{"type":"Feature","id":8468,"geometry":{"type":"Polygon","coordinates":[[[-106.43467467363082,31.865778396317882],[-106.43517102266011,31.865771670259978],[-106.43516125238062,31.865487985113234],[-106.43467467363082,31.865778396317882]]]},"properties":{"OBJECTID":8468,"PIDN":"D36199901201700","CITY_OWNED":" ","STATE_CD":"A1","LAND_ACRES":0.37359999999999999,"YR_BLT":"1959","City_Taxes":" ","District_Key(String)":"A-2","Min_Lot_Area(Double - SqFt)":3500,"Min_Lot_Width(Double - Feet)":35,"Min_Lot_Depth":90,"Front_Setback(Double - Feet)":10,"Rear_Setback(Double - Feet)":15,"Side_Setback(Double - Feet)":5,"Max_Density_Factor(Double - SqFt/Unit)":3500,"Current_Area":15780.529526814658,"Lot_Width":108.09263157844543,"Lot_Depth":156.63092033565044,"Shape_Length":529.44710382819176,"Shape_Area":16930.648365634301,"Split_Area_Floor":7000,"Split_Width_Floor":70}},{"type":"Feature","id":8482,"geometry":{"type":"Polygon","coordinates":[[[-106.45376306462892,31.865081516338382],[-106.45400652864477,31.864693487008147],[-106.45369740766012,31.864701389791971],[-106.45376306462892,31.865081516338382]]]},"properties":{"OBJECTID":8482,"PIDN":"P32499903604600","CITY_OWNED":" ","STATE_CD":"A1","LAND_ACRES":0.30099999999999999,"YR_BLT":"1964","City_Taxes":" ","District_Key(String)":"R-4","Min_Lot_Area(Double - SqFt)":6000,"Min_Lot_Width(Double - Feet)":50,"Min_Lot_Depth":90,"Front_Setback(Double - Feet)":10,"Rear_Setback(Double - Feet)":10,"Side_Setback(Double - Feet)":5,"Max_Density_Factor(Double - SqFt/Unit)":6000,"Current_Area":13256.947453674065,"Lot_Width":100.20583632588387,"Lot_Depth":143.00627566874027,"Shape_Length":486.42422398924828,"Shape_Area":14330.063453236016,"Split_Area_Floor":12000,"Split_Width_Floor":100}},{"type":"Feature","id":8489,"geometry":{"type":"Polygon","coordinates":[[[-106.43591764164019,31.866061154388557],[-106.43631180440239,31.866055550423919],[-106.43630747928989,31.865871091507966],[-106.43591764164019,31.866061154388557]]]},"properties":{"OBJECTID":8489,"PIDN":"D36199901302700","CITY_OWNED":" ","STATE_CD":"A1","LAND_ACRES":0.17910000000000001,"YR_BLT":"1959","City_Taxes":" ","District_Key(String)":"A-2","Min_Lot_Area(Double - SqFt)":3500,"Min_Lot_Width(Double - Feet)":35,"Min_Lot_Depth":90,"Front_Setback(Double - Feet)":10,"Rear_Setback(Double - Feet)":15,"Side_Setback(Double - Feet)":5,"Max_Density_Factor(Double - SqFt/Unit)":3500,"Current_Area":8152.1969975395223,"Lot_Width":70.416525840759277,"Lot_Depth":124.6401706635952,"Shape_Length":390.11339300870895,"Shape_Area":8776.7277983296972,"Split_Area_Floor":7000,"Split_Width_Floor":70}},{"type":"Feature","id":8490,"geometry":{"type":"Polygon","coordinates":[[[-106.44713067903498,31.865641696751812],[-106.4458996360914,31.865058629549811],[-106.44590566779854,31.865676807694001],[-106.44713067903498,31.865641696751812]]]},"properties":{"OBJECTID":8490,"PIDN":"S912999001M8800","CITY_OWNED":" ","STATE_CD":"A1","LAND_ACRES":1.8999999999999999,"YR_BLT":"1932","City_Taxes":" ","District_Key(String)":"R-4","Min_Lot_Area(Double - SqFt)":6000,"Min_Lot_Width(Double - Feet)":50,"Min_Lot_Depth":90,"Front_Setback(Double - Feet)":10,"Rear_Setback(Double - Feet)":10,"Side_Setback(Double - Feet)":5,"Max_Density_Factor(Double - SqFt/Unit)":6000,"Current_Area":84347.449937300204,"Lot_Width":232.80399633944035,"Lot_Depth":388.39292399585247,"Shape_Length":1242.3938406705856,"Shape_Area":90419.424856194964,"Split_Area_Floor":12000,"Split_Width_Floor":100}},{"type":"Feature","id":8492,"geometry":{"type":"Polygon","coordinates":[[[-106.45614866723413,31.86526901989307],[-106.45631906860839,31.864878880969471],[-106.45602966344092,31.86490776327155],[-106.45614866723413,31.86526901989307]]]},"properties":{"OBJECTID":8492,"PIDN":"P32499903900100","CITY_OWNED":" ","STATE_CD":"A1","LAND_ACRES":0.29920000000000002,"YR_BLT":"1973","City_Taxes":" ","District_Key(String)":"R-4","Min_Lot_Area(Double - SqFt)":6000,"Min_Lot_Width(Double - Feet)":50,"Min_Lot_Depth":90,"Front_Setback(Double - Feet)":10,"Rear_Setback(Double - Feet)":10,"Side_Setback(Double - Feet)":5,"Max_Density_Factor(Double - SqFt/Unit)":6000,"Current_Area":12781.627174011515,"Lot_Width":105.26094433665276,"Lot_Depth":143.96460707485676,"Shape_Length":498.45110282301903,"Shape_Area":15153.850491754583,"Split_Area_Floor":12000,"Split_Width_Floor":100}},{"type":"Feature","id":8497,"geometry":{"type":"Polygon","coordinates":[[[-106.43359312420306,31.866378873655592],[-106.43400278734168,31.866094263326271],[-106.43358894806582,31.866103553093389],[-106.43359312420306,31.866378873655592]]]},"properties":{"OBJECTID":8497,"PIDN":"D36199901102600","CITY_OWNED":" ","STATE_CD":"A1","LAND_ACRES":0.2984,"YR_BLT":"1993","City_Taxes":" ","District_Key(String)":"A-2","Min_Lot_Area(Double - SqFt)":3500,"Min_Lot_Width(Double - Feet)":35,"Min_Lot_Depth":90,"Front_Setback(Double - Feet)":10,"Rear_Setback(Double - Feet)":15,"Side_Setback(Double - Feet)":5,"Max_Density_Factor(Double - SqFt/Unit)":3500,"Current_Area":12893.75774431725,"Lot_Width":102.17597675323486,"Lot_Depth":132.66968216001987,"Shape_Length":469.69131782650948,"Shape_Area":13555.654360241249,"Split_Area_Floor":7000,"Split_Width_Floor":70}},{"type":"Feature","id":8499,"geometry":{"type":"Polygon","coordinates":[[[-106.45570261220536,31.865014392219262],[-106.45613099936844,31.865272595504429],[-106.45602966344092,31.86490776327155],[-106.45570261220536,31.865014392219262]]]},"properties":{"OBJECTID":8499,"PIDN":"P32499903900600","CITY_OWNED":" ","STATE_CD":"A1","LAND_ACRES":0.28589999999999999,"YR_BLT":"1965","City_Taxes":" ","District_Key(String)":"R-4","Min_Lot_Area(Double - SqFt)":6000,"Min_Lot_Width(Double - Feet)":50,"Min_Lot_Depth":90,"Front_Setback(Double - Feet)":10,"Rear_Setback(Double - Feet)":10,"Side_Setback(Double - Feet)":5,"Max_Density_Factor(Double - SqFt/Unit)":6000,"Current_Area":13248.758261769388,"Lot_Width":127.63163450360298,"Lot_Depth":160.99410058557987,"Shape_Length":577.25147017836571,"Shape_Area":20547.940203175025,"Split_Area_Floor":12000,"Split_Width_Floor":100}},{"type":"Feature","id":8504,"geometry":{"type":"Polygon","coordinates":[[[-106.45541670383861,31.865131850172176],[-106.45557570676493,31.865462907334813],[-106.45588727412898,31.865357674306601],[-106.45541670383861,31.865131850172176]]]},"properties":{"OBJECTID":8504,"PIDN":"P32499903901100","CITY_OWNED":" ","STATE_CD":"A1","LAND_ACRES":0.31640000000000001,"YR_BLT":"1969","City_Taxes":" ","District_Key(String)":"R-4","Min_Lot_Area(Double - SqFt)":6000,"Min_Lot_Width(Double - Feet)":50,"Min_Lot_Depth":90,"Front_Setback(Double - Feet)":10,"Rear_Setback(Double - Feet)":10,"Side_Setback(Double - Feet)":5,"Max_Density_Factor(Double - SqFt/Unit)":6000,"Current_Area":13407.209360281873,"Lot_Width":141.35634458065033,"Lot_Depth":160.75164699554443,"Shape_Length":604.21598315238953,"Shape_Area":22723.265204609241,"Split_Area_Floor":12000,"Split_Width_Floor":100}},{"type":"Feature","id":8512,"geometry":{"type":"Polygon","coordinates":[[[-106.45515773227072,31.865200226874364],[-106.45524644246204,31.865568243586868],[-106.45557570676493,31.865462907334813],[-106.45515773227072,31.865200226874364]]]},"properties":{"OBJECTID":8512,"PIDN":"P32499903901600","CITY_OWNED":" ","STATE_CD":"A1","LAND_ACRES":0.29770000000000002,"YR_BLT":"1966","City_Taxes":" ","District_Key(String)":"R-4","Min_Lot_Area(Double - SqFt)":6000,"Min_Lot_Width(Double - Feet)":50,"Min_Lot_Depth":90,"Front_Setback(Double - Feet)":10,"Rear_Setback(Double - Feet)":10,"Side_Setback(Double - Feet)":5,"Max_Density_Factor(Double - SqFt/Unit)":6000,"Current_Area":12819.899871845226,"Lot_Width":124.31438392400742,"Lot_Depth":155.60828457772732,"Shape_Length":559.84533700346947,"Shape_Area":19344.348030751797,"Split_Area_Floor":12000,"Split_Width_Floor":100}},{"type":"Feature","id":8515,"geometry":{"type":"Polygon","coordinates":[[[-106.4548969268358,31.86559943078877],[-106.45524644246204,31.865568243586868],[-106.45515773227072,31.865200226874364],[-106.4548969268358,31.86559943078877]]]},"properties":{"OBJECTID":8515,"PIDN":"P32499903902100","CITY_OWNED":" ","STATE_CD":"A1","LAND_ACRES":0.31730000000000003,"YR_BLT":"1966","City_Taxes":" ","District_Key(String)":"R-4","Min_Lot_Area(Double - SqFt)":6000,"Min_Lot_Width(Double - Feet)":50,"Min_Lot_Depth":90,"Front_Setback(Double - Feet)":10,"Rear_Setback(Double - Feet)":10,"Side_Setback(Double - Feet)":5,"Max_Density_Factor(Double - SqFt/Unit)":6000,"Current_Area":13540.397756135955,"Lot_Width":113.12969499826431,"Lot_Depth":141.16507199406624,"Shape_Length":508.5895339846611,"Shape_Area":15969.961539096737,"Split_Area_Floor":12000,"Split_Width_Floor":100}},{"type":"Feature","id":8526,"geometry":{"type":"Polygon","coordinates":[[[-106.45084377296673,31.865867368115143],[-106.45146300621843,31.86556688624071],[-106.45082833373695,31.865569981049635],[-106.45084377296673,31.865867368115143]]]},"properties":{"OBJECTID":8526,"PIDN":"S912999001N3100","CITY_OWNED":" ","STATE_CD":"A1","LAND_ACRES":0.5,"YR_BLT":"1965","City_Taxes":" ","District_Key(String)":"R-4","Min_Lot_Area(Double - SqFt)":6000,"Min_Lot_Width(Double - Feet)":50,"Min_Lot_Depth":90,"Front_Setback(Double - Feet)":10,"Rear_Setback(Double - Feet)":10,"Side_Setback(Double - Feet)":5,"Max_Density_Factor(Double - SqFt/Unit)":6000,"Current_Area":21076.952086477402,"Lot_Width":117.43021133542061,"Lot_Depth":197.9687641710043,"Shape_Length":630.79795101284981,"Shape_Area":23247.513814413076,"Split_Area_Floor":12000,"Split_Width_Floor":100}},{"type":"Feature","id":8530,"geometry":{"type":"Polygon","coordinates":[[[-106.45598419976841,31.865323728272923],[-106.4563618283801,31.86564979221135],[-106.4563826410479,31.865268863891771],[-106.45598419976841,31.865323728272923]]]},"properties":{"OBJECTID":8530,"PIDN":"P32499903908600","CITY_OWNED":" ","STATE_CD":"A1","LAND_ACRES":0.36159999999999998,"YR_BLT":"1969","City_Taxes":" ","District_Key(String)":"R-4","Min_Lot_Area(Double - SqFt)":6000,"Min_Lot_Width(Double - Feet)":50,"Min_Lot_Depth":90,"Front_Setback(Double - Feet)":10,"Rear_Setback(Double - Feet)":10,"Side_Setback(Double - Feet)":5,"Max_Density_Factor(Double - SqFt/Unit)":6000,"Current_Area":15968.908800333546,"Lot_Width":124.61359591782093,"Lot_Depth":151.91865941882133,"Shape_Length":553.06451067328453,"Shape_Area":18931.130437194064,"Split_Area_Floor":12000,"Split_Width_Floor":100}},{"type":"Feature","id":8536,"geometry":{"type":"Polygon","coordinates":[[[-106.45565256896099,31.865435985281508],[-106.45608097690571,31.865690434043199],[-106.45598419976841,31.865323728272923],[-106.45565256896099,31.865435985281508]]]},"properties":{"OBJECTID":8536,"PIDN":"P32499903908100","CITY_OWNED":" ","STATE_CD":"A1","LAND_ACRES":0.30909999999999999,"YR_BLT":"1968","City_Taxes":" ","District_Key(String)":"R-4","Min_Lot_Area(Double - SqFt)":6000,"Min_Lot_Width(Double - Feet)":50,"Min_Lot_Depth":90,"Front_Setback(Double - Feet)":10,"Rear_Setback(Double - Feet)":10,"Side_Setback(Double - Feet)":5,"Max_Density_Factor(Double - SqFt/Unit)":6000,"Current_Area":12888.048394315201,"Lot_Width":127.71267108619213,"Lot_Depth":156.19981883466244,"Shape_Length":567.82497984170914,"Shape_Area":19948.696086554042,"Split_Area_Floor":12000,"Split_Width_Floor":100}},{"type":"Feature","id":8543,"geometry":{"type":"Polygon","coordinates":[[[-106.45536430977667,31.865536818860804],[-106.45581310005689,31.86576179040723],[-106.45565256896099,31.865435985281508],[-106.45536430977667,31.865536818860804]]]},"properties":{"OBJECTID":8543,"PIDN":"P32499903907600","CITY_OWNED":" ","STATE_CD":"A1","LAND_ACRES":0.27879999999999999,"YR_BLT":"1968","City_Taxes":" ","District_Key(String)":"R-4","Min_Lot_Area(Double - SqFt)":6000,"Min_Lot_Width(Double - Feet)":50,"Min_Lot_Depth":90,"Front_Setback(Double - Feet)":10,"Rear_Setback(Double - Feet)":10,"Side_Setback(Double - Feet)":5,"Max_Density_Factor(Double - SqFt/Unit)":6000,"Current_Area":12195.642467866872,"Lot_Width":134.62112183868885,"Lot_Depth":155.52954457700253,"Shape_Length":580.30133283138275,"Shape_Area":20937.561770016444,"Split_Area_Floor":12000,"Split_Width_Floor":100}},{"type":"Feature","id":8546,"geometry":{"type":"Polygon","coordinates":[[[-106.45377746502155,31.865998854796072],[-106.45406513732783,31.86562159861003],[-106.45372921118285,31.865627065339858],[-106.45377746502155,31.865998854796072]]]},"properties":{"OBJECTID":8546,"PIDN":"P32499903904600","CITY_OWNED":" ","STATE_CD":"A1","LAND_ACRES":0.33260000000000001,"YR_BLT":"1967","City_Taxes":" ","District_Key(String)":"R-4","Min_Lot_Area(Double - SqFt)":6000,"Min_Lot_Width(Double - Feet)":50,"Min_Lot_Depth":90,"Front_Setback(Double - Feet)":10,"Rear_Setback(Double - Feet)":10,"Side_Setback(Double - Feet)":5,"Max_Density_Factor(Double - SqFt/Unit)":6000,"Current_Area":14417.440641942503,"Lot_Width":110.04735209047794,"Lot_Depth":142.68901908397675,"Shape_Length":505.47274234890938,"Shape_Area":15702.548722579315,"Split_Area_Floor":12000,"Split_Width_Floor":100}},{"type":"Feature","id":8551,"geometry":{"type":"Polygon","coordinates":[[[-106.45492681710742,31.865993282585396],[-106.45526806981383,31.865952967609864],[-106.4551413412713,31.865589624056732],[-106.45492681710742,31.865993282585396]]]},"properties":{"OBJECTID":8551,"PIDN":"P32499903906600","CITY_OWNED":" ","STATE_CD":"A1","LAND_ACRES":0.25619999999999998,"YR_BLT":"1966","City_Taxes":" ","District_Key(String)":"R-4","Min_Lot_Area(Double - SqFt)":6000,"Min_Lot_Width(Double - Feet)":50,"Min_Lot_Depth":90,"Front_Setback(Double - Feet)":10,"Rear_Setback(Double - Feet)":10,"Side_Setback(Double - Feet)":5,"Max_Density_Factor(Double - SqFt/Unit)":6000,"Current_Area":12915.939568079739,"Lot_Width":107.97845858335495,"Lot_Depth":143.57353174686432,"Shape_Length":503.10398066043854,"Shape_Area":15502.848651394786,"Split_Area_Floor":12000,"Split_Width_Floor":100}},{"type":"Feature","id":8553,"geometry":{"type":"Polygon","coordinates":[[[-106.45124999430361,31.86616534160239],[-106.45146616910026,31.865863298404911],[-106.45084377296673,31.865867368115143],[-106.45124999430361,31.86616534160239]]]},"properties":{"OBJECTID":8553,"PIDN":"S912999001N2800","CITY_OWNED":" ","STATE_CD":"A1","LAND_ACRES":0.5,"YR_BLT":"1971","City_Taxes":" ","District_Key(String)":"R-4","Min_Lot_Area(Double - SqFt)":6000,"Min_Lot_Width(Double - Feet)":50,"Min_Lot_Depth":90,"Front_Setback(Double - Feet)":10,"Rear_Setback(Double - Feet)":10,"Side_Setback(Double - Feet)":5,"Max_Density_Factor(Double - SqFt/Unit)":6000,"Current_Area":21357.921010848542,"Lot_Width":118.75665225088596,"Lot_Depth":198.69907766580582,"Shape_Length":634.91145983338356,"Shape_Area":23596.837268929885,"Split_Area_Floor":12000,"Split_Width_Floor":100}},{"type":"Feature","id":8554,"geometry":{"type":"Polygon","coordinates":[[[-106.41698505580963,31.867735179122647],[-106.41743211685544,31.86767242236272],[-106.41718090129839,31.867381984046609],[-106.41698505580963,31.867735179122647]]]},"properties":{"OBJECTID":8554,"PIDN":"M85199907500100","CITY_OWNED":" ","STATE_CD":"A1","LAND_ACRES":0.27729999999999999,"YR_BLT":"1955","City_Taxes":" ","District_Key(String)":"R-4","Min_Lot_Area(Double - SqFt)":6000,"Min_Lot_Width(Double - Feet)":50,"Min_Lot_Depth":90,"Front_Setback(Double - Feet)":10,"Rear_Setback(Double - Feet)":10,"Side_Setback(Double - Feet)":5,"Max_Density_Factor(Double - SqFt/Unit)":6000,"Current_Area":12255.781299106357,"Lot_Width":139.83469408750534,"Lot_Depth":143.84715324640274,"Shape_Length":567.36369466781616,"Shape_Area":20114.822669569228,"Split_Area_Floor":12000,"Split_Width_Floor":100}},{"type":"Feature","id":8561,"geometry":{"type":"Polygon","coordinates":[[[-106.44367050095543,31.866588174903963],[-106.44379287019127,31.866297829906049],[-106.44297068965027,31.866313806193595],[-106.44367050095543,31.866588174903963]]]},"properties":{"OBJECTID":8561,"PIDN":"S912999001N8200","CITY_OWNED":" ","STATE_CD":"A1","LAND_ACRES":0.67500000000000004,"YR_BLT":"1971","City_Taxes":" ","District_Key(String)":"R-4","Min_Lot_Area(Double - SqFt)":6000,"Min_Lot_Width(Double - Feet)":50,"Min_Lot_Depth":90,"Front_Setback(Double - Feet)":10,"Rear_Setback(Double - Feet)":10,"Side_Setback(Double - Feet)":5,"Max_Density_Factor(Double - SqFt/Unit)":6000,"Current_Area":26739.996771357593,"Lot_Width":112.94957725703716,"Lot_Depth":258.8360965102911,"Shape_Length":743.57134753465652,"Shape_Area":29235.427679699053,"Split_Area_Floor":12000,"Split_Width_Floor":100}},{"type":"Feature","id":8568,"geometry":{"type":"Polygon","coordinates":[[[-106.45614766199606,31.866209390090194],[-106.45634327218562,31.865844682792133],[-106.45604950891749,31.865862941308713],[-106.45614766199606,31.866209390090194]]]},"properties":{"OBJECTID":8568,"PIDN":"P32499904000100","CITY_OWNED":" ","STATE_CD":"A1","LAND_ACRES":0.35289999999999999,"YR_BLT":"1972","City_Taxes":" ","District_Key(String)":"R-4","Min_Lot_Area(Double - SqFt)":6000,"Min_Lot_Width(Double - Feet)":50,"Min_Lot_Depth":90,"Front_Setback(Double - Feet)":10,"Rear_Setback(Double - Feet)":10,"Side_Setback(Double - Feet)":5,"Max_Density_Factor(Double - SqFt/Unit)":6000,"Current_Area":12029.6150185069,"Lot_Width":104.71271708607674,"Lot_Depth":133.34028449654579,"Shape_Length":476.10600316524506,"Shape_Area":13962.423486663783,"Split_Area_Floor":12000,"Split_Width_Floor":100}},{"type":"Feature","id":8570,"geometry":{"type":"Polygon","coordinates":[[[-106.42492987677308,31.867686733074287],[-106.42541898547536,31.867416871906293],[-106.42509665624721,31.867303563316767],[-106.42492987677308,31.867686733074287]]]},"properties":{"OBJECTID":8570,"PIDN":"M85199909402500","CITY_OWNED":" ","STATE_CD":"A1","LAND_ACRES":0.27500000000000002,"YR_BLT":"1956","City_Taxes":" ","District_Key(String)":"R-4","Min_Lot_Area(Double - SqFt)":6000,"Min_Lot_Width(Double - Feet)":50,"Min_Lot_Depth":90,"Front_Setback(Double - Feet)":10,"Rear_Setback(Double - Feet)":10,"Side_Setback(Double - Feet)":5,"Max_Density_Factor(Double - SqFt/Unit)":6000,"Current_Area":12398.432444322338,"Lot_Width":148.94163125753403,"Lot_Depth":184.25816166400909,"Shape_Length":666.39958584308624,"Shape_Area":27443.711170751936,"Split_Area_Floor":12000,"Split_Width_Floor":100}},{"type":"Feature","id":8575,"geometry":{"type":"Polygon","coordinates":[[[-106.44442979948695,31.866888103576507],[-106.44506667538806,31.866438867646348],[-106.4444162441183,31.866450812985466],[-106.44442979948695,31.866888103576507]]]},"properties":{"OBJECTID":8575,"PIDN":"S912999001N8500","CITY_OWNED":" ","STATE_CD":"A1","LAND_ACRES":0.50049999999999994,"YR_BLT":"1959","City_Taxes":" ","District_Key(String)":"R-4","Min_Lot_Area(Double - SqFt)":6000,"Min_Lot_Width(Double - Feet)":50,"Min_Lot_Depth":90,"Front_Setback(Double - Feet)":10,"Rear_Setback(Double - Feet)":10,"Side_Setback(Double - Feet)":5,"Max_Density_Factor(Double - SqFt/Unit)":6000,"Current_Area":31953.106031098509,"Lot_Width":164.16076092422009,"Lot_Depth":206.40181817114353,"Shape_Length":741.12515819072723,"Shape_Area":33883.079527117436,"Split_Area_Floor":12000,"Split_Width_Floor":100}},{"type":"Feature","id":8578,"geometry":{"type":"Polygon","coordinates":[[[-106.45492477325412,31.866507606510329],[-106.45525135893823,31.866482374748522],[-106.45519529335948,31.866135977251282],[-106.45492477325412,31.866507606510329]]]},"properties":{"OBJECTID":8578,"PIDN":"P32499904002100","CITY_OWNED":" ","STATE_CD":"A1","LAND_ACRES":0.26779999999999998,"YR_BLT":"1967","City_Taxes":" ","District_Key(String)":"R-4","Min_Lot_Area(Double - SqFt)":6000,"Min_Lot_Width(Double - Feet)":50,"Min_Lot_Depth":90,"Front_Setback(Double - Feet)":10,"Rear_Setback(Double - Feet)":10,"Side_Setback(Double - Feet)":5,"Max_Density_Factor(Double - SqFt/Unit)":6000,"Current_Area":12170.839057104726,"Lot_Width":101.74421907961369,"Lot_Depth":133.32322415709496,"Shape_Length":470.13488647341728,"Shape_Area":13564.867327039912,"Split_Area_Floor":12000,"Split_Width_Floor":100}},{"type":"Feature","id":8586,"geometry":{"type":"Polygon","coordinates":[[[-106.45602499725922,31.866248694873232],[-106.45638003877799,31.866549444341931],[-106.45640098383666,31.866199448558085],[-106.45602499725922,31.866248694873232]]]},"properties":{"OBJECTID":8586,"PIDN":"P32499904008600","CITY_OWNED":" ","STATE_CD":"A1","LAND_ACRES":0.33660000000000001,"YR_BLT":"1971","City_Taxes":" ","District_Key(String)":"R-4","Min_Lot_Area(Double - SqFt)":6000,"Min_Lot_Width(Double - Feet)":50,"Min_Lot_Depth":90,"Front_Setback(Double - Feet)":10,"Rear_Setback(Double - Feet)":10,"Side_Setback(Double - Feet)":5,"Max_Density_Factor(Double - SqFt/Unit)":6000,"Current_Area":14449.484089469908,"Lot_Width":117.53913500905037,"Lot_Depth":138.83666457235813,"Shape_Length":512.751599162817,"Shape_Area":16318.741461376643,"Split_Area_Floor":12000,"Split_Width_Floor":100}},{"type":"Feature","id":8588,"geometry":{"type":"Polygon","coordinates":[[[-106.4450860959687,31.867145509994099],[-106.44572146292276,31.86686006504771],[-106.44507817864147,31.866871678080628],[-106.4450860959687,31.867145509994099]]]},"properties":{"OBJECTID":8588,"PIDN":"S912999001P4100","CITY_OWNED":" ","STATE_CD":"A1","LAND_ACRES":0.45900000000000002,"YR_BLT":"1987","City_Taxes":" ","District_Key(String)":"R-4","Min_Lot_Area(Double - SqFt)":6000,"Min_Lot_Width(Double - Feet)":50,"Min_Lot_Depth":90,"Front_Setback(Double - Feet)":10,"Rear_Setback(Double - Feet)":10,"Side_Setback(Double - Feet)":5,"Max_Density_Factor(Double - SqFt/Unit)":6000,"Current_Area":19740.493001549687,"Lot_Width":105.39447425305843,"Lot_Depth":202.66199624538422,"Shape_Length":616.1129409968853,"Shape_Area":21359.45454535757,"Split_Area_Floor":12000,"Split_Width_Floor":100}},{"type":"Feature","id":8590,"geometry":{"type":"Polygon","coordinates":[[[-106.45730535151189,31.866611247676367],[-106.45762407357212,31.865794196692118],[-106.45695928782639,31.865799767222363],[-106.45730535151189,31.866611247676367]]]},"properties":{"OBJECTID":8590,"PIDN":"M80399900800200","CITY_OWNED":" ","STATE_CD":"A1","LAND_ACRES":0.98060000000000003,"YR_BLT":"1991","City_Taxes":" ","District_Key(String)":"R-4","Min_Lot_Area(Double - SqFt)":6000,"Min_Lot_Width(Double - Feet)":50,"Min_Lot_Depth":90,"Front_Setback(Double - Feet)":10,"Rear_Setback(Double - Feet)":10,"Side_Setback(Double - Feet)":5,"Max_Density_Factor(Double - SqFt/Unit)":6000,"Current_Area":45233.457312576073,"Lot_Width":212.27254132926464,"Lot_Depth":306.95476666092873,"Shape_Length":1038.4546159803867,"Shape_Area":65158.06839224678,"Split_Area_Floor":12000,"Split_Width_Floor":100}},{"type":"Feature","id":8599,"geometry":{"type":"Polygon","coordinates":[[[-106.45460916269819,31.866862951744086],[-106.45492477325412,31.866507606510329],[-106.45460264895019,31.866513628686644],[-106.45460916269819,31.866862951744086]]]},"properties":{"OBJECTID":8599,"PIDN":"P32499904006100","CITY_OWNED":" ","STATE_CD":"A1","LAND_ACRES":0.26450000000000001,"YR_BLT":"1972","City_Taxes":" ","District_Key(String)":"R-4","Min_Lot_Area(Double - SqFt)":6000,"Min_Lot_Width(Double - Feet)":50,"Min_Lot_Depth":90,"Front_Setback(Double - Feet)":10,"Rear_Setback(Double - Feet)":10,"Side_Setback(Double - Feet)":5,"Max_Density_Factor(Double - SqFt/Unit)":6000,"Current_Area":12646.224603491075,"Lot_Width":104.94696858525276,"Lot_Depth":130.4508545845747,"Shape_Length":470.79564633965492,"Shape_Area":13690.421738006737,"Split_Area_Floor":12000,"Split_Width_Floor":100}},{"type":"Feature","id":8604,"geometry":{"type":"Polygon","coordinates":[[[-106.4436478506493,31.867506800779225],[-106.44377211580212,31.866888045401865],[-106.44298608491523,31.866906507078664],[-106.4436478506493,31.867506800779225]]]},"properties":{"OBJECTID":8604,"PIDN":"S912999001P4900","CITY_OWNED":" ","STATE_CD":"A1","LAND_ACRES":1.25,"YR_BLT":"1971","City_Taxes":" ","District_Key(String)":"R-3A","Min_Lot_Area(Double - SqFt)":5000,"Min_Lot_Width(Double - Feet)":50,"Min_Lot_Depth":90,"Front_Setback(Double - Feet)":15,"Rear_Setback(Double - Feet)":15,"Side_Setback(Double - Feet)":5,"Max_Density_Factor(Double - SqFt/Unit)":5000,"Current_Area":54214.824648324349,"Lot_Width":230.86043067276478,"Lot_Depth":249.14090591669083,"Shape_Length":960.00267317891121,"Shape_Area":57516.776838130012,"Split_Area_Floor":10000,"Split_Width_Floor":100}},{"type":"Feature","id":8607,"geometry":{"type":"Polygon","coordinates":[[[-106.44475692749032,31.867481196931749],[-106.44507817864147,31.866871678080628],[-106.44442979948695,31.866888103576507],[-106.44475692749032,31.867481196931749]]]},"properties":{"OBJECTID":8607,"PIDN":"S912999001P4300","CITY_OWNED":" ","STATE_CD":"A1","LAND_ACRES":1,"YR_BLT":"1952","City_Taxes":" ","District_Key(String)":"R-4","Min_Lot_Area(Double - SqFt)":6000,"Min_Lot_Width(Double - Feet)":50,"Min_Lot_Depth":90,"Front_Setback(Double - Feet)":10,"Rear_Setback(Double - Feet)":10,"Side_Setback(Double - Feet)":5,"Max_Density_Factor(Double - SqFt/Unit)":6000,"Current_Area":44067.061017374777,"Lot_Width":210.11834616959095,"Lot_Depth":221.46674865484238,"Shape_Length":863.17018964886665,"Shape_Area":46534.226958911961,"Split_Area_Floor":12000,"Split_Width_Floor":100}},{"type":"Feature","id":8609,"geometry":{"type":"Polygon","coordinates":[[[-106.44509516561826,31.867466569734404],[-106.44574920955576,31.867452025746541],[-106.44572449615822,31.867131490709717],[-106.44509516561826,31.867466569734404]]]},"properties":{"OBJECTID":8609,"PIDN":"S912999001P4000","CITY_OWNED":" ","STATE_CD":"A1","LAND_ACRES":0.54100000000000004,"YR_BLT":"1958","City_Taxes":" ","District_Key(String)":"R-4","Min_Lot_Area(Double - SqFt)":6000,"Min_Lot_Width(Double - Feet)":50,"Min_Lot_Depth":90,"Front_Setback(Double - Feet)":10,"Rear_Setback(Double - Feet)":10,"Side_Setback(Double - Feet)":5,"Max_Density_Factor(Double - SqFt/Unit)":6000,"Current_Area":23441.056016134273,"Lot_Width":122.64542400836945,"Lot_Depth":203.0386359244585,"Shape_Length":651.3681198656559,"Shape_Area":24901.759593036168,"Split_Area_Floor":12000,"Split_Width_Floor":100}},{"type":"Feature","id":8611,"geometry":{"type":"Polygon","coordinates":[[[-106.4560532287088,31.8670306305583],[-106.45638652713647,31.86676300077016],[-106.45595845820971,31.866801274939956],[-106.4560532287088,31.8670306305583]]]},"properties":{"OBJECTID":8611,"PIDN":"P32499904600100","CITY_OWNED":" ","STATE_CD":"A1","LAND_ACRES":0.30359999999999998,"YR_BLT":"1971","City_Taxes":" ","District_Key(String)":"R-4","Min_Lot_Area(Double - SqFt)":6000,"Min_Lot_Width(Double - Feet)":50,"Min_Lot_Depth":90,"Front_Setback(Double - Feet)":10,"Rear_Setback(Double - Feet)":10,"Side_Setback(Double - Feet)":5,"Max_Density_Factor(Double - SqFt/Unit)":6000,"Current_Area":12742.337961174329,"Lot_Width":103.52472732961178,"Lot_Depth":142.63324491679668,"Shape_Length":492.31594449281693,"Shape_Area":14766.067788149112,"Split_Area_Floor":12000,"Split_Width_Floor":100}},{"type":"Feature","id":8612,"geometry":{"type":"Polygon","coordinates":[[[-106.45725301218383,31.86673585859036],[-106.45767902172942,31.866871255374726],[-106.45763801867854,31.866591080869643],[-106.45725301218383,31.86673585859036]]]},"properties":{"OBJECTID":8612,"PIDN":"M80399900800310","CITY_OWNED":" ","STATE_CD":"A1","LAND_ACRES":0.27900000000000003,"YR_BLT":"1999","City_Taxes":" ","District_Key(String)":"P-R 1","Min_Lot_Area(Double - SqFt)":4000,"Min_Lot_Width(Double - Feet)":40,"Min_Lot_Depth":100,"Front_Setback(Double - Feet)":10,"Rear_Setback(Double - Feet)":10,"Side_Setback(Double - Feet)":5,"Max_Density_Factor(Double - SqFt/Unit)":4000,"Current_Area":12418.555803315268,"Lot_Width":129.34915074706078,"Lot_Depth":137.52072234451771,"Shape_Length":533.73974618315697,"Shape_Area":17788.188645385711,"Split_Area_Floor":8000,"Split_Width_Floor":80}},{"type":"Feature","id":8748,"geometry":{"type":"Polygon","coordinates":[[[-106.44623218085714,31.867763136312362],[-106.44653716074896,31.867462570514608],[-106.44596047248474,31.867475441871974],[-106.44623218085714,31.867763136312362]]]},"properties":{"OBJECTID":8748,"PIDN":"S912999001P7050","CITY_OWNED":" ","STATE_CD":"A1","LAND_ACRES":0.44629999999999997,"YR_BLT":"1992","City_Taxes":" ","District_Key(String)":"R-4","Min_Lot_Area(Double - SqFt)":6000,"Min_Lot_Width(Double - Feet)":50,"Min_Lot_Depth":90,"Front_Setback(Double - Feet)":10,"Rear_Setback(Double - Feet)":10,"Side_Setback(Double - Feet)":5,"Max_Density_Factor(Double - SqFt/Unit)":6000,"Current_Area":18850.590474787034,"Lot_Width":111.84557682275772,"Lot_Depth":181.21682916581631,"Shape_Length":586.12481197714806,"Shape_Area":20268.30078804187,"Split_Area_Floor":12000,"Split_Width_Floor":100}},{"type":"Feature","id":8756,"geometry":{"type":"Polygon","coordinates":[[[-106.45736028597906,31.867118917462896],[-106.45777455705728,31.867210311505517],[-106.45767902172942,31.866871255374726],[-106.45736028597906,31.867118917462896]]]},"properties":{"OBJECTID":8756,"PIDN":"M80399900800550","CITY_OWNED":" ","STATE_CD":"A1","LAND_ACRES":0.316,"YR_BLT":"1994","City_Taxes":" ","District_Key(String)":"P-R 1","Min_Lot_Area(Double - SqFt)":4000,"Min_Lot_Width(Double - Feet)":40,"Min_Lot_Depth":100,"Front_Setback(Double - Feet)":10,"Rear_Setback(Double - Feet)":10,"Side_Setback(Double - Feet)":5,"Max_Density_Factor(Double - SqFt/Unit)":4000,"Current_Area":14864.491392382966,"Lot_Width":129.5870111733675,"Lot_Depth":173.97701425850391,"Shape_Length":607.12805086374283,"Shape_Area":22545.161290625863,"Split_Area_Floor":8000,"Split_Width_Floor":80}},{"type":"Feature","id":8757,"geometry":{"type":"Polygon","coordinates":[[[-106.45699401499678,31.867245069565289],[-106.45740475538823,31.867363112085755],[-106.45734530938272,31.867036677145588],[-106.45699401499678,31.867245069565289]]]},"properties":{"OBJECTID":8757,"PIDN":"M80399900800700","CITY_OWNED":" ","STATE_CD":"A1","LAND_ACRES":0.3241,"YR_BLT":"2000","City_Taxes":" ","District_Key(String)":"R-4","Min_Lot_Area(Double - SqFt)":6000,"Min_Lot_Width(Double - Feet)":50,"Min_Lot_Depth":90,"Front_Setback(Double - Feet)":10,"Rear_Setback(Double - Feet)":10,"Side_Setback(Double - Feet)":5,"Max_Density_Factor(Double - SqFt/Unit)":6000,"Current_Area":14179.328186897412,"Lot_Width":123.40526500344276,"Lot_Depth":127.85145032405853,"Shape_Length":502.51343065500259,"Shape_Area":15777.542108314941,"Split_Area_Floor":12000,"Split_Width_Floor":100}},{"type":"Feature","id":8792,"geometry":{"type":"Polygon","coordinates":[[[-106.45700124527002,31.867709287350497],[-106.45741622715401,31.867704187095793],[-106.45734701782195,31.867370038189392],[-106.45700124527002,31.867709287350497]]]},"properties":{"OBJECTID":8792,"PIDN":"M80399900800800","CITY_OWNED":" ","STATE_CD":"A1","LAND_ACRES":0.31659999999999999,"YR_BLT":"1996","City_Taxes":" ","District_Key(String)":"R-4","Min_Lot_Area(Double - SqFt)":6000,"Min_Lot_Width(Double - Feet)":50,"Min_Lot_Depth":90,"Front_Setback(Double - Feet)":10,"Rear_Setback(Double - Feet)":10,"Side_Setback(Double - Feet)":5,"Max_Density_Factor(Double - SqFt/Unit)":6000,"Current_Area":13924.203882002908,"Lot_Width":122.55881001055241,"Lot_Depth":128.74186849594116,"Shape_Length":502.60135701298714,"Shape_Area":15778.450201397574,"Split_Area_Floor":12000,"Split_Width_Floor":100}},{"type":"Feature","id":8799,"geometry":{"type":"Polygon","coordinates":[[[-106.45172887120978,31.86797686623234],[-106.45197738206618,31.867661146022886],[-106.45172783060923,31.867669300205041],[-106.45172887120978,31.86797686623234]]]},"properties":{"OBJECTID":8799,"PIDN":"P32499904302500","CITY_OWNED":" ","STATE_CD":"A1","LAND_ACRES":0.21360000000000001,"YR_BLT":"1973","City_Taxes":" ","District_Key(String)":"A-2","Min_Lot_Area(Double - SqFt)":3500,"Min_Lot_Width(Double - Feet)":35,"Min_Lot_Depth":90,"Front_Setback(Double - Feet)":10,"Rear_Setback(Double - Feet)":15,"Side_Setback(Double - Feet)":5,"Max_Density_Factor(Double - SqFt/Unit)":3500,"Current_Area":8644.3863026004419,"Lot_Width":83.349898904561996,"Lot_Depth":124.56307108700275,"Shape_Length":415.8259399831295,"Shape_Area":10382.319382343449,"Split_Area_Floor":7000,"Split_Width_Floor":70}},{"type":"Feature","id":8805,"geometry":{"type":"Polygon","coordinates":[[[-106.45751943139636,31.867699865456402],[-106.45784902895566,31.867707151268903],[-106.45777455705728,31.867210311505517],[-106.45751943139636,31.867699865456402]]]},"properties":{"OBJECTID":8805,"PIDN":"M80399900800650","CITY_OWNED":" ","STATE_CD":"A1","LAND_ACRES":0.35549999999999998,"YR_BLT":"1993","City_Taxes":" ","District_Key(String)":"P-R 1","Min_Lot_Area(Double - SqFt)":4000,"Min_Lot_Width(Double - Feet)":40,"Min_Lot_Depth":100,"Front_Setback(Double - Feet)":10,"Rear_Setback(Double - Feet)":10,"Side_Setback(Double - Feet)":5,"Max_Density_Factor(Double - SqFt/Unit)":4000,"Current_Area":17671.237291291392,"Lot_Width":119.65297591686249,"Lot_Depth":199.31259350478649,"Shape_Length":637.93113884329796,"Shape_Area":23848.34495055562,"Split_Area_Floor":8000,"Split_Width_Floor":80}},{"type":"Feature","id":8806,"geometry":{"type":"Polygon","coordinates":[[[-106.45193703666008,31.867987737270827],[-106.45227071901448,31.867712779363895],[-106.45197738206618,31.867661146022886],[-106.45193703666008,31.867987737270827]]]},"properties":{"OBJECTID":8806,"PIDN":"P32499904302100","CITY_OWNED":" ","STATE_CD":"A1","LAND_ACRES":0.2026,"YR_BLT":"1971","City_Taxes":" ","District_Key(String)":"A-2","Min_Lot_Area(Double - SqFt)":3500,"Min_Lot_Width(Double - Feet)":35,"Min_Lot_Depth":90,"Front_Setback(Double - Feet)":10,"Rear_Setback(Double - Feet)":15,"Side_Setback(Double - Feet)":5,"Max_Density_Factor(Double - SqFt/Unit)":3500,"Current_Area":9595.2673838313949,"Lot_Width":108.9371180832386,"Lot_Depth":138.5522163361311,"Shape_Length":494.9786688387394,"Shape_Area":15093.479151703534,"Split_Area_Floor":7000,"Split_Width_Floor":70}},{"type":"Feature","id":8815,"geometry":{"type":"Polygon","coordinates":[[[-106.45233147279173,31.868087914020464],[-106.45249148072598,31.867776009155047],[-106.45227071901448,31.867712779363895],[-106.45233147279173,31.868087914020464]]]},"properties":{"OBJECTID":8815,"PIDN":"P32499904301700","CITY_OWNED":" ","STATE_CD":"A1","LAND_ACRES":0.21199999999999999,"YR_BLT":"1968","City_Taxes":" ","District_Key(String)":"A-2","Min_Lot_Area(Double - SqFt)":3500,"Min_Lot_Width(Double - Feet)":35,"Min_Lot_Depth":90,"Front_Setback(Double - Feet)":10,"Rear_Setback(Double - Feet)":15,"Side_Setback(Double - Feet)":5,"Max_Density_Factor(Double - SqFt/Unit)":3500,"Current_Area":9706.0820694643789,"Lot_Width":115.18644942343235,"Lot_Depth":144.30220483243465,"Shape_Length":518.97730851173401,"Shape_Area":16621.658618621008,"Split_Area_Floor":7000,"Split_Width_Floor":70}},{"type":"Feature","id":8822,"geometry":{"type":"Polygon","coordinates":[[[-106.45239549749402,31.868104178183881],[-106.45263900763793,31.868153068857414],[-106.45271899394324,31.867817732922507],[-106.45239549749402,31.868104178183881]]]},"properties":{"OBJECTID":8822,"PIDN":"P32499904301300","CITY_OWNED":" ","STATE_CD":"A1","LAND_ACRES":0.21190000000000001,"YR_BLT":"1969","City_Taxes":" ","District_Key(String)":"A-2","Min_Lot_Area(Double - SqFt)":3500,"Min_Lot_Width(Double - Feet)":35,"Min_Lot_Depth":90,"Front_Setback(Double - Feet)":10,"Rear_Setback(Double - Feet)":15,"Side_Setback(Double - Feet)":5,"Max_Density_Factor(Double - SqFt/Unit)":3500,"Current_Area":9298.8509784506859,"Lot_Width":106.00963050127029,"Lot_Depth":139.48200449347496,"Shape_Length":490.98326998949051,"Shape_Area":14786.435757929803,"Split_Area_Floor":7000,"Split_Width_Floor":70}},{"type":"Feature","id":8829,"geometry":{"type":"Polygon","coordinates":[[[-106.45263900763793,31.868153068857414],[-106.45292583891894,31.868192963121743],[-106.45294673021277,31.867846426054008],[-106.45263900763793,31.868153068857414]]]},"properties":{"OBJECTID":8829,"PIDN":"P32499904300900","CITY_OWNED":" ","STATE_CD":"A1","LAND_ACRES":0.2145,"YR_BLT":"1967","City_Taxes":" ","District_Key(String)":"A-2","Min_Lot_Area(Double - SqFt)":3500,"Min_Lot_Width(Double - Feet)":35,"Min_Lot_Depth":90,"Front_Setback(Double - Feet)":10,"Rear_Setback(Double - Feet)":15,"Side_Setback(Double - Feet)":5,"Max_Density_Factor(Double - SqFt/Unit)":3500,"Current_Area":10141.223019434583,"Lot_Width":101.52407516539097,"Lot_Depth":139.83010092377663,"Shape_Length":482.70835217833519,"Shape_Area":14196.121676569703,"Split_Area_Floor":7000,"Split_Width_Floor":70}},{"type":"Feature","id":8830,"geometry":{"type":"Polygon","coordinates":[[[-106.45292583891894,31.868192963121743],[-106.45319816617115,31.868185616814429],[-106.4531940405888,31.86785329590198],[-106.45292583891894,31.868192963121743]]]},"properties":{"OBJECTID":8830,"PIDN":"P32499904300500","CITY_OWNED":" ","STATE_CD":"A1","LAND_ACRES":0.21609999999999999,"YR_BLT":"1968","City_Taxes":" ","District_Key(String)":"A-O","Min_Lot_Area(Double - SqFt)":4000,"Min_Lot_Width(Double - Feet)":40,"Min_Lot_Depth":90,"Front_Setback(Double - Feet)":10,"Rear_Setback(Double - Feet)":10,"Side_Setback(Double - Feet)":5,"Max_Density_Factor(Double - SqFt/Unit)":4000,"Current_Area":9895.9164566744785,"Lot_Width":89.933875247836113,"Lot_Depth":127.5004011541605,"Shape_Length":434.86855280399323,"Shape_Area":11466.605171447331,"Split_Area_Floor":8000,"Split_Width_Floor":80}},{"type":"Feature","id":8860,"geometry":{"type":"Polygon","coordinates":[[[-106.45754443748285,31.867940921742207],[-106.45791059245312,31.868135697441662],[-106.45780180646354,31.867819807038604],[-106.45754443748285,31.867940921742207]]]},"properties":{"OBJECTID":8860,"PIDN":"M80399900801600","CITY_OWNED":" ","STATE_CD":"A1","LAND_ACRES":0.27579999999999999,"YR_BLT":"1994","City_Taxes":" ","District_Key(String)":"P-R 1","Min_Lot_Area(Double - SqFt)":4000,"Min_Lot_Width(Double - Feet)":40,"Min_Lot_Depth":100,"Front_Setback(Double - Feet)":10,"Rear_Setback(Double - Feet)":10,"Side_Setback(Double - Feet)":5,"Max_Density_Factor(Double - SqFt/Unit)":4000,"Current_Area":12434.111032105629,"Lot_Width":114.63690984249115,"Lot_Depth":130.5732296705246,"Shape_Length":490.42027902603149,"Shape_Area":14968.511557582819,"Split_Area_Floor":8000,"Split_Width_Floor":80}},{"type":"Feature","id":8869,"geometry":{"type":"Polygon","coordinates":[[[-106.44301541981287,31.868878964399439],[-106.44343072231001,31.868625665187654],[-106.44301024147074,31.868693113760425],[-106.44301541981287,31.868878964399439]]]},"properties":{"OBJECTID":8869,"PIDN":"S49199900200900","CITY_OWNED":" ","STATE_CD":"A1","LAND_ACRES":0.2472,"YR_BLT":"2004","City_Taxes":" ","District_Key(String)":"R-3A","Min_Lot_Area(Double - SqFt)":5000,"Min_Lot_Width(Double - Feet)":50,"Min_Lot_Depth":90,"Front_Setback(Double - Feet)":15,"Rear_Setback(Double - Feet)":15,"Side_Setback(Double - Feet)":5,"Max_Density_Factor(Double - SqFt/Unit)":5000,"Current_Area":10888.236545425294,"Lot_Width":120.02174158394337,"Lot_Depth":133.79730458557606,"Shape_Length":507.63809233903885,"Shape_Area":16058.58551559817,"Split_Area_Floor":10000,"Split_Width_Floor":100}},{"type":"Feature","id":8875,"geometry":{"type":"Polygon","coordinates":[[[-106.44367304027594,31.868863293464891],[-106.4439747271889,31.868667886471737],[-106.44364083426237,31.868534879201462],[-106.44367304027594,31.868863293464891]]]},"properties":{"OBJECTID":8875,"PIDN":"S49199900200700","CITY_OWNED":" ","STATE_CD":"A1","LAND_ACRES":0.2477,"YR_BLT":"2004","City_Taxes":" ","District_Key(String)":"R-3A","Min_Lot_Area(Double - SqFt)":5000,"Min_Lot_Width(Double - Feet)":50,"Min_Lot_Depth":90,"Front_Setback(Double - Feet)":15,"Rear_Setback(Double - Feet)":15,"Side_Setback(Double - Feet)":5,"Max_Density_Factor(Double - SqFt/Unit)":5000,"Current_Area":10598.096584660192,"Lot_Width":122.41806225478649,"Lot_Depth":124.50401608645916,"Shape_Length":493.8441566824913,"Shape_Area":15241.540392243096,"Split_Area_Floor":10000,"Split_Width_Floor":100}},{"type":"Feature","id":8887,"geometry":{"type":"Polygon","coordinates":[[[-106.45702215392012,31.868320463684764],[-106.45745257655005,31.867983020542226],[-106.45701102619707,31.868018723722479],[-106.45702215392012,31.868320463684764]]]},"properties":{"OBJECTID":8887,"PIDN":"M80399900801000","CITY_OWNED":" ","STATE_CD":"A1","LAND_ACRES":0.3075,"YR_BLT":"1999","City_Taxes":" ","District_Key(String)":"R-4","Min_Lot_Area(Double - SqFt)":6000,"Min_Lot_Width(Double - Feet)":50,"Min_Lot_Depth":90,"Front_Setback(Double - Feet)":10,"Rear_Setback(Double - Feet)":10,"Side_Setback(Double - Feet)":5,"Max_Density_Factor(Double - SqFt/Unit)":6000,"Current_Area":15172.244249444149,"Lot_Width":115.29963816702366,"Lot_Depth":140.18016582727432,"Shape_Length":510.95960798859596,"Shape_Area":16162.722398078104,"Split_Area_Floor":12000,"Split_Width_Floor":100}},{"type":"Feature","id":8900,"geometry":{"type":"Polygon","coordinates":[[[-106.44811837453342,31.868784860239501],[-106.44865230750833,31.868773042785126],[-106.44864489758595,31.868422072919117],[-106.44811837453342,31.868784860239501]]]},"properties":{"OBJECTID":8900,"PIDN":"S912999001Q1250","CITY_OWNED":" ","STATE_CD":"A1","LAND_ACRES":0.46510000000000001,"YR_BLT":"1983","City_Taxes":" ","District_Key(String)":"R-4","Min_Lot_Area(Double - SqFt)":6000,"Min_Lot_Width(Double - Feet)":50,"Min_Lot_Depth":90,"Front_Setback(Double - Feet)":10,"Rear_Setback(Double - Feet)":10,"Side_Setback(Double - Feet)":5,"Max_Density_Factor(Double - SqFt/Unit)":6000,"Current_Area":19804.428622246745,"Lot_Width":131.14540699124336,"Lot_Depth":170.46685066819191,"Shape_Length":603.22451531887054,"Shape_Area":22355.944509395533,"Split_Area_Floor":12000,"Split_Width_Floor":100}},{"type":"Feature","id":8912,"geometry":{"type":"Polygon","coordinates":[[[-106.45077092617498,31.868733511479004],[-106.45087590611696,31.86813671543608],[-106.45056607660283,31.868137249865509],[-106.45077092617498,31.868733511479004]]]},"properties":{"OBJECTID":8912,"PIDN":"S912999001Q0100","CITY_OWNED":" ","STATE_CD":"A1","LAND_ACRES":0.1537,"YR_BLT":"NULL","City_Taxes":" ","District_Key(String)":"A-2","Min_Lot_Area(Double - SqFt)":3500,"Min_Lot_Width(Double - Feet)":35,"Min_Lot_Depth":90,"Front_Setback(Double - Feet)":10,"Rear_Setback(Double - Feet)":15,"Side_Setback(Double - Feet)":5,"Max_Density_Factor(Double - SqFt/Unit)":3500,"Current_Area":19713.730631179653,"Lot_Width":100.31279149651527,"Lot_Depth":222.15637983381748,"Shape_Length":644.93834266066551,"Shape_Area":22285.126609890383,"Split_Area_Floor":7000,"Split_Width_Floor":70}},{"type":"Feature","id":8913,"geometry":{"type":"Polygon","coordinates":[[[-106.45127940672482,31.868728083206083],[-106.45154627746591,31.868452163058539],[-106.45089964382133,31.868467527570701],[-106.45127940672482,31.868728083206083]]]},"properties":{"OBJECTID":8913,"PIDN":"S912999001P8800","CITY_OWNED":" ","STATE_CD":"A1","LAND_ACRES":0.45910000000000001,"YR_BLT":"1998","City_Taxes":" ","District_Key(String)":"A-2","Min_Lot_Area(Double - SqFt)":3500,"Min_Lot_Width(Double - Feet)":35,"Min_Lot_Depth":90,"Front_Setback(Double - Feet)":10,"Rear_Setback(Double - Feet)":15,"Side_Setback(Double - Feet)":5,"Max_Density_Factor(Double - SqFt/Unit)":3500,"Current_Area":19495.544676716323,"Lot_Width":103.24848116934299,"Lot_Depth":203.96743983030319,"Shape_Length":614.43184199929237,"Shape_Area":21059.328370478161,"Split_Area_Floor":7000,"Split_Width_Floor":70}},{"type":"Feature","id":8920,"geometry":{"type":"Polygon","coordinates":[[[-106.45751083310306,31.868456982220923],[-106.45789033456437,31.868464312798039],[-106.45791059245312,31.868135697441662],[-106.45751083310306,31.868456982220923]]]},"properties":{"OBJECTID":8920,"PIDN":"M80399900801500","CITY_OWNED":" ","STATE_CD":"A1","LAND_ACRES":0.27550000000000002,"YR_BLT":"2005","City_Taxes":" ","District_Key(String)":"P-R 1","Min_Lot_Area(Double - SqFt)":4000,"Min_Lot_Width(Double - Feet)":40,"Min_Lot_Depth":100,"Front_Setback(Double - Feet)":10,"Rear_Setback(Double - Feet)":10,"Side_Setback(Double - Feet)":5,"Max_Density_Factor(Double - SqFt/Unit)":4000,"Current_Area":12928.901731065103,"Lot_Width":119.02043125033379,"Lot_Depth":130.3517734259367,"Shape_Length":498.74440935254097,"Shape_Area":15514.524287400785,"Split_Area_Floor":8000,"Split_Width_Floor":80}},{"type":"Feature","id":8932,"geometry":{"type":"Polygon","coordinates":[[[-106.45417323212661,31.868701680955592],[-106.45457394835647,31.868689653663758],[-106.45456445571394,31.868419061917937],[-106.45417323212661,31.868701680955592]]]},"properties":{"OBJECTID":8932,"PIDN":"P32499904401800","CITY_OWNED":" ","STATE_CD":"A1","LAND_ACRES":0.26579999999999998,"YR_BLT":"1975","City_Taxes":" ","District_Key(String)":"R-4","Min_Lot_Area(Double - SqFt)":6000,"Min_Lot_Width(Double - Feet)":50,"Min_Lot_Depth":90,"Front_Setback(Double - Feet)":10,"Rear_Setback(Double - Feet)":10,"Side_Setback(Double - Feet)":5,"Max_Density_Factor(Double - SqFt/Unit)":6000,"Current_Area":12206.584306490884,"Lot_Width":100.50570449233055,"Lot_Depth":126.92855191230774,"Shape_Length":454.86851280927658,"Shape_Area":12757.04353013784,"Split_Area_Floor":12000,"Split_Width_Floor":100}},{"type":"Feature","id":8945,"geometry":{"type":"Polygon","coordinates":[[[-106.45703012648301,31.868639624089358],[-106.45743522307671,31.868301255864257],[-106.45702215392012,31.868320463684764],[-106.45703012648301,31.868639624089358]]]},"properties":{"OBJECTID":8945,"PIDN":"M80399900801100","CITY_OWNED":" ","STATE_CD":"A1","LAND_ACRES":0.28389999999999999,"YR_BLT":"1996","City_Taxes":" ","District_Key(String)":"P-R 1","Min_Lot_Area(Double - SqFt)":4000,"Min_Lot_Width(Double - Feet)":40,"Min_Lot_Depth":100,"Front_Setback(Double - Feet)":10,"Rear_Setback(Double - Feet)":10,"Side_Setback(Double - Feet)":5,"Max_Density_Factor(Double - SqFt/Unit)":4000,"Current_Area":11321.630552440231,"Lot_Width":116.96006791293621,"Lot_Depth":132.34750433266163,"Shape_Length":498.61514449119568,"Shape_Area":15479.373094855724,"Split_Area_Floor":8000,"Split_Width_Floor":80}},{"type":"Feature","id":9015,"geometry":{"type":"Polygon","coordinates":[[[-106.45119363200817,31.869332688691472],[-106.45155875945821,31.869001051677891],[-106.45117284269202,31.86901193266883],[-106.45119363200817,31.869332688691472]]]},"properties":{"OBJECTID":9015,"PIDN":"S912999001Q6080","CITY_OWNED":" ","STATE_CD":"A1","LAND_ACRES":0.14499999999999999,"YR_BLT":"1997","City_Taxes":" ","District_Key(String)":"A-2","Min_Lot_Area(Double - SqFt)":3500,"Min_Lot_Width(Double - Feet)":35,"Min_Lot_Depth":90,"Front_Setback(Double - Feet)":10,"Rear_Setback(Double - Feet)":15,"Side_Setback(Double - Feet)":5,"Max_Density_Factor(Double - SqFt/Unit)":3500,"Current_Area":7002.8149709836871,"Lot_Width":117.038807913661,"Lot_Depth":119.84621699154377,"Shape_Length":473.77004981040955,"Shape_Area":14026.658369652227,"Split_Area_Floor":7000,"Split_Width_Floor":70}},{"type":"Feature","id":9147,"geometry":{"type":"Polygon","coordinates":[[[-106.42561110100739,31.87114901908636],[-106.42608739309632,31.870992883294633],[-106.42571862135706,31.870813888829062],[-106.42561110100739,31.87114901908636]]]},"properties":{"OBJECTID":9147,"PIDN":"B34899900107300","CITY_OWNED":" ","STATE_CD":"A1","LAND_ACRES":0.32229999999999998,"YR_BLT":"1956","City_Taxes":" ","District_Key(String)":"R-4","Min_Lot_Area(Double - SqFt)":6000,"Min_Lot_Width(Double - Feet)":50,"Min_Lot_Depth":90,"Front_Setback(Double - Feet)":10,"Rear_Setback(Double - Feet)":10,"Side_Setback(Double - Feet)":5,"Max_Density_Factor(Double - SqFt/Unit)":6000,"Current_Area":13510.735523285794,"Lot_Width":150.75166699290276,"Lot_Depth":163.2148966640234,"Shape_Length":627.93312731385231,"Shape_Area":24604.91775017589,"Split_Area_Floor":12000,"Split_Width_Floor":100}},{"type":"Feature","id":9379,"geometry":{"type":"Polygon","coordinates":[[[-106.42584513553321,31.872583016528154],[-106.4262295433613,31.872486644534771],[-106.42600116000528,31.872238920772009],[-106.42584513553321,31.872583016528154]]]},"properties":{"OBJECTID":9379,"PIDN":"B34899900302700","CITY_OWNED":" ","STATE_CD":"A1","LAND_ACRES":0.3024,"YR_BLT":"1956","City_Taxes":" ","District_Key(String)":"R-4","Min_Lot_Area(Double - SqFt)":6000,"Min_Lot_Width(Double - Feet)":50,"Min_Lot_Depth":90,"Front_Setback(Double - Feet)":10,"Rear_Setback(Double - Feet)":10,"Side_Setback(Double - Feet)":5,"Max_Density_Factor(Double - SqFt/Unit)":6000,"Current_Area":13046.806487802069,"Lot_Width":121.07718566060066,"Lot_Depth":168.66731359064579,"Shape_Length":579.4889985024929,"Shape_Area":20421.763642489375,"Split_Area_Floor":12000,"Split_Width_Floor":100}},{"type":"Feature","id":9403,"geometry":{"type":"Polygon","coordinates":[[[-106.42106900730943,31.873087637049647],[-106.42126391785165,31.872824003787702],[-106.42088064695956,31.872728344773336],[-106.42106900730943,31.873087637049647]]]},"properties":{"OBJECTID":9403,"PIDN":"T52799900704900","CITY_OWNED":" ","STATE_CD":"A1","LAND_ACRES":0.25690000000000002,"YR_BLT":"1956","City_Taxes":" ","District_Key(String)":"R-4","Min_Lot_Area(Double - SqFt)":6000,"Min_Lot_Width(Double - Feet)":50,"Min_Lot_Depth":90,"Front_Setback(Double - Feet)":10,"Rear_Setback(Double - Feet)":10,"Side_Setback(Double - Feet)":5,"Max_Density_Factor(Double - SqFt/Unit)":6000,"Current_Area":12774.577449183098,"Lot_Width":136.86193101108074,"Lot_Depth":155.70310066640377,"Shape_Length":585.13006335496902,"Shape_Area":21309.827021616711,"Split_Area_Floor":12000,"Split_Width_Floor":100}},{"type":"Feature","id":9411,"geometry":{"type":"Polygon","coordinates":[[[-106.4255725233435,31.872916497419027],[-106.42608984259847,31.872699103785848],[-106.42584513553321,31.872583016528154],[-106.4255725233435,31.872916497419027]]]},"properties":{"OBJECTID":9411,"PIDN":"B34899900306100","CITY_OWNED":" ","STATE_CD":"A1","LAND_ACRES":0.31459999999999999,"YR_BLT":"1957","City_Taxes":" ","District_Key(String)":"R-4","Min_Lot_Area(Double - SqFt)":6000,"Min_Lot_Width(Double - Feet)":50,"Min_Lot_Depth":90,"Front_Setback(Double - Feet)":10,"Rear_Setback(Double - Feet)":10,"Side_Setback(Double - Feet)":5,"Max_Density_Factor(Double - SqFt/Unit)":6000,"Current_Area":14458.396540397769,"Lot_Width":125.07160024344921,"Lot_Depth":177.31788682937622,"Shape_Length":604.77897414565086,"Shape_Area":22177.431857536911,"Split_Area_Floor":12000,"Split_Width_Floor":100}},{"type":"Feature","id":9523,"geometry":{"type":"Polygon","coordinates":[[[-106.4328767270695,31.873227632188321],[-106.43333046739527,31.873382005498776],[-106.43320132819737,31.873096480203834],[-106.4328767270695,31.873227632188321]]]},"properties":{"OBJECTID":9523,"PIDN":"C23199901805300","CITY_OWNED":" ","STATE_CD":"A1","LAND_ACRES":0.1658,"YR_BLT":"1984","City_Taxes":" ","District_Key(String)":"R-3A","Min_Lot_Area(Double - SqFt)":5000,"Min_Lot_Width(Double - Feet)":50,"Min_Lot_Depth":90,"Front_Setback(Double - Feet)":15,"Rear_Setback(Double - Feet)":15,"Side_Setback(Double - Feet)":5,"Max_Density_Factor(Double - SqFt/Unit)":5000,"Current_Area":10332.097600201894,"Lot_Width":124.61884525418282,"Lot_Depth":138.43213783204556,"Shape_Length":526.10196617245674,"Shape_Area":17251.253162697391,"Split_Area_Floor":10000,"Split_Width_Floor":100}},{"type":"Feature","id":9541,"geometry":{"type":"Polygon","coordinates":[[[-106.43158768769581,31.873555374586076],[-106.43200525892331,31.873594791813726],[-106.43197941251803,31.873285564913903],[-106.43158768769581,31.873555374586076]]]},"properties":{"OBJECTID":9541,"PIDN":"C23199901701500","CITY_OWNED":" ","STATE_CD":"A1","LAND_ACRES":0.29420000000000002,"YR_BLT":"1981","City_Taxes":" ","District_Key(String)":"R-4","Min_Lot_Area(Double - SqFt)":6000,"Min_Lot_Width(Double - Feet)":50,"Min_Lot_Depth":90,"Front_Setback(Double - Feet)":10,"Rear_Setback(Double - Feet)":10,"Side_Setback(Double - Feet)":5,"Max_Density_Factor(Double - SqFt/Unit)":6000,"Current_Area":12615.14528621311,"Lot_Width":128.6503332555294,"Lot_Depth":133.97873465716839,"Shape_Length":525.25813582539558,"Shape_Area":17236.40886279886,"Split_Area_Floor":12000,"Split_Width_Floor":100}},{"type":"Feature","id":9575,"geometry":{"type":"Polygon","coordinates":[[[-106.43943603608396,31.873620542049991],[-106.43988126609128,31.87332185427563],[-106.4394296245474,31.873332438739144],[-106.43943603608396,31.873620542049991]]]},"properties":{"OBJECTID":9575,"PIDN":"C23199902807600","CITY_OWNED":" ","STATE_CD":"A1","LAND_ACRES":0.23980000000000001,"YR_BLT":"1987","City_Taxes":" ","District_Key(String)":"R-3A","Min_Lot_Area(Double - SqFt)":5000,"Min_Lot_Width(Double - Feet)":50,"Min_Lot_Depth":90,"Front_Setback(Double - Feet)":15,"Rear_Setback(Double - Feet)":15,"Side_Setback(Double - Feet)":5,"Max_Density_Factor(Double - SqFt/Unit)":5000,"Current_Area":10474.813929662387,"Lot_Width":121.8590082526207,"Lot_Depth":143.97084066271782,"Shape_Length":531.65969783067703,"Shape_Area":17544.143860454871,"Split_Area_Floor":10000,"Split_Width_Floor":100}},{"type":"Feature","id":9593,"geometry":{"type":"Polygon","coordinates":[[[-106.43956247739493,31.87377333754565],[-106.43989490562949,31.8737619273723],[-106.43988307633072,31.873349966442291],[-106.43956247739493,31.87377333754565]]]},"properties":{"OBJECTID":9593,"PIDN":"C23199902807550","CITY_OWNED":" ","STATE_CD":"A1","LAND_ACRES":0.24379999999999999,"YR_BLT":"1987","City_Taxes":" ","District_Key(String)":"R-3A","Min_Lot_Area(Double - SqFt)":5000,"Min_Lot_Width(Double - Feet)":50,"Min_Lot_Depth":90,"Front_Setback(Double - Feet)":15,"Rear_Setback(Double - Feet)":15,"Side_Setback(Double - Feet)":5,"Max_Density_Factor(Double - SqFt/Unit)":5000,"Current_Area":10554.167927279754,"Lot_Width":117.70547324419022,"Lot_Depth":149.84418851137161,"Shape_Length":535.09932351112366,"Shape_Area":17637.481121622648,"Split_Area_Floor":10000,"Split_Width_Floor":100}},{"type":"Feature","id":9660,"geometry":{"type":"Polygon","coordinates":[[[-106.4292035968799,31.87675148366268],[-106.42955154703951,31.876598563867045],[-106.42915223518912,31.876406443766442],[-106.4292035968799,31.87675148366268]]]},"properties":{"OBJECTID":9660,"PIDN":"C23199901203100","CITY_OWNED":" ","STATE_CD":"A1","LAND_ACRES":0.32919999999999999,"YR_BLT":"1982","City_Taxes":"5451.82","District_Key(String)":"R-4","Min_Lot_Area(Double - SqFt)":6000,"Min_Lot_Width(Double - Feet)":50,"Min_Lot_Depth":90,"Front_Setback(Double - Feet)":10,"Rear_Setback(Double - Feet)":10,"Side_Setback(Double - Feet)":5,"Max_Density_Factor(Double - SqFt/Unit)":6000,"Current_Area":14343.201145597846,"Lot_Width":163.14304640889168,"Lot_Depth":171.32478858530521,"Shape_Length":668.93566998839378,"Shape_Area":27950.447935166005,"Split_Area_Floor":12000,"Split_Width_Floor":100}},{"type":"Feature","id":9759,"geometry":{"type":"Polygon","coordinates":[[[-106.43459094818463,31.874361228192949],[-106.43472321050938,31.874123012478119],[-106.4343835416222,31.87399061972312],[-106.43459094818463,31.874361228192949]]]},"properties":{"OBJECTID":9759,"PIDN":"C23199902201700","CITY_OWNED":" ","STATE_CD":"A1","LAND_ACRES":0.29649999999999999,"YR_BLT":"1986","City_Taxes":" ","District_Key(String)":"R-3A","Min_Lot_Area(Double - SqFt)":5000,"Min_Lot_Width(Double - Feet)":50,"Min_Lot_Depth":90,"Front_Setback(Double - Feet)":15,"Rear_Setback(Double - Feet)":15,"Side_Setback(Double - Feet)":5,"Max_Density_Factor(Double - SqFt/Unit)":5000,"Current_Area":12541.335726184958,"Lot_Width":137.67032833397388,"Lot_Depth":143.66966016590595,"Shape_Length":562.67997699975967,"Shape_Area":19779.049286670721,"Split_Area_Floor":10000,"Split_Width_Floor":100}},{"type":"Feature","id":9922,"geometry":{"type":"Polygon","coordinates":[[[-106.43955322243541,31.875108983521265],[-106.43994024720031,31.87542565641915],[-106.43992783183229,31.874987358808852],[-106.43955322243541,31.875108983521265]]]},"properties":{"OBJECTID":9922,"PIDN":"C23199902807200","CITY_OWNED":" ","STATE_CD":"A1","LAND_ACRES":0.25569999999999998,"YR_BLT":"1986","City_Taxes":" ","District_Key(String)":"R-3A","Min_Lot_Area(Double - SqFt)":5000,"Min_Lot_Width(Double - Feet)":50,"Min_Lot_Depth":90,"Front_Setback(Double - Feet)":15,"Rear_Setback(Double - Feet)":15,"Side_Setback(Double - Feet)":5,"Max_Density_Factor(Double - SqFt/Unit)":5000,"Current_Area":11274.203088245687,"Lot_Width":118.54438233375549,"Lot_Depth":161.15879842638969,"Shape_Length":559.40636152029037,"Shape_Area":19104.470217106573,"Split_Area_Floor":10000,"Split_Width_Floor":100}},{"type":"Feature","id":9923,"geometry":{"type":"Polygon","coordinates":[[[-106.43951596387944,31.875435779771742],[-106.43994043090318,31.875428509145465],[-106.43955322243541,31.875108983521265],[-106.43951596387944,31.875435779771742]]]},"properties":{"OBJECTID":9923,"PIDN":"C23199902807150","CITY_OWNED":" ","STATE_CD":"A1","LAND_ACRES":0.24840000000000001,"YR_BLT":"1986","City_Taxes":" ","District_Key(String)":"R-3A","Min_Lot_Area(Double - SqFt)":5000,"Min_Lot_Width(Double - Feet)":50,"Min_Lot_Depth":90,"Front_Setback(Double - Feet)":15,"Rear_Setback(Double - Feet)":15,"Side_Setback(Double - Feet)":5,"Max_Density_Factor(Double - SqFt/Unit)":5000,"Current_Area":10537.574159849804,"Lot_Width":122.66117200255394,"Lot_Depth":150.43080149590969,"Shape_Length":546.18394699692726,"Shape_Area":18452.018416771825,"Split_Area_Floor":10000,"Split_Width_Floor":100}},{"type":"Feature","id":9963,"geometry":{"type":"Polygon","coordinates":[[[-106.43539890945245,31.875518794559461],[-106.43612608807955,31.875783147069001],[-106.43591546185833,31.875506994720187],[-106.43539890945245,31.875518794559461]]]},"properties":{"OBJECTID":9963,"PIDN":"C23199902804700","CITY_OWNED":" ","STATE_CD":"A1","LAND_ACRES":0.2974,"YR_BLT":"1985","City_Taxes":" ","District_Key(String)":"R-3A","Min_Lot_Area(Double - SqFt)":5000,"Min_Lot_Width(Double - Feet)":50,"Min_Lot_Depth":90,"Front_Setback(Double - Feet)":15,"Rear_Setback(Double - Feet)":15,"Side_Setback(Double - Feet)":5,"Max_Density_Factor(Double - SqFt/Unit)":5000,"Current_Area":12961.613760517926,"Lot_Width":129.51712940633297,"Lot_Depth":220.12784057855606,"Shape_Length":699.28993996977806,"Shape_Area":28510.326014149479,"Split_Area_Floor":10000,"Split_Width_Floor":100}},{"type":"Feature","id":9973,"geometry":{"type":"Polygon","coordinates":[[[-106.43939363410213,31.875714921448324],[-106.43994043090318,31.875428509145465],[-106.43951596387944,31.875435779771742],[-106.43939363410213,31.875714921448324]]]},"properties":{"OBJECTID":9973,"PIDN":"C23199902801500","CITY_OWNED":" ","STATE_CD":"A1","LAND_ACRES":0.24260000000000001,"YR_BLT":"1985","City_Taxes":" ","District_Key(String)":"R-3A","Min_Lot_Area(Double - SqFt)":5000,"Min_Lot_Width(Double - Feet)":50,"Min_Lot_Depth":90,"Front_Setback(Double - Feet)":15,"Rear_Setback(Double - Feet)":15,"Side_Setback(Double - Feet)":5,"Max_Density_Factor(Double - SqFt/Unit)":5000,"Current_Area":10708.642964101964,"Lot_Width":120.34129475057125,"Lot_Depth":175.20503017306328,"Shape_Length":591.09264984726906,"Shape_Area":21084.400177839336,"Split_Area_Floor":10000,"Split_Width_Floor":100}},{"type":"Feature","id":9979,"geometry":{"type":"Polygon","coordinates":[[[-106.43552105396354,31.875910924081339],[-106.43598360813088,31.875847951820006],[-106.43538906215696,31.875516499396849],[-106.43552105396354,31.875910924081339]]]},"properties":{"OBJECTID":9979,"PIDN":"C23199902804900","CITY_OWNED":" ","STATE_CD":"A1","LAND_ACRES":0.26450000000000001,"YR_BLT":"1985","City_Taxes":" ","District_Key(String)":"R-3A","Min_Lot_Area(Double - SqFt)":5000,"Min_Lot_Width(Double - Feet)":50,"Min_Lot_Depth":90,"Front_Setback(Double - Feet)":15,"Rear_Setback(Double - Feet)":15,"Side_Setback(Double - Feet)":5,"Max_Density_Factor(Double - SqFt/Unit)":5000,"Current_Area":14659.120982460934,"Lot_Width":177.67779424786568,"Lot_Depth":191.765036419034,"Shape_Length":738.88566133379936,"Shape_Area":34072.388684795595,"Split_Area_Floor":10000,"Split_Width_Floor":100}},{"type":"Feature","id":9983,"geometry":{"type":"Polygon","coordinates":[[[-106.43955207659734,31.875765381420187],[-106.43994789768139,31.875774047886676],[-106.4399407371326,31.875433264589763],[-106.43955207659734,31.875765381420187]]]},"properties":{"OBJECTID":9983,"PIDN":"C23199902801300","CITY_OWNED":" ","STATE_CD":"A1","LAND_ACRES":0.23980000000000001,"YR_BLT":"1985","City_Taxes":" ","District_Key(String)":"R-3A","Min_Lot_Area(Double - SqFt)":5000,"Min_Lot_Width(Double - Feet)":50,"Min_Lot_Depth":90,"Front_Setback(Double - Feet)":15,"Rear_Setback(Double - Feet)":15,"Side_Setback(Double - Feet)":5,"Max_Density_Factor(Double - SqFt/Unit)":5000,"Current_Area":10247.765205921336,"Lot_Width":127.10046757757664,"Lot_Depth":161.46030700206757,"Shape_Length":577.12154915928841,"Shape_Area":20521.680515181859,"Split_Area_Floor":10000,"Split_Width_Floor":100}},{"type":"Feature","id":9988,"geometry":{"type":"Polygon","coordinates":[[[-106.43559801477679,31.876196759711235],[-106.43599505105706,31.876108723680378],[-106.43552105396354,31.875910924081339],[-106.43559801477679,31.876196759711235]]]},"properties":{"OBJECTID":9988,"PIDN":"C23199902805100","CITY_OWNED":" ","STATE_CD":"A1","LAND_ACRES":0.2354,"YR_BLT":"1985","City_Taxes":" ","District_Key(String)":"R-3A","Min_Lot_Area(Double - SqFt)":5000,"Min_Lot_Width(Double - Feet)":50,"Min_Lot_Depth":90,"Front_Setback(Double - Feet)":15,"Rear_Setback(Double - Feet)":15,"Side_Setback(Double - Feet)":5,"Max_Density_Factor(Double - SqFt/Unit)":5000,"Current_Area":10149.445821290226,"Lot_Width":107.64348550140858,"Lot_Depth":143.31237742304802,"Shape_Length":501.91172584891319,"Shape_Area":15426.643821310263,"Split_Area_Floor":10000,"Split_Width_Floor":100}},{"type":"Feature","id":10151,"geometry":{"type":"Polygon","coordinates":[[[-106.40670059183542,31.87954950686559],[-106.40688705095199,31.879218456927156],[-106.40647311372661,31.879265540983994],[-106.40670059183542,31.87954950686559]]]},"properties":{"OBJECTID":10151,"PIDN":"T52799905803300","CITY_OWNED":" ","STATE_CD":"A1","LAND_ACRES":0.3629,"YR_BLT":"1959","City_Taxes":" ","District_Key(String)":"R-4","Min_Lot_Area(Double - SqFt)":6000,"Min_Lot_Width(Double - Feet)":50,"Min_Lot_Depth":90,"Front_Setback(Double - Feet)":10,"Rear_Setback(Double - Feet)":10,"Side_Setback(Double - Feet)":5,"Max_Density_Factor(Double - SqFt/Unit)":6000,"Current_Area":15434.411459651046,"Lot_Width":122.07685558497906,"Lot_Depth":134.1982224136591,"Shape_Length":512.55015599727631,"Shape_Area":16382.497017353162,"Split_Area_Floor":12000,"Split_Width_Floor":100}},{"type":"Feature","id":10223,"geometry":{"type":"Polygon","coordinates":[[[-106.43242569003959,31.879114134677469],[-106.43258272408936,31.878689596020802],[-106.43234655668959,31.87862855300013],[-106.43242569003959,31.879114134677469]]]},"properties":{"OBJECTID":10223,"PIDN":"C23199900803700","CITY_OWNED":" ","STATE_CD":"A1","LAND_ACRES":0.27389999999999998,"YR_BLT":"1979","City_Taxes":" ","District_Key(String)":"R-4","Min_Lot_Area(Double - SqFt)":6000,"Min_Lot_Width(Double - Feet)":50,"Min_Lot_Depth":90,"Front_Setback(Double - Feet)":10,"Rear_Setback(Double - Feet)":10,"Side_Setback(Double - Feet)":5,"Max_Density_Factor(Double - SqFt/Unit)":6000,"Current_Area":12120.740326033447,"Lot_Width":121.70185633003712,"Lot_Depth":181.70239248871803,"Shape_Length":606.8084976375103,"Shape_Area":22113.518465485977,"Split_Area_Floor":12000,"Split_Width_Floor":100}},{"type":"Feature","id":10262,"geometry":{"type":"Polygon","coordinates":[[[-106.43323969843979,31.879498813911521],[-106.43342967198416,31.879170058921311],[-106.43314495930196,31.878977175423699],[-106.43323969843979,31.879498813911521]]]},"properties":{"OBJECTID":10262,"PIDN":"C23199900802900","CITY_OWNED":" ","STATE_CD":"A1","LAND_ACRES":0.30249999999999999,"YR_BLT":"1982","City_Taxes":" ","District_Key(String)":"R-4","Min_Lot_Area(Double - SqFt)":6000,"Min_Lot_Width(Double - Feet)":50,"Min_Lot_Depth":90,"Front_Setback(Double - Feet)":10,"Rear_Setback(Double - Feet)":10,"Side_Setback(Double - Feet)":5,"Max_Density_Factor(Double - SqFt/Unit)":6000,"Current_Area":12886.175844923644,"Lot_Width":121.28912749886513,"Lot_Depth":206.35227759182453,"Shape_Length":655.28281018137932,"Shape_Area":25028.287706516014,"Split_Area_Floor":12000,"Split_Width_Floor":100}},{"type":"Feature","id":10265,"geometry":{"type":"Polygon","coordinates":[[[-106.43741584567429,31.879412702291294],[-106.43756334963186,31.879169559128407],[-106.43714471731724,31.879074330108853],[-106.43741584567429,31.879412702291294]]]},"properties":{"OBJECTID":10265,"PIDN":"C23199900303100","CITY_OWNED":" ","STATE_CD":"A1","LAND_ACRES":0.22500000000000001,"YR_BLT":"1981","City_Taxes":" ","District_Key(String)":"R-4","Min_Lot_Area(Double - SqFt)":6000,"Min_Lot_Width(Double - Feet)":50,"Min_Lot_Depth":90,"Front_Setback(Double - Feet)":10,"Rear_Setback(Double - Feet)":10,"Side_Setback(Double - Feet)":5,"Max_Density_Factor(Double - SqFt/Unit)":6000,"Current_Area":12114.152211897141,"Lot_Width":129.17953166365623,"Lot_Depth":138.52432924509048,"Shape_Length":535.40772181749344,"Shape_Area":17894.507975902907,"Split_Area_Floor":12000,"Split_Width_Floor":100}},{"type":"Feature","id":10266,"geometry":{"type":"Polygon","coordinates":[[[-106.43770898480206,31.879156681649739],[-106.43799059508092,31.87943059330432],[-106.43822274132896,31.879076792375855],[-106.43770898480206,31.879156681649739]]]},"properties":{"OBJECTID":10266,"PIDN":"C23199900303500","CITY_OWNED":" ","STATE_CD":"A1","LAND_ACRES":0.32169999999999999,"YR_BLT":"1979","City_Taxes":" ","District_Key(String)":"R-4","Min_Lot_Area(Double - SqFt)":6000,"Min_Lot_Width(Double - Feet)":50,"Min_Lot_Depth":90,"Front_Setback(Double - Feet)":10,"Rear_Setback(Double - Feet)":10,"Side_Setback(Double - Feet)":5,"Max_Density_Factor(Double - SqFt/Unit)":6000,"Current_Area":12429.793044705062,"Lot_Width":156.11812607944012,"Lot_Depth":160.83530825376511,"Shape_Length":633.90686866641045,"Shape_Area":25109.306931986917,"Split_Area_Floor":12000,"Split_Width_Floor":100}},{"type":"Feature","id":10267,"geometry":{"type":"Polygon","coordinates":[[[-106.4388200314397,31.879240548209957],[-106.43948043967679,31.879197434976341],[-106.43888734318919,31.879033463848049],[-106.4388200314397,31.879240548209957]]]},"properties":{"OBJECTID":10267,"PIDN":"C23199900700900","CITY_OWNED":" ","STATE_CD":"A1","LAND_ACRES":0.3281,"YR_BLT":"1985","City_Taxes":" ","District_Key(String)":"R-4","Min_Lot_Area(Double - SqFt)":6000,"Min_Lot_Width(Double - Feet)":50,"Min_Lot_Depth":90,"Front_Setback(Double - Feet)":10,"Rear_Setback(Double - Feet)":10,"Side_Setback(Double - Feet)":5,"Max_Density_Factor(Double - SqFt/Unit)":6000,"Current_Area":13956.554958027911,"Lot_Width":129.81601333618164,"Lot_Depth":205.55667550861835,"Shape_Length":670.74537768959999,"Shape_Area":26684.548129167961,"Split_Area_Floor":12000,"Split_Width_Floor":100}},{"type":"Feature","id":10271,"geometry":{"type":"Polygon","coordinates":[[[-106.43064205696372,31.879697979067437],[-106.43092488946492,31.879780982825189],[-106.4311742565142,31.8794704446717],[-106.43064205696372,31.879697979067437]]]},"properties":{"OBJECTID":10271,"PIDN":"C23199903101000","CITY_OWNED":" ","STATE_CD":"A1","LAND_ACRES":0.30520000000000003,"YR_BLT":"2003","City_Taxes":" ","District_Key(String)":"R-3A","Min_Lot_Area(Double - SqFt)":5000,"Min_Lot_Width(Double - Feet)":50,"Min_Lot_Depth":90,"Front_Setback(Double - Feet)":15,"Rear_Setback(Double - Feet)":15,"Side_Setback(Double - Feet)":5,"Max_Density_Factor(Double - SqFt/Unit)":5000,"Current_Area":13045.291458349982,"Lot_Width":115.37903434038162,"Lot_Depth":180.04393124580383,"Shape_Length":590.84593117237091,"Shape_Area":20773.294925986909,"Split_Area_Floor":10000,"Split_Width_Floor":100}},{"type":"Feature","id":10279,"geometry":{"type":"Polygon","coordinates":[[[-106.43253953201217,31.879548797972298],[-106.43299985536035,31.879764208388515],[-106.433339206916,31.879545837711973],[-106.43253953201217,31.879548797972298]]]},"properties":{"OBJECTID":10279,"PIDN":"C23199903102300","CITY_OWNED":" ","STATE_CD":"A1","LAND_ACRES":0.2646,"YR_BLT":"2004","City_Taxes":" ","District_Key(String)":"R-4","Min_Lot_Area(Double - SqFt)":6000,"Min_Lot_Width(Double - Feet)":50,"Min_Lot_Depth":90,"Front_Setback(Double - Feet)":10,"Rear_Setback(Double - Feet)":10,"Side_Setback(Double - Feet)":5,"Max_Density_Factor(Double - SqFt/Unit)":6000,"Current_Area":12096.385348100544,"Lot_Width":126.2723852545023,"Lot_Depth":254.50309991836548,"Shape_Length":761.55097034573555,"Shape_Area":32136.713481356939,"Split_Area_Floor":12000,"Split_Width_Floor":100}},{"type":"Feature","id":10284,"geometry":{"type":"Polygon","coordinates":[[[-106.4376451813777,31.879516995507601],[-106.43799059508092,31.87943059330432],[-106.43770898480206,31.879156681649739],[-106.4376451813777,31.879516995507601]]]},"properties":{"OBJECTID":10284,"PIDN":"C23199900303300","CITY_OWNED":" ","STATE_CD":"A1","LAND_ACRES":0.33379999999999999,"YR_BLT":"1979","City_Taxes":" ","District_Key(String)":"R-4","Min_Lot_Area(Double - SqFt)":6000,"Min_Lot_Width(Double - Feet)":50,"Min_Lot_Depth":90,"Front_Setback(Double - Feet)":10,"Rear_Setback(Double - Feet)":10,"Side_Setback(Double - Feet)":5,"Max_Density_Factor(Double - SqFt/Unit)":6000,"Current_Area":15639.525779097366,"Lot_Width":159.60598000884056,"Lot_Depth":172.36940591037273,"Shape_Length":663.95077183842659,"Shape_Area":27511.187953866676,"Split_Area_Floor":12000,"Split_Width_Floor":100}},{"type":"Feature","id":10301,"geometry":{"type":"Polygon","coordinates":[[[-106.43163075012815,31.879988132661659],[-106.43207974529481,31.879727352930807],[-106.43172974524099,31.879745916198917],[-106.43163075012815,31.879988132661659]]]},"properties":{"OBJECTID":10301,"PIDN":"C23199903101800","CITY_OWNED":" ","STATE_CD":"A1","LAND_ACRES":0.25269999999999998,"YR_BLT":"2003","City_Taxes":" ","District_Key(String)":"R-3A","Min_Lot_Area(Double - SqFt)":5000,"Min_Lot_Width(Double - Feet)":50,"Min_Lot_Depth":90,"Front_Setback(Double - Feet)":15,"Rear_Setback(Double - Feet)":15,"Side_Setback(Double - Feet)":5,"Max_Density_Factor(Double - SqFt/Unit)":5000,"Current_Area":11124.637355093093,"Lot_Width":112.60180892050266,"Lot_Depth":155.80054143071175,"Shape_Length":536.80470070242882,"Shape_Area":17543.422795891864,"Split_Area_Floor":10000,"Split_Width_Floor":100}},{"type":"Feature","id":10302,"geometry":{"type":"Polygon","coordinates":[[[-106.438541791579,31.879590763977905],[-106.43924319774531,31.879374158501594],[-106.4388200314397,31.879240548209957],[-106.438541791579,31.879590763977905]]]},"properties":{"OBJECTID":10302,"PIDN":"C23199900701100","CITY_OWNED":" ","STATE_CD":"A1","LAND_ACRES":0.42730000000000001,"YR_BLT":"1980","City_Taxes":" ","District_Key(String)":"R-4","Min_Lot_Area(Double - SqFt)":6000,"Min_Lot_Width(Double - Feet)":50,"Min_Lot_Depth":90,"Front_Setback(Double - Feet)":10,"Rear_Setback(Double - Feet)":10,"Side_Setback(Double - Feet)":5,"Max_Density_Factor(Double - SqFt/Unit)":6000,"Current_Area":18346.470169065051,"Lot_Width":176.50128741562366,"Lot_Depth":221.72593449056149,"Shape_Length":796.4544438123703,"Shape_Area":39134.912891016334,"Split_Area_Floor":12000,"Split_Width_Floor":100}},{"type":"Feature","id":10306,"geometry":{"type":"Polygon","coordinates":[[[-106.42834766347082,31.880223170742365],[-106.42857940486327,31.880289363222715],[-106.42885531184483,31.879973474754905],[-106.42834766347082,31.880223170742365]]]},"properties":{"OBJECTID":10306,"PIDN":"C23199903200800","CITY_OWNED":" ","STATE_CD":"A1","LAND_ACRES":0.27779999999999999,"YR_BLT":"2004","City_Taxes":" ","District_Key(String)":"R-3A","Min_Lot_Area(Double - SqFt)":5000,"Min_Lot_Width(Double - Feet)":50,"Min_Lot_Depth":90,"Front_Setback(Double - Feet)":15,"Rear_Setback(Double - Feet)":15,"Side_Setback(Double - Feet)":5,"Max_Density_Factor(Double - SqFt/Unit)":5000,"Current_Area":12083.041249268357,"Lot_Width":117.30422733724117,"Lot_Depth":172.19486558437347,"Shape_Length":578.99818584322929,"Shape_Area":20199.185658815033,"Split_Area_Floor":10000,"Split_Width_Floor":100}},{"type":"Feature","id":10347,"geometry":{"type":"Polygon","coordinates":[[[-106.41394261524198,31.881325732648484],[-106.41414347555568,31.880951870039024],[-106.41377787969199,31.880943604514151],[-106.41394261524198,31.881325732648484]]]},"properties":{"OBJECTID":10347,"PIDN":"S50299900405500","CITY_OWNED":" ","STATE_CD":"A1","LAND_ACRES":0.32679999999999998,"YR_BLT":"1958","City_Taxes":" ","District_Key(String)":"R-4","Min_Lot_Area(Double - SqFt)":6000,"Min_Lot_Width(Double - Feet)":50,"Min_Lot_Depth":90,"Front_Setback(Double - Feet)":10,"Rear_Setback(Double - Feet)":10,"Side_Setback(Double - Feet)":5,"Max_Density_Factor(Double - SqFt/Unit)":6000,"Current_Area":15542.016195084885,"Lot_Width":147.36683125793934,"Lot_Depth":155.44325865805149,"Shape_Length":605.62017983198166,"Shape_Area":22907.180468845294,"Split_Area_Floor":12000,"Split_Width_Floor":100}},{"type":"Feature","id":10409,"geometry":{"type":"Polygon","coordinates":[[[-106.40830436634958,31.882184645627696],[-106.40849494525588,31.882307780947475],[-106.40877070854354,31.881792587252374],[-106.40830436634958,31.882184645627696]]]},"properties":{"OBJECTID":10409,"PIDN":"S50299901506300","CITY_OWNED":" ","STATE_CD":"A1","LAND_ACRES":0.34570000000000001,"YR_BLT":"1961","City_Taxes":" ","District_Key(String)":"R-4","Min_Lot_Area(Double - SqFt)":6000,"Min_Lot_Width(Double - Feet)":50,"Min_Lot_Depth":90,"Front_Setback(Double - Feet)":10,"Rear_Setback(Double - Feet)":10,"Side_Setback(Double - Feet)":5,"Max_Density_Factor(Double - SqFt/Unit)":6000,"Current_Area":16032.137363531079,"Lot_Width":162.74869024753571,"Lot_Depth":183.68270349502563,"Shape_Length":692.86278748512268,"Shape_Area":29894.11941494187,"Split_Area_Floor":12000,"Split_Width_Floor":100}},{"type":"Feature","id":10431,"geometry":{"type":"Polygon","coordinates":[[[-106.41449086487157,31.883272096397612],[-106.414863580507,31.88298353969142],[-106.41469045505394,31.882875311967233],[-106.41449086487157,31.883272096397612]]]},"properties":{"OBJECTID":10431,"PIDN":"S50299900704700","CITY_OWNED":" ","STATE_CD":"A1","LAND_ACRES":0.26740000000000003,"YR_BLT":"1958","City_Taxes":"7005.35","District_Key(String)":"R-4","Min_Lot_Area(Double - SqFt)":6000,"Min_Lot_Width(Double - Feet)":50,"Min_Lot_Depth":90,"Front_Setback(Double - Feet)":10,"Rear_Setback(Double - Feet)":10,"Side_Setback(Double - Feet)":5,"Max_Density_Factor(Double - SqFt/Unit)":6000,"Current_Area":12101.73356254835,"Lot_Width":143.823531255126,"Lot_Depth":183.4776514172554,"Shape_Length":654.6023653447628,"Shape_Area":26388.403733226747,"Split_Area_Floor":12000,"Split_Width_Floor":100}},{"type":"Feature","id":10518,"geometry":{"type":"Polygon","coordinates":[[[-106.42290795025572,31.882306681046238],[-106.42334041977179,31.881977449300486],[-106.42286762139138,31.881982905009686],[-106.42290795025572,31.882306681046238]]]},"properties":{"OBJECTID":10518,"PIDN":"T81099900105100","CITY_OWNED":" ","STATE_CD":"A1","LAND_ACRES":0.34720000000000001,"YR_BLT":"1963","City_Taxes":" ","District_Key(String)":"R-4","Min_Lot_Area(Double - SqFt)":6000,"Min_Lot_Width(Double - Feet)":50,"Min_Lot_Depth":90,"Front_Setback(Double - Feet)":10,"Rear_Setback(Double - Feet)":10,"Side_Setback(Double - Feet)":5,"Max_Density_Factor(Double - SqFt/Unit)":6000,"Current_Area":12165.075159460697,"Lot_Width":125.69036540389061,"Lot_Depth":166.83267158269882,"Shape_Length":585.04607397317886,"Shape_Area":20969.259452536691,"Split_Area_Floor":12000,"Split_Width_Floor":100}},{"type":"Feature","id":10532,"geometry":{"type":"Polygon","coordinates":[[[-106.42294170971687,31.882325457792664],[-106.42335494204038,31.882469491554591],[-106.42333881698191,31.882020083505054],[-106.42294170971687,31.882325457792664]]]},"properties":{"OBJECTID":10532,"PIDN":"T81099900104900","CITY_OWNED":" ","STATE_CD":"A1","LAND_ACRES":0.24640000000000001,"YR_BLT":"1963","City_Taxes":" ","District_Key(String)":"R-4","Min_Lot_Area(Double - SqFt)":6000,"Min_Lot_Width(Double - Feet)":50,"Min_Lot_Depth":90,"Front_Setback(Double - Feet)":10,"Rear_Setback(Double - Feet)":10,"Side_Setback(Double - Feet)":5,"Max_Density_Factor(Double - SqFt/Unit)":6000,"Current_Area":13279.2474838582,"Lot_Width":129.16083091497421,"Lot_Depth":166.20996941626072,"Shape_Length":590.74160066246986,"Shape_Area":21467.817756156684,"Split_Area_Floor":12000,"Split_Width_Floor":100}},{"type":"Feature","id":10587,"geometry":{"type":"Polygon","coordinates":[[[-106.43684889315757,31.882188276760647],[-106.43696928805389,31.882575492714984],[-106.43725051186939,31.882149527733223],[-106.43684889315757,31.882188276760647]]]},"properties":{"OBJECTID":10587,"PIDN":"C23199900704100","CITY_OWNED":" ","STATE_CD":"A1","LAND_ACRES":0.21460000000000001,"YR_BLT":"1980","City_Taxes":" ","District_Key(String)":"R-4","Min_Lot_Area(Double - SqFt)":6000,"Min_Lot_Width(Double - Feet)":50,"Min_Lot_Depth":90,"Front_Setback(Double - Feet)":10,"Rear_Setback(Double - Feet)":10,"Side_Setback(Double - Feet)":5,"Max_Density_Factor(Double - SqFt/Unit)":6000,"Current_Area":12426.331810300077,"Lot_Width":125.2527022510767,"Lot_Depth":208.86080275475979,"Shape_Length":668.22701001167297,"Shape_Area":26160.379939362789,"Split_Area_Floor":12000,"Split_Width_Floor":100}},{"type":"Feature","id":10614,"geometry":{"type":"Polygon","coordinates":[[[-106.42121986744613,31.883478302065992],[-106.42164041523417,31.883648664226573],[-106.4216119498581,31.883403246174936],[-106.42121986744613,31.883478302065992]]]},"properties":{"OBJECTID":10614,"PIDN":"T81099900307100","CITY_OWNED":" ","STATE_CD":"A1","LAND_ACRES":0.2581,"YR_BLT":"1965","City_Taxes":" ","District_Key(String)":"R-4","Min_Lot_Area(Double - SqFt)":6000,"Min_Lot_Width(Double - Feet)":50,"Min_Lot_Depth":90,"Front_Setback(Double - Feet)":10,"Rear_Setback(Double - Feet)":10,"Side_Setback(Double - Feet)":5,"Max_Density_Factor(Double - SqFt/Unit)":6000,"Current_Area":12367.259012581488,"Lot_Width":126.95545475184917,"Lot_Depth":137.42590624094009,"Shape_Length":528.76272198557854,"Shape_Area":17446.968421503538,"Split_Area_Floor":12000,"Split_Width_Floor":100}},{"type":"Feature","id":10698,"geometry":{"type":"Polygon","coordinates":[[[-106.42302447618428,31.884085018227196],[-106.4230702356914,31.884454679530055],[-106.42339811125214,31.884449078092512],[-106.42302447618428,31.884085018227196]]]},"properties":{"OBJECTID":10698,"PIDN":"T81099900103100","CITY_OWNED":" ","STATE_CD":"A1","LAND_ACRES":0.34329999999999999,"YR_BLT":"1961","City_Taxes":" ","District_Key(String)":"R-4","Min_Lot_Area(Double - SqFt)":6000,"Min_Lot_Width(Double - Feet)":50,"Min_Lot_Depth":90,"Front_Setback(Double - Feet)":10,"Rear_Setback(Double - Feet)":10,"Side_Setback(Double - Feet)":5,"Max_Density_Factor(Double - SqFt/Unit)":6000,"Current_Area":14124.172209595874,"Lot_Width":140.59715974330902,"Lot_Depth":148.64930899441242,"Shape_Length":578.49293747544289,"Shape_Area":20899.670642419907,"Split_Area_Floor":12000,"Split_Width_Floor":100}},{"type":"Feature","id":10841,"geometry":{"type":"Polygon","coordinates":[[[-106.39748712961143,31.895613162861373],[-106.39777015441517,31.895746523142861],[-106.3978787222668,31.895574081539149],[-106.39748712961143,31.895613162861373]]]},"properties":{"OBJECTID":10841,"PIDN":"D04799901809300","CITY_OWNED":" ","STATE_CD":"A1","LAND_ACRES":0.16070000000000001,"YR_BLT":"1970","City_Taxes":"9188.11","District_Key(String)":"A-2","Min_Lot_Area(Double - SqFt)":3500,"Min_Lot_Width(Double - Feet)":35,"Min_Lot_Depth":90,"Front_Setback(Double - Feet)":10,"Rear_Setback(Double - Feet)":15,"Side_Setback(Double - Feet)":5,"Max_Density_Factor(Double - SqFt/Unit)":3500,"Current_Area":7088.3177675861061,"Lot_Width":112.87805508077145,"Lot_Depth":122.13197357952595,"Shape_Length":470.02005732059479,"Shape_Area":13786.019640833052,"Split_Area_Floor":7000,"Split_Width_Floor":70}},{"type":"Feature","id":10847,"geometry":{"type":"Polygon","coordinates":[[[-106.40436775317538,31.897343629159405],[-106.40462911955778,31.897345560786743],[-106.40462739358797,31.897074397391442],[-106.40436775317538,31.897343629159405]]]},"properties":{"OBJECTID":10847,"PIDN":"D04799902603200","CITY_OWNED":" ","STATE_CD":"A1","LAND_ACRES":0.1787,"YR_BLT":"1972","City_Taxes":"8597.54","District_Key(String)":"A-2","Min_Lot_Area(Double - SqFt)":3500,"Min_Lot_Width(Double - Feet)":35,"Min_Lot_Depth":90,"Front_Setback(Double - Feet)":10,"Rear_Setback(Double - Feet)":15,"Side_Setback(Double - Feet)":5,"Max_Density_Factor(Double - SqFt/Unit)":3500,"Current_Area":7821.8559524213815,"Lot_Width":85.805602669715881,"Lot_Depth":103.47289015352726,"Shape_Length":378.55698564648628,"Shape_Area":8878.5536996007177,"Split_Area_Floor":7000,"Split_Width_Floor":70}},{"type":"Feature","id":10849,"geometry":{"type":"Polygon","coordinates":[[[-106.40412747011295,31.897625919488569],[-106.40462911955778,31.897345560786743],[-106.40419246128258,31.897340060950462],[-106.40412747011295,31.897625919488569]]]},"properties":{"OBJECTID":10849,"PIDN":"D04799902605200","CITY_OWNED":" ","STATE_CD":"A1","LAND_ACRES":0.3044,"YR_BLT":"1974","City_Taxes":"3729.20","District_Key(String)":"A-2","Min_Lot_Area(Double - SqFt)":3500,"Min_Lot_Width(Double - Feet)":35,"Min_Lot_Depth":90,"Front_Setback(Double - Feet)":10,"Rear_Setback(Double - Feet)":15,"Side_Setback(Double - Feet)":5,"Max_Density_Factor(Double - SqFt/Unit)":3500,"Current_Area":12550.003768866234,"Lot_Width":126.03682141005993,"Lot_Depth":161.02461233735085,"Shape_Length":574.12286749482155,"Shape_Area":20295.030307786823,"Split_Area_Floor":7000,"Split_Width_Floor":70}},{"type":"Feature","id":10858,"geometry":{"type":"Polygon","coordinates":[[[-106.40059897806799,31.891190072632444],[-106.40100008120233,31.890876756852176],[-106.40059314633282,31.890877394232966],[-106.40059897806799,31.891190072632444]]]},"properties":{"OBJECTID":10858,"PIDN":"D67299901908500","CITY_OWNED":" ","STATE_CD":"A1","LAND_ACRES":0.32429999999999998,"YR_BLT":"1950","City_Taxes":" ","District_Key(String)":"R-4","Min_Lot_Area(Double - SqFt)":6000,"Min_Lot_Width(Double - Feet)":50,"Min_Lot_Depth":90,"Front_Setback(Double - Feet)":10,"Rear_Setback(Double - Feet)":10,"Side_Setback(Double - Feet)":5,"Max_Density_Factor(Double - SqFt/Unit)":6000,"Current_Area":14215.640337418072,"Lot_Width":119.39575858414173,"Lot_Depth":130.52434524893761,"Shape_Length":499.84020766615868,"Shape_Area":15584.053214695321,"Split_Area_Floor":12000,"Split_Width_Floor":100}},{"type":"Feature","id":10872,"geometry":{"type":"Polygon","coordinates":[[[-106.40032533511315,31.892766738818086],[-106.40041549137065,31.892400843533729],[-106.40008511668508,31.892408976009698],[-106.40032533511315,31.892766738818086]]]},"properties":{"OBJECTID":10872,"PIDN":"D04799901304600","CITY_OWNED":" ","STATE_CD":"A1","LAND_ACRES":0.31530000000000002,"YR_BLT":"1962","City_Taxes":" ","District_Key(String)":"R-4","Min_Lot_Area(Double - SqFt)":6000,"Min_Lot_Width(Double - Feet)":50,"Min_Lot_Depth":90,"Front_Setback(Double - Feet)":10,"Rear_Setback(Double - Feet)":10,"Side_Setback(Double - Feet)":5,"Max_Density_Factor(Double - SqFt/Unit)":6000,"Current_Area":14434.135837787488,"Lot_Width":133.28549458086491,"Lot_Depth":134.32355023920536,"Shape_Length":535.21808964014053,"Shape_Area":17903.380827490142,"Split_Area_Floor":12000,"Split_Width_Floor":100}},{"type":"Feature","id":10873,"geometry":{"type":"Polygon","coordinates":[[[-106.41451274532236,31.892233943560125],[-106.4150121577179,31.891988940540639],[-106.41475602971217,31.891873124731383],[-106.41451274532236,31.892233943560125]]]},"properties":{"OBJECTID":10873,"PIDN":"M42599903101700","CITY_OWNED":" ","STATE_CD":"A1","LAND_ACRES":0.30109999999999998,"YR_BLT":"1967","City_Taxes":" ","District_Key(String)":"R-4","Min_Lot_Area(Double - SqFt)":6000,"Min_Lot_Width(Double - Feet)":50,"Min_Lot_Depth":90,"Front_Setback(Double - Feet)":10,"Rear_Setback(Double - Feet)":10,"Side_Setback(Double - Feet)":5,"Max_Density_Factor(Double - SqFt/Unit)":6000,"Current_Area":13147.519391750713,"Lot_Width":152.71918274462223,"Lot_Depth":159.64600616693497,"Shape_Length":624.7303778231144,"Shape_Area":24381.007590257228,"Split_Area_Floor":12000,"Split_Width_Floor":100}},{"type":"Feature","id":10875,"geometry":{"type":"Polygon","coordinates":[[[-106.41500816157759,31.892473298377887],[-106.41523546266235,31.892583712050417],[-106.41544397438989,31.892171959255556],[-106.41500816157759,31.892473298377887]]]},"properties":{"OBJECTID":10875,"PIDN":"M42599903101300","CITY_OWNED":" ","STATE_CD":"A1","LAND_ACRES":0.27579999999999999,"YR_BLT":"1966","City_Taxes":" ","District_Key(String)":"R-4","Min_Lot_Area(Double - SqFt)":6000,"Min_Lot_Width(Double - Feet)":50,"Min_Lot_Depth":90,"Front_Setback(Double - Feet)":10,"Rear_Setback(Double - Feet)":10,"Side_Setback(Double - Feet)":5,"Max_Density_Factor(Double - SqFt/Unit)":6000,"Current_Area":12177.985053555596,"Lot_Width":146.60699024796486,"Lot_Depth":155.0105167478323,"Shape_Length":603.23501399159431,"Shape_Area":22725.625317181442,"Split_Area_Floor":12000,"Split_Width_Floor":100}},{"type":"Feature","id":10876,"geometry":{"type":"Polygon","coordinates":[[[-106.41554292540478,31.892729452207565],[-106.41598649415083,31.892571125906169],[-106.41557975572704,31.892428096846555],[-106.41554292540478,31.892729452207565]]]},"properties":{"OBJECTID":10876,"PIDN":"M42599903100900","CITY_OWNED":" ","STATE_CD":"A1","LAND_ACRES":0.33169999999999999,"YR_BLT":"1967","City_Taxes":" ","District_Key(String)":"R-4","Min_Lot_Area(Double - SqFt)":6000,"Min_Lot_Width(Double - Feet)":50,"Min_Lot_Depth":90,"Front_Setback(Double - Feet)":10,"Rear_Setback(Double - Feet)":10,"Side_Setback(Double - Feet)":5,"Max_Density_Factor(Double - SqFt/Unit)":6000,"Current_Area":14561.484955974745,"Lot_Width":140.61586049199104,"Lot_Depth":170.21160183846951,"Shape_Length":621.6549246609211,"Shape_Area":23934.450858236552,"Split_Area_Floor":12000,"Split_Width_Floor":100}},{"type":"Feature","id":10878,"geometry":{"type":"Polygon","coordinates":[[[-106.40434232980446,31.893722111396471],[-106.40454176745611,31.893505547462173],[-106.40408560716557,31.893468987260302],[-106.40434232980446,31.893722111396471]]]},"properties":{"OBJECTID":10878,"PIDN":"D04799900404900","CITY_OWNED":" ","STATE_CD":"A1","LAND_ACRES":0.27739999999999998,"YR_BLT":"1960","City_Taxes":" ","District_Key(String)":"R-4","Min_Lot_Area(Double - SqFt)":6000,"Min_Lot_Width(Double - Feet)":50,"Min_Lot_Depth":90,"Front_Setback(Double - Feet)":10,"Rear_Setback(Double - Feet)":10,"Side_Setback(Double - Feet)":5,"Max_Density_Factor(Double - SqFt/Unit)":6000,"Current_Area":12292.028193558332,"Lot_Width":117.70055198669434,"Lot_Depth":155.79988525807858,"Shape_Length":547.00087448954582,"Shape_Area":18337.732494339489,"Split_Area_Floor":12000,"Split_Width_Floor":100}},{"type":"Feature","id":10880,"geometry":{"type":"Polygon","coordinates":[[[-106.3971475057678,31.89447462071076],[-106.39701487918234,31.894095308009224],[-106.39686305240997,31.894340599568448],[-106.3971475057678,31.89447462071076]]]},"properties":{"OBJECTID":10880,"PIDN":"D04799901801700","CITY_OWNED":" ","STATE_CD":"A1","LAND_ACRES":0.183,"YR_BLT":"1971","City_Taxes":" ","District_Key(String)":"A-2","Min_Lot_Area(Double - SqFt)":3500,"Min_Lot_Width(Double - Feet)":35,"Min_Lot_Depth":90,"Front_Setback(Double - Feet)":10,"Rear_Setback(Double - Feet)":15,"Side_Setback(Double - Feet)":5,"Max_Density_Factor(Double - SqFt/Unit)":3500,"Current_Area":11219.977060580704,"Lot_Width":128.5574856698513,"Lot_Depth":154.98262967169285,"Shape_Length":567.0802306830883,"Shape_Area":19924.177193094525,"Split_Area_Floor":7000,"Split_Width_Floor":70}},{"type":"Feature","id":10882,"geometry":{"type":"Polygon","coordinates":[[[-106.39722965797664,31.894511958548332],[-106.397689627765,31.894382739491174],[-106.39739235580758,31.894257506243374],[-106.39722965797664,31.894511958548332]]]},"properties":{"OBJECTID":10882,"PIDN":"D04799901804700","CITY_OWNED":" ","STATE_CD":"A1","LAND_ACRES":0.18479999999999999,"YR_BLT":"1970","City_Taxes":" ","District_Key(String)":"A-2","Min_Lot_Area(Double - SqFt)":3500,"Min_Lot_Width(Double - Feet)":35,"Min_Lot_Depth":90,"Front_Setback(Double - Feet)":10,"Rear_Setback(Double - Feet)":15,"Side_Setback(Double - Feet)":5,"Max_Density_Factor(Double - SqFt/Unit)":3500,"Current_Area":9736.4944895802255,"Lot_Width":119.01846274733543,"Lot_Depth":162.25590908527374,"Shape_Length":562.54874366521835,"Shape_Area":19311.448871000699,"Split_Area_Floor":7000,"Split_Width_Floor":70}},{"type":"Feature","id":10884,"geometry":{"type":"Polygon","coordinates":[[[-106.39740238498243,31.89488255997345],[-106.39752449264105,31.894564832209042],[-106.39717965004381,31.894595051988915],[-106.39740238498243,31.89488255997345]]]},"properties":{"OBJECTID":10884,"PIDN":"D04799901804900","CITY_OWNED":" ","STATE_CD":"A1","LAND_ACRES":0.18720000000000001,"YR_BLT":"1970","City_Taxes":" ","District_Key(String)":"A-2","Min_Lot_Area(Double - SqFt)":3500,"Min_Lot_Width(Double - Feet)":35,"Min_Lot_Depth":90,"Front_Setback(Double - Feet)":10,"Rear_Setback(Double - Feet)":15,"Side_Setback(Double - Feet)":5,"Max_Density_Factor(Double - SqFt/Unit)":3500,"Current_Area":12201.425988233055,"Lot_Width":122.81537117063999,"Lot_Depth":161.40846982598305,"Shape_Length":568.44768199324608,"Shape_Area":19823.441131763153,"Split_Area_Floor":7000,"Split_Width_Floor":70}},{"type":"Feature","id":10886,"geometry":{"type":"Polygon","coordinates":[[[-106.39745506821761,31.894906160353138],[-106.39791599789568,31.894932599606022],[-106.39776344742809,31.894681063345839],[-106.39745506821761,31.894906160353138]]]},"properties":{"OBJECTID":10886,"PIDN":"D04799901805100","CITY_OWNED":" ","STATE_CD":"A1","LAND_ACRES":0.20569999999999999,"YR_BLT":"1970","City_Taxes":" ","District_Key(String)":"R-4","Min_Lot_Area(Double - SqFt)":6000,"Min_Lot_Width(Double - Feet)":50,"Min_Lot_Depth":90,"Front_Setback(Double - Feet)":10,"Rear_Setback(Double - Feet)":10,"Side_Setback(Double - Feet)":5,"Max_Density_Factor(Double - SqFt/Unit)":6000,"Current_Area":12094.270170501428,"Lot_Width":142.32222191989422,"Lot_Depth":149.49477975070477,"Shape_Length":583.63400334119797,"Shape_Area":21276.429219545513,"Split_Area_Floor":12000,"Split_Width_Floor":100}},{"type":"Feature","id":10888,"geometry":{"type":"Polygon","coordinates":[[[-106.39770328185737,31.89527315778594],[-106.39809307235207,31.895233018032517],[-106.3978107038767,31.895098796995878],[-106.39770328185737,31.89527315778594]]]},"properties":{"OBJECTID":10888,"PIDN":"D04799901808900","CITY_OWNED":" ","STATE_CD":"A1","LAND_ACRES":0.16070000000000001,"YR_BLT":"1970","City_Taxes":" ","District_Key(String)":"A-2","Min_Lot_Area(Double - SqFt)":3500,"Min_Lot_Width(Double - Feet)":35,"Min_Lot_Depth":90,"Front_Setback(Double - Feet)":10,"Rear_Setback(Double - Feet)":15,"Side_Setback(Double - Feet)":5,"Max_Density_Factor(Double - SqFt/Unit)":3500,"Current_Area":7107.0229821677267,"Lot_Width":113.34885467588902,"Lot_Depth":121.59490117430687,"Shape_Length":469.88751170039177,"Shape_Area":13782.642782535597,"Split_Area_Floor":7000,"Split_Width_Floor":70}},{"type":"Feature","id":10890,"geometry":{"type":"Polygon","coordinates":[[[-106.39759419726836,31.895443975030471],[-106.3978787222668,31.895574081539149],[-106.39798624131062,31.895402660459546],[-106.39759419726836,31.895443975030471]]]},"properties":{"OBJECTID":10890,"PIDN":"D04799901809100","CITY_OWNED":" ","STATE_CD":"A1","LAND_ACRES":0.16070000000000001,"YR_BLT":"1970","City_Taxes":" ","District_Key(String)":"A-2","Min_Lot_Area(Double - SqFt)":3500,"Min_Lot_Width(Double - Feet)":35,"Min_Lot_Depth":90,"Front_Setback(Double - Feet)":10,"Rear_Setback(Double - Feet)":15,"Side_Setback(Double - Feet)":5,"Max_Density_Factor(Double - SqFt/Unit)":3500,"Current_Area":7111.6096911684253,"Lot_Width":112.27930299937725,"Lot_Depth":122.31635642051697,"Shape_Length":469.19131883978844,"Shape_Area":13733.595244319047,"Split_Area_Floor":7000,"Split_Width_Floor":70}},{"type":"Feature","id":10891,"geometry":{"type":"Polygon","coordinates":[[[-106.40951769878477,31.895002472226434],[-106.40997702381831,31.894855445708131],[-106.40970173295254,31.894717572313347],[-106.40951769878477,31.895002472226434]]]},"properties":{"OBJECTID":10891,"PIDN":"S03399900506400","CITY_OWNED":" ","STATE_CD":"A1","LAND_ACRES":0.27550000000000002,"YR_BLT":"2005","City_Taxes":" ","District_Key(String)":"R-5","Min_Lot_Area(Double - SqFt)":4500,"Min_Lot_Width(Double - Feet)":45,"Min_Lot_Depth":90,"Front_Setback(Double - Feet)":10,"Rear_Setback(Double - Feet)":10,"Side_Setback(Double - Feet)":5,"Max_Density_Factor(Double - SqFt/Unit)":4500,"Current_Area":11486.531072171063,"Lot_Width":145.26841025054455,"Lot_Depth":152.65225374698639,"Shape_Length":595.84132799506187,"Shape_Area":22175.550222987444,"Split_Area_Floor":9000,"Split_Width_Floor":90}},{"type":"Feature","id":10897,"geometry":{"type":"Polygon","coordinates":[[[-106.3972706149104,31.895950835174165],[-106.39755497155561,31.896085642237182],[-106.39766529524265,31.89591207235263],[-106.3972706149104,31.895950835174165]]]},"properties":{"OBJECTID":10897,"PIDN":"D04799901809700","CITY_OWNED":" ","STATE_CD":"A1","LAND_ACRES":0.16070000000000001,"YR_BLT":"1970","City_Taxes":" ","District_Key(String)":"A-2","Min_Lot_Area(Double - SqFt)":3500,"Min_Lot_Width(Double - Feet)":35,"Min_Lot_Depth":90,"Front_Setback(Double - Feet)":10,"Rear_Setback(Double - Feet)":15,"Side_Setback(Double - Feet)":5,"Max_Density_Factor(Double - SqFt/Unit)":3500,"Current_Area":7125.7504528898598,"Lot_Width":112.96729375422001,"Lot_Depth":123.08210292458534,"Shape_Length":472.0987933576107,"Shape_Area":13904.252076968774,"Split_Area_Floor":7000,"Split_Width_Floor":70}},{"type":"Feature","id":10905,"geometry":{"type":"Polygon","coordinates":[[[-106.39481232106696,31.896715848406995],[-106.39533300392085,31.896637265766472],[-106.39496573040897,31.896474422293462],[-106.39481232106696,31.896715848406995]]]},"properties":{"OBJECTID":10905,"PIDN":"S77599900401000","CITY_OWNED":" ","STATE_CD":"A1","LAND_ACRES":0.24210000000000001,"YR_BLT":"1984","City_Taxes":" ","District_Key(String)":"R-5","Min_Lot_Area(Double - SqFt)":4500,"Min_Lot_Width(Double - Feet)":45,"Min_Lot_Depth":90,"Front_Setback(Double - Feet)":10,"Rear_Setback(Double - Feet)":10,"Side_Setback(Double - Feet)":5,"Max_Density_Factor(Double - SqFt/Unit)":4500,"Current_Area":10333.612576511647,"Lot_Width":121.93020233511925,"Lot_Depth":162.91863742470741,"Shape_Length":569.69767951965332,"Shape_Area":19864.702425356507,"Split_Area_Floor":9000,"Split_Width_Floor":90}},{"type":"Feature","id":10910,"geometry":{"type":"Polygon","coordinates":[[[-106.40917181731601,31.896163819279227],[-106.40946084462696,31.896298984845881],[-106.4096159115314,31.89601445386803],[-106.40917181731601,31.896163819279227]]]},"properties":{"OBJECTID":10910,"PIDN":"S03399900600100","CITY_OWNED":" ","STATE_CD":"A1","LAND_ACRES":0.27550000000000002,"YR_BLT":"NULL","City_Taxes":" ","District_Key(String)":"R-4","Min_Lot_Area(Double - SqFt)":6000,"Min_Lot_Width(Double - Feet)":50,"Min_Lot_Depth":90,"Front_Setback(Double - Feet)":10,"Rear_Setback(Double - Feet)":10,"Side_Setback(Double - Feet)":5,"Max_Density_Factor(Double - SqFt/Unit)":6000,"Current_Area":12197.739663585071,"Lot_Width":142.23035858571529,"Lot_Depth":156.22672167420387,"Shape_Length":596.91416051983833,"Shape_Area":22220.182644392757,"Split_Area_Floor":12000,"Split_Width_Floor":100}},{"type":"Feature","id":10915,"geometry":{"type":"Polygon","coordinates":[[[-106.39469754654549,31.896896447006355],[-106.39490152883769,31.897163717099364],[-106.39511204138577,31.896854344238612],[-106.39469754654549,31.896896447006355]]]},"properties":{"OBJECTID":10915,"PIDN":"S77599900403100","CITY_OWNED":" ","STATE_CD":"A1","LAND_ACRES":0.2467,"YR_BLT":"1984","City_Taxes":" ","District_Key(String)":"R-5","Min_Lot_Area(Double - SqFt)":4500,"Min_Lot_Width(Double - Feet)":45,"Min_Lot_Depth":90,"Front_Setback(Double - Feet)":10,"Rear_Setback(Double - Feet)":10,"Side_Setback(Double - Feet)":5,"Max_Density_Factor(Double - SqFt/Unit)":4500,"Current_Area":11037.480307753165,"Lot_Width":129.28747108578682,"Lot_Depth":164.19914667308331,"Shape_Length":586.97323551774025,"Shape_Area":21228.892427807128,"Split_Area_Floor":9000,"Split_Width_Floor":90}},{"type":"Feature","id":10917,"geometry":{"type":"Polygon","coordinates":[[[-106.40790590060791,31.896471791753761],[-106.40835772275352,31.896356935835733],[-106.40799563028816,31.896177375417476],[-106.40790590060791,31.896471791753761]]]},"properties":{"OBJECTID":10917,"PIDN":"S03399900809700","CITY_OWNED":" ","STATE_CD":"A1","LAND_ACRES":0.35349999999999998,"YR_BLT":"1984","City_Taxes":" ","District_Key(String)":"R-4","Min_Lot_Area(Double - SqFt)":6000,"Min_Lot_Width(Double - Feet)":50,"Min_Lot_Depth":90,"Front_Setback(Double - Feet)":10,"Rear_Setback(Double - Feet)":10,"Side_Setback(Double - Feet)":5,"Max_Density_Factor(Double - SqFt/Unit)":6000,"Current_Area":13554.8957945932,"Lot_Width":142.82681408524513,"Lot_Depth":163.72900325059891,"Shape_Length":613.11163467168808,"Shape_Area":23384.891907635785,"Split_Area_Floor":12000,"Split_Width_Floor":100}},{"type":"Feature","id":10920,"geometry":{"type":"Polygon","coordinates":[[[-106.40792290510159,31.896887663868991],[-106.40817633612539,31.89666527287007],[-106.40760323365316,31.896532275837654],[-106.40792290510159,31.896887663868991]]]},"properties":{"OBJECTID":10920,"PIDN":"S03399900800100","CITY_OWNED":" ","STATE_CD":"A1","LAND_ACRES":0.42770000000000002,"YR_BLT":"1987","City_Taxes":" ","District_Key(String)":"R-4","Min_Lot_Area(Double - SqFt)":6000,"Min_Lot_Width(Double - Feet)":50,"Min_Lot_Depth":90,"Front_Setback(Double - Feet)":10,"Rear_Setback(Double - Feet)":10,"Side_Setback(Double - Feet)":5,"Max_Density_Factor(Double - SqFt/Unit)":6000,"Current_Area":17760.384779283475,"Lot_Width":143.25168199837208,"Lot_Depth":178.84183391928673,"Shape_Length":644.18703183531761,"Shape_Area":25619.393520611335,"Split_Area_Floor":12000,"Split_Width_Floor":100}},{"type":"Feature","id":10924,"geometry":{"type":"Polygon","coordinates":[[[-106.40226829883652,31.897101592669884],[-106.40260210190874,31.897351062072985],[-106.40268910831472,31.89705412456108],[-106.40226829883652,31.897101592669884]]]},"properties":{"OBJECTID":10924,"PIDN":"D04799902704500","CITY_OWNED":" ","STATE_CD":"A1","LAND_ACRES":0.30980000000000002,"YR_BLT":"1974","City_Taxes":" ","District_Key(String)":"R-4","Min_Lot_Area(Double - SqFt)":6000,"Min_Lot_Width(Double - Feet)":50,"Min_Lot_Depth":90,"Front_Setback(Double - Feet)":10,"Rear_Setback(Double - Feet)":10,"Side_Setback(Double - Feet)":5,"Max_Density_Factor(Double - SqFt/Unit)":6000,"Current_Area":13273.775207548288,"Lot_Width":131.35111524164677,"Lot_Depth":171.49112683534622,"Shape_Length":605.68448415398598,"Shape_Area":22525.550763869425,"Split_Area_Floor":12000,"Split_Width_Floor":100}},{"type":"Feature","id":10927,"geometry":{"type":"Polygon","coordinates":[[[-106.40623578255025,31.897347696428387],[-106.40641777469838,31.897348961625958],[-106.40606366654576,31.89709541471619],[-106.40623578255025,31.897347696428387]]]},"properties":{"OBJECTID":10927,"PIDN":"D04799902601600","CITY_OWNED":" ","STATE_CD":"A1","LAND_ACRES":0.222,"YR_BLT":"1972","City_Taxes":" ","District_Key(String)":"A-2","Min_Lot_Area(Double - SqFt)":3500,"Min_Lot_Width(Double - Feet)":35,"Min_Lot_Depth":90,"Front_Setback(Double - Feet)":10,"Rear_Setback(Double - Feet)":15,"Side_Setback(Double - Feet)":5,"Max_Density_Factor(Double - SqFt/Unit)":3500,"Current_Area":7595.2036334798286,"Lot_Width":106.77308040857315,"Lot_Depth":106.94958925247192,"Shape_Length":427.44533932209015,"Shape_Area":11419.337092918056,"Split_Area_Floor":7000,"Split_Width_Floor":70}},{"type":"Feature","id":10928,"geometry":{"type":"Polygon","coordinates":[[[-106.40641777469838,31.897348961625958],[-106.4066082295918,31.897112535648422],[-106.40628763256443,31.896991947111104],[-106.40641777469838,31.897348961625958]]]},"properties":{"OBJECTID":10928,"PIDN":"D04799902601400","CITY_OWNED":" ","STATE_CD":"A1","LAND_ACRES":0.22850000000000001,"YR_BLT":"1972","City_Taxes":" ","District_Key(String)":"A-2","Min_Lot_Area(Double - SqFt)":3500,"Min_Lot_Width(Double - Feet)":35,"Min_Lot_Depth":90,"Front_Setback(Double - Feet)":10,"Rear_Setback(Double - Feet)":15,"Side_Setback(Double - Feet)":5,"Max_Density_Factor(Double - SqFt/Unit)":3500,"Current_Area":10100.283206264696,"Lot_Width":120.7760051637888,"Lot_Depth":134.78910049796104,"Shape_Length":511.13021132349968,"Shape_Area":16279.289097764189,"Split_Area_Floor":7000,"Split_Width_Floor":70}},{"type":"Feature","id":10929,"geometry":{"type":"Polygon","coordinates":[[[-106.39410591045846,31.897902117839628],[-106.39460261871939,31.89783341470568],[-106.39423049476059,31.897637507476375],[-106.39410591045846,31.897902117839628]]]},"properties":{"OBJECTID":10929,"PIDN":"S77599900403700","CITY_OWNED":" ","STATE_CD":"A1","LAND_ACRES":0.24640000000000001,"YR_BLT":"1984","City_Taxes":" ","District_Key(String)":"R-5","Min_Lot_Area(Double - SqFt)":4500,"Min_Lot_Width(Double - Feet)":45,"Min_Lot_Depth":90,"Front_Setback(Double - Feet)":10,"Rear_Setback(Double - Feet)":10,"Side_Setback(Double - Feet)":5,"Max_Density_Factor(Double - SqFt/Unit)":4500,"Current_Area":10037.353520134857,"Lot_Width":115.33835200965405,"Lot_Depth":159.16569216549397,"Shape_Length":549.00808835029602,"Shape_Area":18357.908630843976,"Split_Area_Floor":9000,"Split_Width_Floor":90}},{"type":"Feature","id":10949,"geometry":{"type":"Polygon","coordinates":[[[-106.40780349256124,31.897786919888027],[-106.40830502339897,31.897415881160011],[-106.4080069779661,31.897273647118773],[-106.40780349256124,31.897786919888027]]]},"properties":{"OBJECTID":10949,"PIDN":"S03399900605500","CITY_OWNED":" ","STATE_CD":"A1","LAND_ACRES":0.46060000000000001,"YR_BLT":"1958","City_Taxes":" ","District_Key(String)":"R-4","Min_Lot_Area(Double - SqFt)":6000,"Min_Lot_Width(Double - Feet)":50,"Min_Lot_Depth":90,"Front_Setback(Double - Feet)":10,"Rear_Setback(Double - Feet)":10,"Side_Setback(Double - Feet)":5,"Max_Density_Factor(Double - SqFt/Unit)":6000,"Current_Area":18783.186464886974,"Lot_Width":163.19357123970985,"Lot_Depth":192.57802692055702,"Shape_Length":711.54319632053375,"Shape_Area":31427.495955462684,"Split_Area_Floor":12000,"Split_Width_Floor":100}},{"type":"Feature","id":10959,"geometry":{"type":"Polygon","coordinates":[[[-106.40808276766927,31.897935645719649],[-106.40861653939719,31.89756454284295],[-106.40836307572364,31.897443584741438],[-106.40808276766927,31.897935645719649]]]},"properties":{"OBJECTID":10959,"PIDN":"S03399900603700","CITY_OWNED":" ","STATE_CD":"A1","LAND_ACRES":0.1366,"YR_BLT":"2003","City_Taxes":" ","District_Key(String)":"R-4","Min_Lot_Area(Double - SqFt)":6000,"Min_Lot_Width(Double - Feet)":50,"Min_Lot_Depth":90,"Front_Setback(Double - Feet)":10,"Rear_Setback(Double - Feet)":10,"Side_Setback(Double - Feet)":5,"Max_Density_Factor(Double - SqFt/Unit)":6000,"Current_Area":16853.229052307543,"Lot_Width":172.78410324454308,"Lot_Depth":217.50087733566761,"Shape_Length":780.56996116042137,"Shape_Area":37580.694045344695,"Split_Area_Floor":12000,"Split_Width_Floor":100}},{"type":"Feature","id":10968,"geometry":{"type":"Polygon","coordinates":[[[-106.41634081929578,31.898270413889435],[-106.4166225663232,31.897895278699739],[-106.41628223308798,31.897847585893221],[-106.41634081929578,31.898270413889435]]]},"properties":{"OBJECTID":10968,"PIDN":"M42599904903700","CITY_OWNED":" ","STATE_CD":"A1","LAND_ACRES":0.3695,"YR_BLT":"1965","City_Taxes":" ","District_Key(String)":"R-4","Min_Lot_Area(Double - SqFt)":6000,"Min_Lot_Width(Double - Feet)":50,"Min_Lot_Depth":90,"Front_Setback(Double - Feet)":10,"Rear_Setback(Double - Feet)":10,"Side_Setback(Double - Feet)":5,"Max_Density_Factor(Double - SqFt/Unit)":6000,"Current_Area":15451.163650362503,"Lot_Width":111.81834590435028,"Lot_Depth":157.18997432291508,"Shape_Length":538.01664045453072,"Shape_Area":17576.722921535656,"Split_Area_Floor":12000,"Split_Width_Floor":100}},{"type":"Feature","id":10969,"geometry":{"type":"Polygon","coordinates":[[[-106.41665232381777,31.898263032046348],[-106.4170848215869,31.897942377718412],[-106.4166225663232,31.897895278699739],[-106.41665232381777,31.898263032046348]]]},"properties":{"OBJECTID":10969,"PIDN":"M42599904903100","CITY_OWNED":" ","STATE_CD":"A1","LAND_ACRES":0.39529999999999998,"YR_BLT":"1965","City_Taxes":" ","District_Key(String)":"R-4","Min_Lot_Area(Double - SqFt)":6000,"Min_Lot_Width(Double - Feet)":50,"Min_Lot_Depth":90,"Front_Setback(Double - Feet)":10,"Rear_Setback(Double - Feet)":10,"Side_Setback(Double - Feet)":5,"Max_Density_Factor(Double - SqFt/Unit)":6000,"Current_Area":17122.794145438867,"Lot_Width":138.74742591381073,"Lot_Depth":143.90095892548561,"Shape_Length":565.29676967859268,"Shape_Area":19965.887637440137,"Split_Area_Floor":12000,"Split_Width_Floor":100}},{"type":"Feature","id":10970,"geometry":{"type":"Polygon","coordinates":[[[-106.41378397013349,31.89841860791433],[-106.41409304255941,31.898013184023622],[-106.41377474567987,31.898019942042268],[-106.41378397013349,31.89841860791433]]]},"properties":{"OBJECTID":10970,"PIDN":"M42599905305500","CITY_OWNED":" ","STATE_CD":"A1","LAND_ACRES":0.3306,"YR_BLT":"1966","City_Taxes":" ","District_Key(String)":"R-4","Min_Lot_Area(Double - SqFt)":6000,"Min_Lot_Width(Double - Feet)":50,"Min_Lot_Depth":90,"Front_Setback(Double - Feet)":10,"Rear_Setback(Double - Feet)":10,"Side_Setback(Double - Feet)":5,"Max_Density_Factor(Double - SqFt/Unit)":6000,"Current_Area":14197.491572197207,"Lot_Width":103.83837500214577,"Lot_Depth":147.1539051681757,"Shape_Length":501.98456034064293,"Shape_Area":15280.222387883225,"Split_Area_Floor":12000,"Split_Width_Floor":100}},{"type":"Feature","id":10972,"geometry":{"type":"Polygon","coordinates":[[[-106.39168001101677,31.89984571236306],[-106.3917653410932,31.899594261768858],[-106.3913021428327,31.899596049028478],[-106.39168001101677,31.89984571236306]]]},"properties":{"OBJECTID":10972,"PIDN":"F17099900102100","CITY_OWNED":" ","STATE_CD":"A1","LAND_ACRES":0.26000000000000001,"YR_BLT":"2007","City_Taxes":" ","District_Key(String)":"R-5","Min_Lot_Area(Double - SqFt)":4500,"Min_Lot_Width(Double - Feet)":45,"Min_Lot_Depth":90,"Front_Setback(Double - Feet)":10,"Rear_Setback(Double - Feet)":10,"Side_Setback(Double - Feet)":5,"Max_Density_Factor(Double - SqFt/Unit)":4500,"Current_Area":10905.400971580872,"Lot_Width":105.48961842060089,"Lot_Depth":143.57812492549419,"Shape_Length":498.13548669219017,"Shape_Area":15146.001611935748,"Split_Area_Floor":9000,"Split_Width_Floor":90}},{"type":"Feature","id":10973,"geometry":{"type":"Polygon","coordinates":[[[-106.39108270421313,31.899825408655921],[-106.39149751465698,31.899875790729958],[-106.3913021428327,31.899596049028478],[-106.39108270421313,31.899825408655921]]]},"properties":{"OBJECTID":10973,"PIDN":"F17099900102200","CITY_OWNED":" ","STATE_CD":"A1","LAND_ACRES":0.25990000000000002,"YR_BLT":"2007","City_Taxes":" ","District_Key(String)":"R-5","Min_Lot_Area(Double - SqFt)":4500,"Min_Lot_Width(Double - Feet)":45,"Min_Lot_Depth":90,"Front_Setback(Double - Feet)":10,"Rear_Setback(Double - Feet)":10,"Side_Setback(Double - Feet)":5,"Max_Density_Factor(Double - SqFt/Unit)":4500,"Current_Area":10937.046657188374,"Lot_Width":127.54961366951466,"Lot_Depth":136.91212774813175,"Shape_Length":528.92348283529282,"Shape_Area":17463.089000945442,"Split_Area_Floor":9000,"Split_Width_Floor":90}},{"type":"Feature","id":10975,"geometry":{"type":"Polygon","coordinates":[[[-106.41179967436021,31.900552495005577],[-106.41213857690816,31.900209991259864],[-106.41178522122722,31.900218948141593],[-106.41179967436021,31.900552495005577]]]},"properties":{"OBJECTID":10975,"PIDN":"C74199900102100","CITY_OWNED":" ","STATE_CD":"A1","LAND_ACRES":0.31059999999999999,"YR_BLT":"1960","City_Taxes":" ","District_Key(String)":"R-4","Min_Lot_Area(Double - SqFt)":6000,"Min_Lot_Width(Double - Feet)":50,"Min_Lot_Depth":90,"Front_Setback(Double - Feet)":10,"Rear_Setback(Double - Feet)":10,"Side_Setback(Double - Feet)":5,"Max_Density_Factor(Double - SqFt/Unit)":6000,"Current_Area":13138.090901608302,"Lot_Width":111.82753224670887,"Lot_Depth":124.78190265595913,"Shape_Length":473.218869805336,"Shape_Area":13954.052243064956,"Split_Area_Floor":12000,"Split_Width_Floor":100}},{"type":"Feature","id":10976,"geometry":{"type":"Polygon","coordinates":[[[-106.41248547963733,31.900528554492922],[-106.4127477063364,31.900208248066996],[-106.4123975661843,31.900214039025691],[-106.41248547963733,31.900528554492922]]]},"properties":{"OBJECTID":10976,"PIDN":"C74199901407300","CITY_OWNED":" ","STATE_CD":"A1","LAND_ACRES":0.27779999999999999,"YR_BLT":"1961","City_Taxes":" ","District_Key(String)":"R-4","Min_Lot_Area(Double - SqFt)":6000,"Min_Lot_Width(Double - Feet)":50,"Min_Lot_Depth":90,"Front_Setback(Double - Feet)":10,"Rear_Setback(Double - Feet)":10,"Side_Setback(Double - Feet)":5,"Max_Density_Factor(Double - SqFt/Unit)":6000,"Current_Area":12774.848759926561,"Lot_Width":109.65299591422081,"Lot_Depth":126.80945765972137,"Shape_Length":472.92490714788437,"Shape_Area":13905.036942645984,"Split_Area_Floor":12000,"Split_Width_Floor":100}},{"type":"Feature","id":10977,"geometry":{"type":"Polygon","coordinates":[[[-106.41293584231859,31.900581872135199],[-106.41332587351017,31.900199201648839],[-106.41303804317934,31.900202177345772],[-106.41293584231859,31.900581872135199]]]},"properties":{"OBJECTID":10977,"PIDN":"C74199901406100","CITY_OWNED":" ","STATE_CD":"A1","LAND_ACRES":0.23039999999999999,"YR_BLT":"1961","City_Taxes":" ","District_Key(String)":"A-2","Min_Lot_Area(Double - SqFt)":3500,"Min_Lot_Width(Double - Feet)":35,"Min_Lot_Depth":90,"Front_Setback(Double - Feet)":10,"Rear_Setback(Double - Feet)":15,"Side_Setback(Double - Feet)":5,"Max_Density_Factor(Double - SqFt/Unit)":3500,"Current_Area":11750.683767470739,"Lot_Width":128.47119973599911,"Lot_Depth":158.46785892546177,"Shape_Length":573.87811732292175,"Shape_Area":20358.555955749129,"Split_Area_Floor":7000,"Split_Width_Floor":70}},{"type":"Feature","id":10978,"geometry":{"type":"Polygon","coordinates":[[[-106.41314132878257,31.900633602388943],[-106.41357231759298,31.900317158149743],[-106.41332587351017,31.900199201648839],[-106.41314132878257,31.900633602388943]]]},"properties":{"OBJECTID":10978,"PIDN":"C74199901405500","CITY_OWNED":" ","STATE_CD":"A1","LAND_ACRES":0.25319999999999998,"YR_BLT":"1961","City_Taxes":" ","District_Key(String)":"A-2","Min_Lot_Area(Double - SqFt)":3500,"Min_Lot_Width(Double - Feet)":35,"Min_Lot_Depth":90,"Front_Setback(Double - Feet)":10,"Rear_Setback(Double - Feet)":15,"Side_Setback(Double - Feet)":5,"Max_Density_Factor(Double - SqFt/Unit)":3500,"Current_Area":12811.558886783199,"Lot_Width":139.84748932719231,"Lot_Depth":179.89104442298412,"Shape_Length":639.47706750035286,"Shape_Area":25157.310915000748,"Split_Area_Floor":7000,"Split_Width_Floor":70}},{"type":"Feature","id":10979,"geometry":{"type":"Polygon","coordinates":[[[-106.40428193397506,31.901173140847423],[-106.40472017004151,31.900810257295795],[-106.4042757335792,31.900803967969388],[-106.40428193397506,31.901173140847423]]]},"properties":{"OBJECTID":10979,"PIDN":"C39899900101200","CITY_OWNED":" ","STATE_CD":"A1","LAND_ACRES":0.40910000000000002,"YR_BLT":"1996","City_Taxes":" ","District_Key(String)":"R-4","Min_Lot_Area(Double - SqFt)":6000,"Min_Lot_Width(Double - Feet)":50,"Min_Lot_Depth":90,"Front_Setback(Double - Feet)":10,"Rear_Setback(Double - Feet)":10,"Side_Setback(Double - Feet)":5,"Max_Density_Factor(Double - SqFt/Unit)":6000,"Current_Area":18138.053563850652,"Lot_Width":139.98692475259304,"Lot_Depth":143.0056194961071,"Shape_Length":565.98508849740028,"Shape_Area":20018.916895599497,"Split_Area_Floor":12000,"Split_Width_Floor":100}},{"type":"Feature","id":10980,"geometry":{"type":"Polygon","coordinates":[[[-106.41334538251556,31.900693512457057],[-106.4137942992986,31.900457327207935],[-106.41357231759298,31.900317158149743],[-106.41334538251556,31.900693512457057]]]},"properties":{"OBJECTID":10980,"PIDN":"C74199901404900","CITY_OWNED":" ","STATE_CD":"A1","LAND_ACRES":0.2331,"YR_BLT":"1961","City_Taxes":" ","District_Key(String)":"A-2","Min_Lot_Area(Double - SqFt)":3500,"Min_Lot_Width(Double - Feet)":35,"Min_Lot_Depth":90,"Front_Setback(Double - Feet)":10,"Rear_Setback(Double - Feet)":15,"Side_Setback(Double - Feet)":5,"Max_Density_Factor(Double - SqFt/Unit)":3500,"Current_Area":10922.005606285918,"Lot_Width":143.80811133980751,"Lot_Depth":161.61516232788563,"Shape_Length":610.84654733538628,"Shape_Area":23241.571258249642,"Split_Area_Floor":7000,"Split_Width_Floor":70}},{"type":"Feature","id":10981,"geometry":{"type":"Polygon","coordinates":[[[-106.41354325561835,31.900763424387431],[-106.41395394138094,31.900554150358854],[-106.4137942992986,31.900457327207935],[-106.41354325561835,31.900763424387431]]]},"properties":{"OBJECTID":10981,"PIDN":"C74199901404300","CITY_OWNED":" ","STATE_CD":"A1","LAND_ACRES":0.17910000000000001,"YR_BLT":"1961","City_Taxes":" ","District_Key(String)":"A-2","Min_Lot_Area(Double - SqFt)":3500,"Min_Lot_Width(Double - Feet)":35,"Min_Lot_Depth":90,"Front_Setback(Double - Feet)":10,"Rear_Setback(Double - Feet)":15,"Side_Setback(Double - Feet)":5,"Max_Density_Factor(Double - SqFt/Unit)":3500,"Current_Area":7967.11059587815,"Lot_Width":131.42591825127602,"Lot_Depth":141.67524157464504,"Shape_Length":546.20231965184212,"Shape_Area":18619.798717419082,"Split_Area_Floor":7000,"Split_Width_Floor":70}},{"type":"Feature","id":10982,"geometry":{"type":"Polygon","coordinates":[[[-106.41369411758558,31.900852020558332],[-106.41384995794758,31.900951032674079],[-106.41411018014742,31.900651074385067],[-106.41369411758558,31.900852020558332]]]},"properties":{"OBJECTID":10982,"PIDN":"C74199901403700","CITY_OWNED":" ","STATE_CD":"A1","LAND_ACRES":0.17910000000000001,"YR_BLT":"1961","City_Taxes":" ","District_Key(String)":"A-2","Min_Lot_Area(Double - SqFt)":3500,"Min_Lot_Width(Double - Feet)":35,"Min_Lot_Depth":90,"Front_Setback(Double - Feet)":10,"Rear_Setback(Double - Feet)":15,"Side_Setback(Double - Feet)":5,"Max_Density_Factor(Double - SqFt/Unit)":3500,"Current_Area":8142.2912239485504,"Lot_Width":132.92657141387463,"Lot_Depth":142.40588317811489,"Shape_Length":550.66490918397903,"Shape_Area":18929.525800031577,"Split_Area_Floor":7000,"Split_Width_Floor":70}},{"type":"Feature","id":10983,"geometry":{"type":"Polygon","coordinates":[[[-106.41384995794758,31.900951032674079],[-106.41401289750425,31.901050558614767],[-106.41426789721332,31.900747783815891],[-106.41384995794758,31.900951032674079]]]},"properties":{"OBJECTID":10983,"PIDN":"C74199901403100","CITY_OWNED":" ","STATE_CD":"A1","LAND_ACRES":0.17910000000000001,"YR_BLT":"1961","City_Taxes":" ","District_Key(String)":"A-2","Min_Lot_Area(Double - SqFt)":3500,"Min_Lot_Width(Double - Feet)":35,"Min_Lot_Depth":90,"Front_Setback(Double - Feet)":10,"Rear_Setback(Double - Feet)":15,"Side_Setback(Double - Feet)":5,"Max_Density_Factor(Double - SqFt/Unit)":3500,"Current_Area":8309.0861745263319,"Lot_Width":133.55386674404144,"Lot_Depth":143.46460807323456,"Shape_Length":554.036949634552,"Shape_Area":19160.253149098899,"Split_Area_Floor":7000,"Split_Width_Floor":70}},{"type":"Feature","id":10984,"geometry":{"type":"Polygon","coordinates":[[[-106.41289986905467,31.90119557667234],[-106.4131754122261,31.901008272464772],[-106.41276204455131,31.900865508721374],[-106.41289986905467,31.90119557667234]]]},"properties":{"OBJECTID":10984,"PIDN":"C74199901306700","CITY_OWNED":" ","STATE_CD":"A1","LAND_ACRES":0.30719999999999997,"YR_BLT":"1961","City_Taxes":" ","District_Key(String)":"R-4","Min_Lot_Area(Double - SqFt)":6000,"Min_Lot_Width(Double - Feet)":50,"Min_Lot_Depth":90,"Front_Setback(Double - Feet)":10,"Rear_Setback(Double - Feet)":10,"Side_Setback(Double - Feet)":5,"Max_Density_Factor(Double - SqFt/Unit)":6000,"Current_Area":12315.249350830398,"Lot_Width":124.76451425254345,"Lot_Depth":132.08470958471298,"Shape_Length":513.69844767451286,"Shape_Area":16479.484631524985,"Split_Area_Floor":12000,"Split_Width_Floor":100}},{"type":"Feature","id":10985,"geometry":{"type":"Polygon","coordinates":[[[-106.41401289750425,31.901050558614767],[-106.4141790045017,31.901153706381059],[-106.41443032745515,31.90085037673818],[-106.41401289750425,31.901050558614767]]]},"properties":{"OBJECTID":10985,"PIDN":"C74199901402500","CITY_OWNED":" ","STATE_CD":"A1","LAND_ACRES":0.18659999999999999,"YR_BLT":"1961","City_Taxes":" ","District_Key(String)":"A-2","Min_Lot_Area(Double - SqFt)":3500,"Min_Lot_Width(Double - Feet)":35,"Min_Lot_Depth":90,"Front_Setback(Double - Feet)":10,"Rear_Setback(Double - Feet)":15,"Side_Setback(Double - Feet)":5,"Max_Density_Factor(Double - SqFt/Unit)":3500,"Current_Area":8560.9660773207106,"Lot_Width":133.33503516018391,"Lot_Depth":145.94557423889637,"Shape_Length":558.56121879816055,"Shape_Area":19459.658272616478,"Split_Area_Floor":7000,"Split_Width_Floor":70}},{"type":"Feature","id":10986,"geometry":{"type":"Polygon","coordinates":[[[-106.4141790045017,31.901153706381059],[-106.41434327652459,31.901253824539431],[-106.41459398070118,31.900947833797794],[-106.4141790045017,31.901153706381059]]]},"properties":{"OBJECTID":10986,"PIDN":"C74199901401900","CITY_OWNED":" ","STATE_CD":"A1","LAND_ACRES":0.18629999999999999,"YR_BLT":"1961","City_Taxes":" ","District_Key(String)":"A-2","Min_Lot_Area(Double - SqFt)":3500,"Min_Lot_Width(Double - Feet)":35,"Min_Lot_Depth":90,"Front_Setback(Double - Feet)":10,"Rear_Setback(Double - Feet)":15,"Side_Setback(Double - Feet)":5,"Max_Density_Factor(Double - SqFt/Unit)":3500,"Current_Area":8439.6025945471265,"Lot_Width":132.68772675096989,"Lot_Depth":145.07779383659363,"Shape_Length":555.53104117512703,"Shape_Area":19250.042666223479,"Split_Area_Floor":7000,"Split_Width_Floor":70}},{"type":"Feature","id":10987,"geometry":{"type":"Polygon","coordinates":[[[-106.42747905012271,31.900537503364689],[-106.42768701675041,31.900399930020161],[-106.4272105776047,31.900149817845232],[-106.42747905012271,31.900537503364689]]]},"properties":{"OBJECTID":10987,"PIDN":"T17299900506900","CITY_OWNED":" ","STATE_CD":"A1","LAND_ACRES":0.31969999999999998,"YR_BLT":"1959","City_Taxes":" ","District_Key(String)":"R-3","Min_Lot_Area(Double - SqFt)":6000,"Min_Lot_Width(Double - Feet)":60,"Min_Lot_Depth":90,"Front_Setback(Double - Feet)":20,"Rear_Setback(Double - Feet)":20,"Side_Setback(Double - Feet)":5,"Max_Density_Factor(Double - SqFt/Unit)":6000,"Current_Area":13386.500132736479,"Lot_Width":171.49178299307823,"Lot_Depth":194.30243290960789,"Shape_Length":731.58843180537224,"Shape_Area":33321.270659561618,"Split_Area_Floor":12000,"Split_Width_Floor":120}},{"type":"Feature","id":10988,"geometry":{"type":"Polygon","coordinates":[[[-106.41445673745439,31.901318834293061],[-106.41475917268956,31.901049995747005],[-106.41459398070118,31.900947833797794],[-106.41445673745439,31.901318834293061]]]},"properties":{"OBJECTID":10988,"PIDN":"C74199901401300","CITY_OWNED":" ","STATE_CD":"A1","LAND_ACRES":0.18659999999999999,"YR_BLT":"1961","City_Taxes":" ","District_Key(String)":"A-2","Min_Lot_Area(Double - SqFt)":3500,"Min_Lot_Width(Double - Feet)":35,"Min_Lot_Depth":90,"Front_Setback(Double - Feet)":10,"Rear_Setback(Double - Feet)":15,"Side_Setback(Double - Feet)":5,"Max_Density_Factor(Double - SqFt/Unit)":3500,"Current_Area":8318.9549011609033,"Lot_Width":132.93214882910252,"Lot_Depth":143.64997516572475,"Shape_Length":553.16424798965454,"Shape_Area":19095.699878027004,"Split_Area_Floor":7000,"Split_Width_Floor":70}},{"type":"Feature","id":10989,"geometry":{"type":"Polygon","coordinates":[[[-106.40429802958775,31.901852840001013],[-106.40474516728275,31.901852992050735],[-106.40472295507494,31.901340373559805],[-106.40429802958775,31.901852840001013]]]},"properties":{"OBJECTID":10989,"PIDN":"C39899900100900","CITY_OWNED":" ","STATE_CD":"A1","LAND_ACRES":0.57799999999999996,"YR_BLT":"1972","City_Taxes":" ","District_Key(String)":"R-4","Min_Lot_Area(Double - SqFt)":6000,"Min_Lot_Width(Double - Feet)":50,"Min_Lot_Depth":90,"Front_Setback(Double - Feet)":10,"Rear_Setback(Double - Feet)":10,"Side_Setback(Double - Feet)":5,"Max_Density_Factor(Double - SqFt/Unit)":6000,"Current_Area":25305.165043551897,"Lot_Width":141.84846958518028,"Lot_Depth":192.33491715788841,"Shape_Length":668.36677348613739,"Shape_Area":27282.413646638903,"Split_Area_Floor":12000,"Split_Width_Floor":100}},{"type":"Feature","id":10990,"geometry":{"type":"Polygon","coordinates":[[[-106.41450269424733,31.901347548803301],[-106.41465928803193,31.901443425124871],[-106.4149142161418,31.901144021269388],[-106.41450269424733,31.901347548803301]]]},"properties":{"OBJECTID":10990,"PIDN":"C74199901400700","CITY_OWNED":" ","STATE_CD":"A1","LAND_ACRES":0.1762,"YR_BLT":"1961","City_Taxes":" ","District_Key(String)":"A-2","Min_Lot_Area(Double - SqFt)":3500,"Min_Lot_Width(Double - Feet)":35,"Min_Lot_Depth":90,"Front_Setback(Double - Feet)":10,"Rear_Setback(Double - Feet)":15,"Side_Setback(Double - Feet)":5,"Max_Density_Factor(Double - SqFt/Unit)":3500,"Current_Area":7992.2416273504141,"Lot_Width":131.57060299813747,"Lot_Depth":141.2208461612463,"Shape_Length":545.58289831876755,"Shape_Area":18580.511885342385,"Split_Area_Floor":7000,"Split_Width_Floor":70}},{"type":"Feature","id":10991,"geometry":{"type":"Polygon","coordinates":[[[-106.41480600141438,31.901540528420441],[-106.41511918262486,31.901270834243867],[-106.4149142161418,31.901144021269388],[-106.41480600141438,31.901540528420441]]]},"properties":{"OBJECTID":10991,"PIDN":"C74199901400100","CITY_OWNED":" ","STATE_CD":"A1","LAND_ACRES":0.23430000000000001,"YR_BLT":"1961","City_Taxes":" ","District_Key(String)":"A-2","Min_Lot_Area(Double - SqFt)":3500,"Min_Lot_Width(Double - Feet)":35,"Min_Lot_Depth":90,"Front_Setback(Double - Feet)":10,"Rear_Setback(Double - Feet)":15,"Side_Setback(Double - Feet)":5,"Max_Density_Factor(Double - SqFt/Unit)":3500,"Current_Area":10647.249479199372,"Lot_Width":145.94557423889637,"Lot_Depth":146.62503483891487,"Shape_Length":585.14121815562248,"Shape_Area":21399.274907363619,"Split_Area_Floor":7000,"Split_Width_Floor":70}},{"type":"Feature","id":10992,"geometry":{"type":"Polygon","coordinates":[[[-106.43615130147505,31.900384038080734],[-106.43653681666159,31.900531040003223],[-106.43646626171414,31.900300776231269],[-106.43615130147505,31.900384038080734]]]},"properties":{"OBJECTID":10992,"PIDN":"M99699900501700","CITY_OWNED":" ","STATE_CD":"A1","LAND_ACRES":0.15090000000000001,"YR_BLT":"1972","City_Taxes":" ","District_Key(String)":"P-R 2","Min_Lot_Area(Double - SqFt)":4000,"Min_Lot_Width(Double - Feet)":40,"Min_Lot_Depth":100,"Front_Setback(Double - Feet)":10,"Rear_Setback(Double - Feet)":20,"Side_Setback(Double - Feet)":5,"Max_Density_Factor(Double - SqFt/Unit)":4000,"Current_Area":8732.3562581388542,"Lot_Width":105.0670470893383,"Lot_Depth":116.53290341794491,"Shape_Length":443.19990101456642,"Shape_Area":12243.768050870531,"Split_Area_Floor":8000,"Split_Width_Floor":80}},{"type":"Feature","id":10993,"geometry":{"type":"Polygon","coordinates":[[[-106.39162110867993,31.902864223554797],[-106.39197792839099,31.902801559498268],[-106.39158290472831,31.902534036909888],[-106.39162110867993,31.902864223554797]]]},"properties":{"OBJECTID":10993,"PIDN":"F17099900200400","CITY_OWNED":" ","STATE_CD":"A1","LAND_ACRES":0.22470000000000001,"YR_BLT":"2007","City_Taxes":" ","District_Key(String)":"R-5","Min_Lot_Area(Double - SqFt)":4500,"Min_Lot_Width(Double - Feet)":45,"Min_Lot_Depth":90,"Front_Setback(Double - Feet)":10,"Rear_Setback(Double - Feet)":10,"Side_Setback(Double - Feet)":5,"Max_Density_Factor(Double - SqFt/Unit)":4500,"Current_Area":10108.382638982908,"Lot_Width":126.5866890847683,"Lot_Depth":151.74904033541679,"Shape_Length":556.67145884037018,"Shape_Area":19209.408587851369,"Split_Area_Floor":9000,"Split_Width_Floor":90}},{"type":"Feature","id":10994,"geometry":{"type":"Polygon","coordinates":[[[-106.43624266809638,31.900974428412646],[-106.43656701979504,31.901001610116126],[-106.43656310888748,31.900757854510132],[-106.43624266809638,31.900974428412646]]]},"properties":{"OBJECTID":10994,"PIDN":"M99699900502100","CITY_OWNED":" ","STATE_CD":"A1","LAND_ACRES":0.18060000000000001,"YR_BLT":"1972","City_Taxes":" ","District_Key(String)":"P-R 2","Min_Lot_Area(Double - SqFt)":4000,"Min_Lot_Width(Double - Feet)":40,"Min_Lot_Depth":100,"Front_Setback(Double - Feet)":10,"Rear_Setback(Double - Feet)":20,"Side_Setback(Double - Feet)":5,"Max_Density_Factor(Double - SqFt/Unit)":4000,"Current_Area":8065.3409965255623,"Lot_Width":88.610715165734291,"Lot_Depth":105.9666515737772,"Shape_Length":389.15473347902298,"Shape_Area":9389.7807796705802,"Split_Area_Floor":8000,"Split_Width_Floor":80}},{"type":"Feature","id":10995,"geometry":{"type":"Polygon","coordinates":[[[-106.40454581413908,31.902579639463298],[-106.40474747505989,31.902215725975861],[-106.40430813762416,31.902215577030454],[-106.40454581413908,31.902579639463298]]]},"properties":{"OBJECTID":10995,"PIDN":"C39899900100500","CITY_OWNED":" ","STATE_CD":"A1","LAND_ACRES":0.40910000000000002,"YR_BLT":"1973","City_Taxes":" ","District_Key(String)":"R-4","Min_Lot_Area(Double - SqFt)":6000,"Min_Lot_Width(Double - Feet)":50,"Min_Lot_Depth":90,"Front_Setback(Double - Feet)":10,"Rear_Setback(Double - Feet)":10,"Side_Setback(Double - Feet)":5,"Max_Density_Factor(Double - SqFt/Unit)":6000,"Current_Area":17982.588561118573,"Lot_Width":138.82583783566952,"Lot_Depth":139.87570449709892,"Shape_Length":557.40308466553688,"Shape_Area":19418.361869664284,"Split_Area_Floor":12000,"Split_Width_Floor":100}},{"type":"Feature","id":10996,"geometry":{"type":"Polygon","coordinates":[[[-106.41363606525312,31.902137268808055],[-106.41397743529581,31.901851304435617],[-106.41362212103594,31.901683844657313],[-106.41363606525312,31.902137268808055]]]},"properties":{"OBJECTID":10996,"PIDN":"C74199901902800","CITY_OWNED":" ","STATE_CD":"A1","LAND_ACRES":0.29849999999999999,"YR_BLT":"1961","City_Taxes":" ","District_Key(String)":"R-4","Min_Lot_Area(Double - SqFt)":6000,"Min_Lot_Width(Double - Feet)":50,"Min_Lot_Depth":90,"Front_Setback(Double - Feet)":10,"Rear_Setback(Double - Feet)":10,"Side_Setback(Double - Feet)":5,"Max_Density_Factor(Double - SqFt/Unit)":6000,"Current_Area":13712.934997778766,"Lot_Width":111.46860909461975,"Lot_Depth":186.49995508790016,"Shape_Length":595.93712836503983,"Shape_Area":20788.890589857285,"Split_Area_Floor":12000,"Split_Width_Floor":100}},{"type":"Feature","id":10997,"geometry":{"type":"Polygon","coordinates":[[[-106.43429202163566,31.901621051660239],[-106.43470042392418,31.901679312849502],[-106.43484780567962,31.901414350875669],[-106.43429202163566,31.901621051660239]]]},"properties":{"OBJECTID":10997,"PIDN":"M99699900901100","CITY_OWNED":" ","STATE_CD":"A1","LAND_ACRES":0.3896,"YR_BLT":"1968","City_Taxes":"3744.79","District_Key(String)":"R-3","Min_Lot_Area(Double - SqFt)":6000,"Min_Lot_Width(Double - Feet)":60,"Min_Lot_Depth":90,"Front_Setback(Double - Feet)":20,"Rear_Setback(Double - Feet)":20,"Side_Setback(Double - Feet)":5,"Max_Density_Factor(Double - SqFt/Unit)":6000,"Current_Area":13279.98470552097,"Lot_Width":147.45935074985027,"Lot_Depth":177.46060308814049,"Shape_Length":649.83990767598152,"Shape_Area":26168.225315054071,"Split_Area_Floor":12000,"Split_Width_Floor":120}},{"type":"Feature","id":10998,"geometry":{"type":"Polygon","coordinates":[[[-106.4351287451445,31.901992001869399],[-106.43556999055467,31.901878933429902],[-106.43527590139334,31.901693510971679],[-106.4351287451445,31.901992001869399]]]},"properties":{"OBJECTID":10998,"PIDN":"M99699900701100","CITY_OWNED":" ","STATE_CD":"A1","LAND_ACRES":0.43430000000000002,"YR_BLT":"1972","City_Taxes":"4763.34","District_Key(String)":"R-3","Min_Lot_Area(Double - SqFt)":6000,"Min_Lot_Width(Double - Feet)":60,"Min_Lot_Depth":90,"Front_Setback(Double - Feet)":20,"Rear_Setback(Double - Feet)":20,"Side_Setback(Double - Feet)":5,"Max_Density_Factor(Double - SqFt/Unit)":6000,"Current_Area":12204.475149557451,"Lot_Width":139.77727949619293,"Lot_Depth":140.30811832845211,"Shape_Length":560.17079564929008,"Shape_Area":19611.887071180961,"Split_Area_Floor":12000,"Split_Width_Floor":120}},{"type":"Feature","id":10999,"geometry":{"type":"Polygon","coordinates":[[[-106.43739270827064,31.903951089194859],[-106.43774188584752,31.903737272413469],[-106.43734674384007,31.903744423878486],[-106.43739270827064,31.903951089194859]]]},"properties":{"OBJECTID":10999,"PIDN":"N46099900400700","CITY_OWNED":" ","STATE_CD":"A1","LAND_ACRES":0.2059,"YR_BLT":"1967","City_Taxes":"8632.49","District_Key(String)":"P-R 2","Min_Lot_Area(Double - SqFt)":4000,"Min_Lot_Width(Double - Feet)":40,"Min_Lot_Depth":100,"Front_Setback(Double - Feet)":10,"Rear_Setback(Double - Feet)":20,"Side_Setback(Double - Feet)":5,"Max_Density_Factor(Double - SqFt/Unit)":4000,"Current_Area":8868.2328057963641,"Lot_Width":81.185861259698868,"Lot_Depth":122.58702516555786,"Shape_Length":407.54577285051346,"Shape_Area":9952.3332173301933,"Split_Area_Floor":8000,"Split_Width_Floor":80}},{"type":"Feature","id":11000,"geometry":{"type":"Polygon","coordinates":[[[-106.43851479592344,31.90470809361814],[-106.43872127672745,31.904444149252232],[-106.43845933346977,31.904384469122554],[-106.43851479592344,31.90470809361814]]]},"properties":{"OBJECTID":11000,"PIDN":"F16799900200900","CITY_OWNED":" ","STATE_CD":"A1","LAND_ACRES":0.1893,"YR_BLT":"1986","City_Taxes":"10306.44","District_Key(String)":"P-R 2","Min_Lot_Area(Double - SqFt)":4000,"Min_Lot_Width(Double - Feet)":40,"Min_Lot_Depth":100,"Front_Setback(Double - Feet)":10,"Rear_Setback(Double - Feet)":20,"Side_Setback(Double - Feet)":5,"Max_Density_Factor(Double - SqFt/Unit)":4000,"Current_Area":8101.9359909069944,"Lot_Width":105.51881782710552,"Lot_Depth":128.73497875034809,"Shape_Length":468.50759315490723,"Shape_Area":13583.962770734281,"Split_Area_Floor":8000,"Split_Width_Floor":80}},{"type":"Feature","id":11001,"geometry":{"type":"Polygon","coordinates":[[[-106.43914737856313,31.905396886295989],[-106.4395518149514,31.905266826124159],[-106.43920482242014,31.905158424597257],[-106.43914737856313,31.905396886295989]]]},"properties":{"OBJECTID":11001,"PIDN":"F16799900300200","CITY_OWNED":" ","STATE_CD":"A1","LAND_ACRES":0.20150000000000001,"YR_BLT":"1986","City_Taxes":"10663.47","District_Key(String)":"P-R 2","Min_Lot_Area(Double - SqFt)":4000,"Min_Lot_Width(Double - Feet)":40,"Min_Lot_Depth":100,"Front_Setback(Double - Feet)":10,"Rear_Setback(Double - Feet)":20,"Side_Setback(Double - Feet)":5,"Max_Density_Factor(Double - SqFt/Unit)":4000,"Current_Area":8624.058217019774,"Lot_Width":99.212400004267693,"Lot_Depth":127.91805124282837,"Shape_Length":454.26090249419212,"Shape_Area":12691.0568676699,"Split_Area_Floor":8000,"Split_Width_Floor":80}},{"type":"Feature","id":11002,"geometry":{"type":"Polygon","coordinates":[[[-106.42230364021231,31.906016846963912],[-106.42273601306918,31.906454512458431],[-106.4225334863979,31.90589542720755],[-106.42230364021231,31.906016846963912]]]},"properties":{"OBJECTID":11002,"PIDN":"C74199903204300","CITY_OWNED":" ","STATE_CD":"A1","LAND_ACRES":0.30809999999999998,"YR_BLT":"1973","City_Taxes":"2629.76","District_Key(String)":"R-4","Min_Lot_Area(Double - SqFt)":6000,"Min_Lot_Width(Double - Feet)":50,"Min_Lot_Depth":90,"Front_Setback(Double - Feet)":10,"Rear_Setback(Double - Feet)":10,"Side_Setback(Double - Feet)":5,"Max_Density_Factor(Double - SqFt/Unit)":6000,"Current_Area":13575.623683490985,"Lot_Width":125.26746599376202,"Lot_Depth":216.77286042273045,"Shape_Length":684.08065283298492,"Shape_Area":27154.586921374907,"Split_Area_Floor":12000,"Split_Width_Floor":100}},{"type":"Feature","id":11003,"geometry":{"type":"Polygon","coordinates":[[[-106.43927620681193,31.905922628604625],[-106.43953502392772,31.905898951286311],[-106.43948081133355,31.905590111620374],[-106.43927620681193,31.905922628604625]]]},"properties":{"OBJECTID":11003,"PIDN":"N46399900400900","CITY_OWNED":" ","STATE_CD":"A1","LAND_ACRES":0.21729999999999999,"YR_BLT":"1970","City_Taxes":"6953.61","District_Key(String)":"P-R 2","Min_Lot_Area(Double - SqFt)":4000,"Min_Lot_Width(Double - Feet)":40,"Min_Lot_Depth":100,"Front_Setback(Double - Feet)":10,"Rear_Setback(Double - Feet)":20,"Side_Setback(Double - Feet)":5,"Max_Density_Factor(Double - SqFt/Unit)":4000,"Current_Area":9186.6796683362627,"Lot_Width":102.27079284191132,"Lot_Depth":125.33964432775974,"Shape_Length":455.22087433934212,"Shape_Area":12818.584799923161,"Split_Area_Floor":8000,"Split_Width_Floor":80}},{"type":"Feature","id":11004,"geometry":{"type":"Polygon","coordinates":[[[-106.43791208738854,31.906026844067195],[-106.43834634200537,31.905990754651597],[-106.43809568715966,31.905809875077573],[-106.43791208738854,31.906026844067195]]]},"properties":{"OBJECTID":11004,"PIDN":"N46099900506700","CITY_OWNED":" ","STATE_CD":"A1","LAND_ACRES":0.22289999999999999,"YR_BLT":"1971","City_Taxes":"7156.84","District_Key(String)":"P-R 2","Min_Lot_Area(Double - SqFt)":4000,"Min_Lot_Width(Double - Feet)":40,"Min_Lot_Depth":100,"Front_Setback(Double - Feet)":10,"Rear_Setback(Double - Feet)":20,"Side_Setback(Double - Feet)":5,"Max_Density_Factor(Double - SqFt/Unit)":4000,"Current_Area":8176.1561263169096,"Lot_Width":122.45972883701324,"Lot_Depth":135.281225502491,"Shape_Length":515.48190867900848,"Shape_Area":16566.502191773889,"Split_Area_Floor":8000,"Split_Width_Floor":80}},{"type":"Feature","id":11005,"geometry":{"type":"Polygon","coordinates":[[[-106.42960348888609,31.912513993481344],[-106.43001356509738,31.912555284337078],[-106.43010905473083,31.912201904861384],[-106.42960348888609,31.912513993481344]]]},"properties":{"OBJECTID":11005,"PIDN":"S81699905705100","CITY_OWNED":" ","STATE_CD":"A1","LAND_ACRES":0.37619999999999998,"YR_BLT":"1970","City_Taxes":"4111.40","District_Key(String)":"R-3","Min_Lot_Area(Double - SqFt)":6000,"Min_Lot_Width(Double - Feet)":60,"Min_Lot_Depth":90,"Front_Setback(Double - Feet)":20,"Rear_Setback(Double - Feet)":20,"Side_Setback(Double - Feet)":5,"Max_Density_Factor(Double - SqFt/Unit)":6000,"Current_Area":14957.213243238168,"Lot_Width":152.24871124327183,"Lot_Depth":166.94389183819294,"Shape_Length":638.38520616292953,"Shape_Area":25416.992382301043,"Split_Area_Floor":12000,"Split_Width_Floor":120}},{"type":"Feature","id":11006,"geometry":{"type":"Polygon","coordinates":[[[-106.40835523123009,31.914388820005261],[-106.40869706085913,31.91450899246275],[-106.40873540209205,31.91416221643728],[-106.40835523123009,31.914388820005261]]]},"properties":{"OBJECTID":11006,"PIDN":"S81699909503300","CITY_OWNED":" ","STATE_CD":"A1","LAND_ACRES":0.30719999999999997,"YR_BLT":"1961","City_Taxes":"4068.72","District_Key(String)":"R-3","Min_Lot_Area(Double - SqFt)":6000,"Min_Lot_Width(Double - Feet)":60,"Min_Lot_Depth":90,"Front_Setback(Double - Feet)":20,"Rear_Setback(Double - Feet)":20,"Side_Setback(Double - Feet)":5,"Max_Density_Factor(Double - SqFt/Unit)":6000,"Current_Area":13670.51109263032,"Lot_Width":129.73038358986378,"Lot_Depth":141.90555608272552,"Shape_Length":543.2718793451786,"Shape_Area":18409.462224144911,"Split_Area_Floor":12000,"Split_Width_Floor":120}},{"type":"Feature","id":11007,"geometry":{"type":"Polygon","coordinates":[[[-106.42820516387295,31.901246551762458],[-106.42879290047404,31.901507784255656],[-106.42874769906642,31.901253541731876],[-106.42820516387295,31.901246551762458]]]},"properties":{"OBJECTID":11007,"PIDN":"T17299900801500","CITY_OWNED":" ","STATE_CD":"A1","LAND_ACRES":0.33450000000000002,"YR_BLT":"1959","City_Taxes":" ","District_Key(String)":"R-3","Min_Lot_Area(Double - SqFt)":6000,"Min_Lot_Width(Double - Feet)":60,"Min_Lot_Depth":90,"Front_Setback(Double - Feet)":20,"Rear_Setback(Double - Feet)":20,"Side_Setback(Double - Feet)":5,"Max_Density_Factor(Double - SqFt/Unit)":6000,"Current_Area":14277.07557486627,"Lot_Width":153.5971337556839,"Lot_Depth":176.9251710921526,"Shape_Length":661.04460969567299,"Shape_Area":27175.19916898862,"Split_Area_Floor":12000,"Split_Width_Floor":120}},{"type":"Feature","id":11008,"geometry":{"type":"Polygon","coordinates":[[[-106.39363395116628,31.903413193626982],[-106.39405617872377,31.903408031440382],[-106.39401672214328,31.903024818753639],[-106.39363395116628,31.903413193626982]]]},"properties":{"OBJECTID":11008,"PIDN":"P448999001D4090","CITY_OWNED":" ","STATE_CD":"A1","LAND_ACRES":0.43269999999999997,"YR_BLT":"1970","City_Taxes":" ","District_Key(String)":"R-4","Min_Lot_Area(Double - SqFt)":6000,"Min_Lot_Width(Double - Feet)":50,"Min_Lot_Depth":90,"Front_Setback(Double - Feet)":10,"Rear_Setback(Double - Feet)":10,"Side_Setback(Double - Feet)":5,"Max_Density_Factor(Double - SqFt/Unit)":6000,"Current_Area":18762.302264748563,"Lot_Width":134.08667407929897,"Lot_Depth":150.15455533564091,"Shape_Length":568.48245882987976,"Shape_Area":20133.724922812144,"Split_Area_Floor":12000,"Split_Width_Floor":100}},{"type":"Feature","id":11009,"geometry":{"type":"Polygon","coordinates":[[[-106.43421842640821,31.90145746635935],[-106.4346895289534,31.901273878773662],[-106.434539705481,31.901124882785282],[-106.43421842640821,31.90145746635935]]]},"properties":{"OBJECTID":11009,"PIDN":"M99699900901300","CITY_OWNED":" ","STATE_CD":"A1","LAND_ACRES":0.34620000000000001,"YR_BLT":"1968","City_Taxes":" ","District_Key(String)":"R-3","Min_Lot_Area(Double - SqFt)":6000,"Min_Lot_Width(Double - Feet)":60,"Min_Lot_Depth":90,"Front_Setback(Double - Feet)":20,"Rear_Setback(Double - Feet)":20,"Side_Setback(Double - Feet)":5,"Max_Density_Factor(Double - SqFt/Unit)":6000,"Current_Area":12235.436100666519,"Lot_Width":156.91963367164135,"Lot_Depth":176.01966108381748,"Shape_Length":665.87858951091766,"Shape_Area":27620.940736279103,"Split_Area_Floor":12000,"Split_Width_Floor":120}},{"type":"Feature","id":11010,"geometry":{"type":"Polygon","coordinates":[[[-106.39626995584452,31.903646176900228],[-106.39674417214376,31.90364550024999],[-106.3964653382981,31.903314536095557],[-106.39626995584452,31.903646176900228]]]},"properties":{"OBJECTID":11010,"PIDN":"M88999900907100","CITY_OWNED":" ","STATE_CD":"A1","LAND_ACRES":0.36459999999999998,"YR_BLT":"1963","City_Taxes":" ","District_Key(String)":"R-4","Min_Lot_Area(Double - SqFt)":6000,"Min_Lot_Width(Double - Feet)":50,"Min_Lot_Depth":90,"Front_Setback(Double - Feet)":10,"Rear_Setback(Double - Feet)":10,"Side_Setback(Double - Feet)":5,"Max_Density_Factor(Double - SqFt/Unit)":6000,"Current_Area":15686.00324333292,"Lot_Width":146.96394492685795,"Lot_Depth":167.00163449347019,"Shape_Length":627.93115884065628,"Shape_Area":24543.219014393613,"Split_Area_Floor":12000,"Split_Width_Floor":100}},{"type":"Feature","id":11011,"geometry":{"type":"Polygon","coordinates":[[[-106.41365373720781,31.903049432030169],[-106.41400143137514,31.902746518971608],[-106.41364022897264,31.902657151859295],[-106.41365373720781,31.903049432030169]]]},"properties":{"OBJECTID":11011,"PIDN":"C74199901803100","CITY_OWNED":" ","STATE_CD":"A1","LAND_ACRES":0.27789999999999998,"YR_BLT":"1961","City_Taxes":" ","District_Key(String)":"R-4","Min_Lot_Area(Double - SqFt)":6000,"Min_Lot_Width(Double - Feet)":50,"Min_Lot_Depth":90,"Front_Setback(Double - Feet)":10,"Rear_Setback(Double - Feet)":10,"Side_Setback(Double - Feet)":5,"Max_Density_Factor(Double - SqFt/Unit)":6000,"Current_Area":12086.960826925833,"Lot_Width":113.76420816779137,"Lot_Depth":160.07874807715416,"Shape_Length":547.68591248989105,"Shape_Area":18211.232019488798,"Split_Area_Floor":12000,"Split_Width_Floor":100}},{"type":"Feature","id":11012,"geometry":{"type":"Polygon","coordinates":[[[-106.403538773349,31.903552705159996],[-106.40397652885548,31.903598473249339],[-106.40416226740086,31.903305271907115],[-106.403538773349,31.903552705159996]]]},"properties":{"OBJECTID":11012,"PIDN":"S62999900308600","CITY_OWNED":" ","STATE_CD":"A1","LAND_ACRES":0.36209999999999998,"YR_BLT":"1978","City_Taxes":" ","District_Key(String)":"R-4","Min_Lot_Area(Double - SqFt)":6000,"Min_Lot_Width(Double - Feet)":50,"Min_Lot_Depth":90,"Front_Setback(Double - Feet)":10,"Rear_Setback(Double - Feet)":10,"Side_Setback(Double - Feet)":5,"Max_Density_Factor(Double - SqFt/Unit)":6000,"Current_Area":15796.723515415755,"Lot_Width":129.24088326096535,"Lot_Depth":198.11837017536163,"Shape_Length":654.71850687265396,"Shape_Area":25604.993151686631,"Split_Area_Floor":12000,"Split_Width_Floor":100}},{"type":"Feature","id":11013,"geometry":{"type":"Polygon","coordinates":[[[-106.39520625849065,31.904046386173942],[-106.39573792653779,31.904048480629559],[-106.39571489842191,31.903025959550387],[-106.39520625849065,31.904046386173942]]]},"properties":{"OBJECTID":11013,"PIDN":"P448999001F4100","CITY_OWNED":" ","STATE_CD":"A1","LAND_ACRES":0.90410000000000001,"YR_BLT":"1957","City_Taxes":" ","District_Key(String)":"A-M","Min_Lot_Area(Double - SqFt)":4500,"Min_Lot_Width(Double - Feet)":45,"Min_Lot_Depth":90,"Front_Setback(Double - Feet)":10,"Rear_Setback(Double - Feet)":10,"Side_Setback(Double - Feet)":5,"Max_Density_Factor(Double - SqFt/Unit)":4500,"Current_Area":39789.079484419686,"Lot_Width":177.83822700381279,"Lot_Depth":376.675755828619,"Shape_Length":1109.0279656648636,"Shape_Area":66987.3485718827,"Split_Area_Floor":9000,"Split_Width_Floor":90}},{"type":"Feature","id":11014,"geometry":{"type":"Polygon","coordinates":[[[-106.39187011364176,31.904392213438022],[-106.39203794698669,31.904178174101279],[-106.39169687315885,31.904081926703451],[-106.39187011364176,31.904392213438022]]]},"properties":{"OBJECTID":11014,"PIDN":"B35199900703000","CITY_OWNED":" ","STATE_CD":"A1","LAND_ACRES":0.245,"YR_BLT":"1983","City_Taxes":" ","District_Key(String)":"A-M","Min_Lot_Area(Double - SqFt)":4500,"Min_Lot_Width(Double - Feet)":45,"Min_Lot_Depth":90,"Front_Setback(Double - Feet)":10,"Rear_Setback(Double - Feet)":10,"Side_Setback(Double - Feet)":5,"Max_Density_Factor(Double - SqFt/Unit)":4500,"Current_Area":10853.062256998484,"Lot_Width":117.07260049879551,"Lot_Depth":122.76681482791901,"Shape_Length":479.67883065342903,"Shape_Area":14372.630266858567,"Split_Area_Floor":9000,"Split_Width_Floor":90}},{"type":"Feature","id":11015,"geometry":{"type":"Polygon","coordinates":[[[-106.40358946092971,31.90386725071065],[-106.40397652885548,31.903598473249339],[-106.40359918176367,31.903663467161188],[-106.40358946092971,31.90386725071065]]]},"properties":{"OBJECTID":11015,"PIDN":"S62999900308100","CITY_OWNED":" ","STATE_CD":"A1","LAND_ACRES":0.2591,"YR_BLT":"1955","City_Taxes":" ","District_Key(String)":"R-5","Min_Lot_Area(Double - SqFt)":4500,"Min_Lot_Width(Double - Feet)":45,"Min_Lot_Depth":90,"Front_Setback(Double - Feet)":10,"Rear_Setback(Double - Feet)":10,"Side_Setback(Double - Feet)":5,"Max_Density_Factor(Double - SqFt/Unit)":4500,"Current_Area":9465.8519487542744,"Lot_Width":131.41870042681694,"Lot_Depth":142.80286400020123,"Shape_Length":548.44312885403633,"Shape_Area":18766.966804133925,"Split_Area_Floor":9000,"Split_Width_Floor":90}},{"type":"Feature","id":11016,"geometry":{"type":"Polygon","coordinates":[[[-106.39291331097691,31.904747186803942],[-106.39201771514652,31.90301685168685],[-106.39205220279965,31.904743179871431],[-106.39291331097691,31.904747186803942]]]},"properties":{"OBJECTID":11016,"PIDN":"P448999001C3400","CITY_OWNED":" ","STATE_CD":"A1","LAND_ACRES":2.109,"YR_BLT":"1957","City_Taxes":" ","District_Key(String)":"A-M","Min_Lot_Area(Double - SqFt)":4500,"Min_Lot_Width(Double - Feet)":45,"Min_Lot_Depth":90,"Front_Setback(Double - Feet)":10,"Rear_Setback(Double - Feet)":10,"Side_Setback(Double - Feet)":5,"Max_Density_Factor(Double - SqFt/Unit)":4500,"Current_Area":91642.128403777329,"Lot_Width":338.68993942439556,"Lot_Depth":647.04988700151443,"Shape_Length":1971.47965285182,"Shape_Area":219149.28703310492,"Split_Area_Floor":9000,"Split_Width_Floor":90}},{"type":"Feature","id":11017,"geometry":{"type":"Polygon","coordinates":[[[-106.39313084617156,31.904942782965897],[-106.39351683895266,31.904887431202567],[-106.39324121965663,31.90458276225468],[-106.39313084617156,31.904942782965897]]]},"properties":{"OBJECTID":11017,"PIDN":"B35199900700650","CITY_OWNED":" ","STATE_CD":"A1","LAND_ACRES":0.25729999999999997,"YR_BLT":"1983","City_Taxes":" ","District_Key(String)":"A-M","Min_Lot_Area(Double - SqFt)":4500,"Min_Lot_Width(Double - Feet)":45,"Min_Lot_Depth":90,"Front_Setback(Double - Feet)":10,"Rear_Setback(Double - Feet)":10,"Side_Setback(Double - Feet)":5,"Max_Density_Factor(Double - SqFt/Unit)":4500,"Current_Area":11308.282695630556,"Lot_Width":124.81733566522598,"Lot_Depth":136.2044519931078,"Shape_Length":522.04357531666756,"Shape_Area":17000.676803521896,"Split_Area_Floor":9000,"Split_Width_Floor":90}},{"type":"Feature","id":11018,"geometry":{"type":"Polygon","coordinates":[[[-106.39369538368183,31.9048729703816],[-106.3940887080021,31.904830538871732],[-106.39408684547811,31.904580602115335],[-106.39369538368183,31.9048729703816]]]},"properties":{"OBJECTID":11018,"PIDN":"B35199900700400","CITY_OWNED":" ","STATE_CD":"A1","LAND_ACRES":0.21210000000000001,"YR_BLT":"1983","City_Taxes":" ","District_Key(String)":"A-M","Min_Lot_Area(Double - SqFt)":4500,"Min_Lot_Width(Double - Feet)":45,"Min_Lot_Depth":90,"Front_Setback(Double - Feet)":10,"Rear_Setback(Double - Feet)":10,"Side_Setback(Double - Feet)":5,"Max_Density_Factor(Double - SqFt/Unit)":4500,"Current_Area":9677.0314931221546,"Lot_Width":127.0971867442131,"Lot_Depth":127.58012540638447,"Shape_Length":509.35462430119514,"Shape_Area":16215.075023625373,"Split_Area_Floor":9000,"Split_Width_Floor":90}},{"type":"Feature","id":11019,"geometry":{"type":"Polygon","coordinates":[[[-106.41743908032571,31.90357094308261],[-106.41770502948042,31.903867393487676],[-106.41770616887203,31.903569024437431],[-106.41743908032571,31.90357094308261]]]},"properties":{"OBJECTID":11019,"PIDN":"C74199902202700","CITY_OWNED":" ","STATE_CD":"A1","LAND_ACRES":0.1973,"YR_BLT":"1967","City_Taxes":" ","District_Key(String)":"A-2","Min_Lot_Area(Double - SqFt)":3500,"Min_Lot_Width(Double - Feet)":35,"Min_Lot_Depth":90,"Front_Setback(Double - Feet)":10,"Rear_Setback(Double - Feet)":15,"Side_Setback(Double - Feet)":5,"Max_Density_Factor(Double - SqFt/Unit)":3500,"Current_Area":8674.6831125429926,"Lot_Width":82.802983999252319,"Lot_Depth":117.63821616768837,"Shape_Length":400.88240033388138,"Shape_Area":9740.7953310336852,"Split_Area_Floor":7000,"Split_Width_Floor":70}},{"type":"Feature","id":11020,"geometry":{"type":"Polygon","coordinates":[[[-106.41811276683379,31.903860524386328],[-106.418362922974,31.903551876874825],[-106.41809807150706,31.903558512651305],[-106.41811276683379,31.903860524386328]]]},"properties":{"OBJECTID":11020,"PIDN":"C74199902304000","CITY_OWNED":" ","STATE_CD":"A1","LAND_ACRES":0.19439999999999999,"YR_BLT":"1967","City_Taxes":" ","District_Key(String)":"A-2","Min_Lot_Area(Double - SqFt)":3500,"Min_Lot_Width(Double - Feet)":35,"Min_Lot_Depth":90,"Front_Setback(Double - Feet)":10,"Rear_Setback(Double - Feet)":15,"Side_Setback(Double - Feet)":5,"Max_Density_Factor(Double - SqFt/Unit)":3500,"Current_Area":8714.7543648022875,"Lot_Width":83.656656846404076,"Lot_Depth":112.16217724978924,"Shape_Length":391.63766819238663,"Shape_Area":9383.1127733311678,"Split_Area_Floor":7000,"Split_Width_Floor":70}},{"type":"Feature","id":11021,"geometry":{"type":"Polygon","coordinates":[[[-106.39233459254311,31.905049307380715],[-106.39267416938186,31.90501696565439],[-106.39254830817744,31.904746978452504],[-106.39233459254311,31.905049307380715]]]},"properties":{"OBJECTID":11021,"PIDN":"B35199900701400","CITY_OWNED":" ","STATE_CD":"A1","LAND_ACRES":0.23549999999999999,"YR_BLT":"1983","City_Taxes":" ","District_Key(String)":"A-M","Min_Lot_Area(Double - SqFt)":4500,"Min_Lot_Width(Double - Feet)":45,"Min_Lot_Depth":90,"Front_Setback(Double - Feet)":10,"Rear_Setback(Double - Feet)":10,"Side_Setback(Double - Feet)":5,"Max_Density_Factor(Double - SqFt/Unit)":4500,"Current_Area":9733.886956053324,"Lot_Width":105.8675704151392,"Lot_Depth":117.51813766360283,"Shape_Length":446.77141615748405,"Shape_Area":12441.359714157494,"Split_Area_Floor":9000,"Split_Width_Floor":90}},{"type":"Feature","id":11022,"geometry":{"type":"Polygon","coordinates":[[[-106.41835675010438,31.903854780280852],[-106.41858872368108,31.903855250620076],[-106.4185817278243,31.903551666240116],[-106.41835675010438,31.903854780280852]]]},"properties":{"OBJECTID":11022,"PIDN":"C74199902303900","CITY_OWNED":" ","STATE_CD":"A1","LAND_ACRES":0.17680000000000001,"YR_BLT":"1966","City_Taxes":" ","District_Key(String)":"A-2","Min_Lot_Area(Double - SqFt)":3500,"Min_Lot_Width(Double - Feet)":35,"Min_Lot_Depth":90,"Front_Setback(Double - Feet)":10,"Rear_Setback(Double - Feet)":15,"Side_Setback(Double - Feet)":5,"Max_Density_Factor(Double - SqFt/Unit)":3500,"Current_Area":7698.4919943726563,"Lot_Width":75.744599163532257,"Lot_Depth":114.03290842473507,"Shape_Length":379.55501517653465,"Shape_Area":8637.3769400833389,"Split_Area_Floor":7000,"Split_Width_Floor":70}},{"type":"Feature","id":11023,"geometry":{"type":"Polygon","coordinates":[[[-106.41858872368108,31.903855250620076],[-106.41880264822422,31.903861469754624],[-106.4187984581523,31.903549221940551],[-106.41858872368108,31.903855250620076]]]},"properties":{"OBJECTID":11023,"PIDN":"C74199902303800","CITY_OWNED":" ","STATE_CD":"A1","LAND_ACRES":0.16009999999999999,"YR_BLT":"1966","City_Taxes":" ","District_Key(String)":"A-2","Min_Lot_Area(Double - SqFt)":3500,"Min_Lot_Width(Double - Feet)":35,"Min_Lot_Depth":90,"Front_Setback(Double - Feet)":10,"Rear_Setback(Double - Feet)":15,"Side_Setback(Double - Feet)":5,"Max_Density_Factor(Double - SqFt/Unit)":3500,"Current_Area":7484.4905686719339,"Lot_Width":71.079254180192947,"Lot_Depth":116.28585666418076,"Shape_Length":374.73022168874741,"Shape_Area":8265.511963394787,"Split_Area_Floor":7000,"Split_Width_Floor":70}},{"type":"Feature","id":11024,"geometry":{"type":"Polygon","coordinates":[[[-106.39290213825778,31.905067438080618],[-106.39311439711058,31.905061107230257],[-106.39310509933324,31.904747516118753],[-106.39290213825778,31.905067438080618]]]},"properties":{"OBJECTID":11024,"PIDN":"B35199900701200","CITY_OWNED":" ","STATE_CD":"A1","LAND_ACRES":0.2215,"YR_BLT":"1983","City_Taxes":" ","District_Key(String)":"A-M","Min_Lot_Area(Double - SqFt)":4500,"Min_Lot_Width(Double - Feet)":45,"Min_Lot_Depth":90,"Front_Setback(Double - Feet)":10,"Rear_Setback(Double - Feet)":10,"Side_Setback(Double - Feet)":5,"Max_Density_Factor(Double - SqFt/Unit)":4500,"Current_Area":9506.5818931297017,"Lot_Width":106.8045764118433,"Lot_Depth":117.43185174465179,"Shape_Length":448.47285631299019,"Shape_Area":12542.259182845917,"Split_Area_Floor":9000,"Split_Width_Floor":90}},{"type":"Feature","id":11025,"geometry":{"type":"Polygon","coordinates":[[[-106.41880264822422,31.903861469754624],[-106.41903517889627,31.903866444533399],[-106.41903401339295,31.903542395336043],[-106.41880264822422,31.903861469754624]]]},"properties":{"OBJECTID":11025,"PIDN":"C74199902303700","CITY_OWNED":" ","STATE_CD":"A1","LAND_ACRES":0.20300000000000001,"YR_BLT":"1967","City_Taxes":" ","District_Key(String)":"A-2","Min_Lot_Area(Double - SqFt)":3500,"Min_Lot_Width(Double - Feet)":35,"Min_Lot_Depth":90,"Front_Setback(Double - Feet)":10,"Rear_Setback(Double - Feet)":15,"Side_Setback(Double - Feet)":5,"Max_Density_Factor(Double - SqFt/Unit)":3500,"Current_Area":8406.9711427052534,"Lot_Width":78.041838675737381,"Lot_Depth":119.24910533428192,"Shape_Length":394.5818880200386,"Shape_Area":9306.4194407240429,"Split_Area_Floor":7000,"Split_Width_Floor":70}},{"type":"Feature","id":11026,"geometry":{"type":"Polygon","coordinates":[[[-106.4172085411203,31.903577022245827],[-106.41747510905485,31.903893106413332],[-106.41743908032571,31.90357094308261],[-106.4172085411203,31.903577022245827]]]},"properties":{"OBJECTID":11026,"PIDN":"C74199902202900","CITY_OWNED":" ","STATE_CD":"A1","LAND_ACRES":0.19109999999999999,"YR_BLT":"1965","City_Taxes":" ","District_Key(String)":"A-2","Min_Lot_Area(Double - SqFt)":3500,"Min_Lot_Width(Double - Feet)":35,"Min_Lot_Depth":90,"Front_Setback(Double - Feet)":10,"Rear_Setback(Double - Feet)":15,"Side_Setback(Double - Feet)":5,"Max_Density_Factor(Double - SqFt/Unit)":3500,"Current_Area":8151.3641827286765,"Lot_Width":76.317432671785355,"Lot_Depth":137.14637924730778,"Shape_Length":426.92762383818626,"Shape_Area":10466.659564385551,"Split_Area_Floor":7000,"Split_Width_Floor":70}},{"type":"Feature","id":11027,"geometry":{"type":"Polygon","coordinates":[[[-106.41903517889627,31.903866444533399],[-106.41925789109561,31.903869907750057],[-106.41925197801849,31.903542998659219],[-106.41903517889627,31.903866444533399]]]},"properties":{"OBJECTID":11027,"PIDN":"C74199902303600","CITY_OWNED":" ","STATE_CD":"A1","LAND_ACRES":0.16339999999999999,"YR_BLT":"1965","City_Taxes":" ","District_Key(String)":"A-2","Min_Lot_Area(Double - SqFt)":3500,"Min_Lot_Width(Double - Feet)":35,"Min_Lot_Depth":90,"Front_Setback(Double - Feet)":10,"Rear_Setback(Double - Feet)":15,"Side_Setback(Double - Feet)":5,"Max_Density_Factor(Double - SqFt/Unit)":3500,"Current_Area":8095.979908602083,"Lot_Width":73.615338340401649,"Lot_Depth":122.76911142468452,"Shape_Length":392.76889953017235,"Shape_Area":9037.6896752786215,"Split_Area_Floor":7000,"Split_Width_Floor":70}},{"type":"Feature","id":11028,"geometry":{"type":"Polygon","coordinates":[[[-106.41925789109561,31.903869907750057],[-106.41946382086319,31.903536492374521],[-106.41925197801849,31.903542998659219],[-106.41925789109561,31.903869907750057]]]},"properties":{"OBJECTID":11028,"PIDN":"C74199902303500","CITY_OWNED":" ","STATE_CD":"A1","LAND_ACRES":0.1928,"YR_BLT":"1965","City_Taxes":" ","District_Key(String)":"A-2","Min_Lot_Area(Double - SqFt)":3500,"Min_Lot_Width(Double - Feet)":35,"Min_Lot_Depth":90,"Front_Setback(Double - Feet)":10,"Rear_Setback(Double - Feet)":15,"Side_Setback(Double - Feet)":5,"Max_Density_Factor(Double - SqFt/Unit)":3500,"Current_Area":7720.8227621300693,"Lot_Width":70.445725247263908,"Lot_Depth":121.95776133239269,"Shape_Length":384.8069731593132,"Shape_Area":8591.4029465931217,"Split_Area_Floor":7000,"Split_Width_Floor":70}},{"type":"Feature","id":11029,"geometry":{"type":"Polygon","coordinates":[[[-106.41950394049964,31.9038757801301],[-106.41976070616339,31.903532713213863],[-106.41946382086319,31.903536492374521],[-106.41950394049964,31.9038757801301]]]},"properties":{"OBJECTID":11029,"PIDN":"C74199902303400","CITY_OWNED":" ","STATE_CD":"A1","LAND_ACRES":0.21049999999999999,"YR_BLT":"1967","City_Taxes":" ","District_Key(String)":"A-2","Min_Lot_Area(Double - SqFt)":3500,"Min_Lot_Width(Double - Feet)":35,"Min_Lot_Depth":90,"Front_Setback(Double - Feet)":10,"Rear_Setback(Double - Feet)":15,"Side_Setback(Double - Feet)":5,"Max_Density_Factor(Double - SqFt/Unit)":3500,"Current_Area":9613.109919539309,"Lot_Width":99.607412338256836,"Lot_Depth":126.17756916582584,"Shape_Length":451.56996300816536,"Shape_Area":12568.221159739336,"Split_Area_Floor":7000,"Split_Width_Floor":70}},{"type":"Feature","id":11030,"geometry":{"type":"Polygon","coordinates":[[[-106.39215394566199,31.905154813107675],[-106.39233348399615,31.905012813139326],[-106.39196730398204,31.904864997106905],[-106.39215394566199,31.905154813107675]]]},"properties":{"OBJECTID":11030,"PIDN":"B35199900702400","CITY_OWNED":" ","STATE_CD":"A1","LAND_ACRES":0.2671,"YR_BLT":"1983","City_Taxes":" ","District_Key(String)":"A-M","Min_Lot_Area(Double - SqFt)":4500,"Min_Lot_Width(Double - Feet)":45,"Min_Lot_Depth":90,"Front_Setback(Double - Feet)":10,"Rear_Setback(Double - Feet)":10,"Side_Setback(Double - Feet)":5,"Max_Density_Factor(Double - SqFt/Unit)":4500,"Current_Area":11527.09838612269,"Lot_Width":111.84492066502571,"Lot_Depth":141.81762973964214,"Shape_Length":507.32510080933571,"Shape_Area":15861.581547132266,"Split_Area_Floor":9000,"Split_Width_Floor":90}},{"type":"Feature","id":11031,"geometry":{"type":"Polygon","coordinates":[[[-106.41970218970157,31.903814837118929],[-106.42019036563737,31.903526631422153],[-106.41976070616339,31.903532713213863],[-106.41970218970157,31.903814837118929]]]},"properties":{"OBJECTID":11031,"PIDN":"C74199902303300","CITY_OWNED":" ","STATE_CD":"A1","LAND_ACRES":0.25480000000000003,"YR_BLT":"1965","City_Taxes":" ","District_Key(String)":"A-2","Min_Lot_Area(Double - SqFt)":3500,"Min_Lot_Width(Double - Feet)":35,"Min_Lot_Depth":90,"Front_Setback(Double - Feet)":10,"Rear_Setback(Double - Feet)":15,"Side_Setback(Double - Feet)":5,"Max_Density_Factor(Double - SqFt/Unit)":3500,"Current_Area":11120.692396794471,"Lot_Width":131.4374011605978,"Lot_Depth":157.00854425132275,"Shape_Length":576.89189082384109,"Shape_Area":20636.795016402579,"Split_Area_Floor":7000,"Split_Width_Floor":70}},{"type":"Feature","id":11032,"geometry":{"type":"Polygon","coordinates":[[[-106.40214175725431,31.904775233569854],[-106.40269879129643,31.904816034801073],[-106.40269509828731,31.904592599297779],[-106.40214175725431,31.904775233569854]]]},"properties":{"OBJECTID":11032,"PIDN":"M15999900202300","CITY_OWNED":" ","STATE_CD":"A1","LAND_ACRES":0.27429999999999999,"YR_BLT":"1973","City_Taxes":" ","District_Key(String)":"R-4","Min_Lot_Area(Double - SqFt)":6000,"Min_Lot_Width(Double - Feet)":50,"Min_Lot_Depth":90,"Front_Setback(Double - Feet)":10,"Rear_Setback(Double - Feet)":10,"Side_Setback(Double - Feet)":5,"Max_Density_Factor(Double - SqFt/Unit)":6000,"Current_Area":15278.393000928019,"Lot_Width":116.72680066525936,"Lot_Depth":185.66695149242878,"Shape_Length":604.78750431537628,"Shape_Area":21672.309236983114,"Split_Area_Floor":12000,"Split_Width_Floor":100}},{"type":"Feature","id":11033,"geometry":{"type":"Polygon","coordinates":[[[-106.41380195632509,31.90439555625759],[-106.41409196075287,31.904234505811299],[-106.41367332027627,31.904072784472319],[-106.41380195632509,31.90439555625759]]]},"properties":{"OBJECTID":11033,"PIDN":"C74199901604100","CITY_OWNED":" ","STATE_CD":"A1","LAND_ACRES":0.26950000000000002,"YR_BLT":"1959","City_Taxes":" ","District_Key(String)":"R-4","Min_Lot_Area(Double - SqFt)":6000,"Min_Lot_Width(Double - Feet)":50,"Min_Lot_Depth":90,"Front_Setback(Double - Feet)":10,"Rear_Setback(Double - Feet)":10,"Side_Setback(Double - Feet)":5,"Max_Density_Factor(Double - SqFt/Unit)":6000,"Current_Area":12056.200343885172,"Lot_Width":129.74744391441345,"Lot_Depth":143.85601149499416,"Shape_Length":547.20691081881523,"Shape_Area":18664.949783197972,"Split_Area_Floor":12000,"Split_Width_Floor":100}},{"type":"Feature","id":11034,"geometry":{"type":"Polygon","coordinates":[[[-106.43773006516733,31.903390869890238],[-106.43812397826416,31.903276991621826],[-106.43776051863513,31.903136595074773],[-106.43773006516733,31.903390869890238]]]},"properties":{"OBJECTID":11034,"PIDN":"F16799900201700","CITY_OWNED":" ","STATE_CD":"A1","LAND_ACRES":0.216,"YR_BLT":"1986","City_Taxes":" ","District_Key(String)":"P-R 2","Min_Lot_Area(Double - SqFt)":4000,"Min_Lot_Width(Double - Feet)":40,"Min_Lot_Depth":100,"Front_Setback(Double - Feet)":10,"Rear_Setback(Double - Feet)":20,"Side_Setback(Double - Feet)":5,"Max_Density_Factor(Double - SqFt/Unit)":4000,"Current_Area":9971.7574960064576,"Lot_Width":116.6411709189415,"Lot_Depth":125.04305700957775,"Shape_Length":483.3684558570385,"Shape_Area":14585.168584881105,"Split_Area_Floor":8000,"Split_Width_Floor":80}},{"type":"Feature","id":11035,"geometry":{"type":"Polygon","coordinates":[[[-106.43309164429925,31.903625520318677],[-106.43369019959565,31.903313804173038],[-106.43327046874472,31.90331933646927],[-106.43309164429925,31.903625520318677]]]},"properties":{"OBJECTID":11035,"PIDN":"G43199900500900","CITY_OWNED":" ","STATE_CD":"A1","LAND_ACRES":0.31890000000000002,"YR_BLT":"1973","City_Taxes":" ","District_Key(String)":"R-3","Min_Lot_Area(Double - SqFt)":6000,"Min_Lot_Width(Double - Feet)":60,"Min_Lot_Depth":90,"Front_Setback(Double - Feet)":20,"Rear_Setback(Double - Feet)":20,"Side_Setback(Double - Feet)":5,"Max_Density_Factor(Double - SqFt/Unit)":6000,"Current_Area":15958.42057411174,"Lot_Width":149.08467558026314,"Lot_Depth":191.69318616390228,"Shape_Length":681.55572348833084,"Shape_Area":28578.516470192357,"Split_Area_Floor":12000,"Split_Width_Floor":120}},{"type":"Feature","id":11036,"geometry":{"type":"Polygon","coordinates":[[[-106.41982732485327,31.904039983728659],[-106.42022037749297,31.904350347323366],[-106.42019036563737,31.903526631422153],[-106.41982732485327,31.904039983728659]]]},"properties":{"OBJECTID":11036,"PIDN":"C74199902302500","CITY_OWNED":" ","STATE_CD":"A1","LAND_ACRES":0.44740000000000002,"YR_BLT":"1966","City_Taxes":" ","District_Key(String)":"A-2","Min_Lot_Area(Double - SqFt)":3500,"Min_Lot_Width(Double - Feet)":35,"Min_Lot_Depth":90,"Front_Setback(Double - Feet)":10,"Rear_Setback(Double - Feet)":15,"Side_Setback(Double - Feet)":5,"Max_Density_Factor(Double - SqFt/Unit)":3500,"Current_Area":21179.605939821398,"Lot_Width":131.90229524672031,"Lot_Depth":299.72676274180412,"Shape_Length":863.25811597704887,"Shape_Area":39534.647952513136,"Split_Area_Floor":7000,"Split_Width_Floor":70}},{"type":"Feature","id":11037,"geometry":{"type":"Polygon","coordinates":[[[-106.41745398026782,31.904379223531233],[-106.41783162421397,31.904396730522468],[-106.41762881645751,31.904038930893122],[-106.41745398026782,31.904379223531233]]]},"properties":{"OBJECTID":11037,"PIDN":"C74199902301300","CITY_OWNED":" ","STATE_CD":"A1","LAND_ACRES":0.38750000000000001,"YR_BLT":"1963","City_Taxes":" ","District_Key(String)":"R-4","Min_Lot_Area(Double - SqFt)":6000,"Min_Lot_Width(Double - Feet)":50,"Min_Lot_Depth":90,"Front_Setback(Double - Feet)":10,"Rear_Setback(Double - Feet)":10,"Side_Setback(Double - Feet)":5,"Max_Density_Factor(Double - SqFt/Unit)":6000,"Current_Area":16305.002324229357,"Lot_Width":158.32973583042622,"Lot_Depth":178.43993183970451,"Shape_Length":673.53933534026146,"Shape_Area":28252.347269779675,"Split_Area_Floor":12000,"Split_Width_Floor":100}},{"type":"Feature","id":11038,"geometry":{"type":"Polygon","coordinates":[[[-106.43628337446778,31.903587950258817],[-106.4367348148017,31.903508432771432],[-106.43667165552606,31.903267427080568],[-106.43628337446778,31.903587950258817]]]},"properties":{"OBJECTID":11038,"PIDN":"N46099900105100","CITY_OWNED":" ","STATE_CD":"A1","LAND_ACRES":0.29070000000000001,"YR_BLT":"1967","City_Taxes":" ","District_Key(String)":"R-3","Min_Lot_Area(Double - SqFt)":6000,"Min_Lot_Width(Double - Feet)":60,"Min_Lot_Depth":90,"Front_Setback(Double - Feet)":20,"Rear_Setback(Double - Feet)":20,"Side_Setback(Double - Feet)":5,"Max_Density_Factor(Double - SqFt/Unit)":6000,"Current_Area":15036.637981727205,"Lot_Width":149.25626316666603,"Lot_Depth":150.63257275521755,"Shape_Length":599.77767184376717,"Shape_Area":22482.854920624719,"Split_Area_Floor":12000,"Split_Width_Floor":120}},{"type":"Feature","id":11039,"geometry":{"type":"Polygon","coordinates":[[[-106.43827057187441,31.903608525170803],[-106.43869551581265,31.903469942892148],[-106.4383459435326,31.903354572926766],[-106.43827057187441,31.903608525170803]]]},"properties":{"OBJECTID":11039,"PIDN":"F16799900302400","CITY_OWNED":" ","STATE_CD":"A1","LAND_ACRES":0.21360000000000001,"YR_BLT":"1987","City_Taxes":" ","District_Key(String)":"P-R 2","Min_Lot_Area(Double - SqFt)":4000,"Min_Lot_Width(Double - Feet)":40,"Min_Lot_Depth":100,"Front_Setback(Double - Feet)":10,"Rear_Setback(Double - Feet)":20,"Side_Setback(Double - Feet)":5,"Max_Density_Factor(Double - SqFt/Unit)":4000,"Current_Area":9243.3142518354016,"Lot_Width":97.861024737358093,"Lot_Depth":134.44494107365608,"Shape_Length":464.61193162202835,"Shape_Area":13156.919704221709,"Split_Area_Floor":8000,"Split_Width_Floor":80}},{"type":"Feature","id":11040,"geometry":{"type":"Polygon","coordinates":[[[-106.43734674384007,31.903744423878486],[-106.43773462627885,31.903524020146424],[-106.43730832930585,31.903525141282884],[-106.43734674384007,31.903744423878486]]]},"properties":{"OBJECTID":11040,"PIDN":"N46099900400500","CITY_OWNED":" ","STATE_CD":"A1","LAND_ACRES":0.22559999999999999,"YR_BLT":"1967","City_Taxes":" ","District_Key(String)":"P-R 2","Min_Lot_Area(Double - SqFt)":4000,"Min_Lot_Width(Double - Feet)":40,"Min_Lot_Depth":100,"Front_Setback(Double - Feet)":10,"Rear_Setback(Double - Feet)":20,"Side_Setback(Double - Feet)":5,"Max_Density_Factor(Double - SqFt/Unit)":4000,"Current_Area":10027.453971659654,"Lot_Width":84.436182826757431,"Lot_Depth":132.12112683057785,"Shape_Length":433.11461931467056,"Shape_Area":11155.803620343879,"Split_Area_Floor":8000,"Split_Width_Floor":80}},{"type":"Feature","id":11041,"geometry":{"type":"Polygon","coordinates":[[[-106.42116470390253,31.904282117987112],[-106.42133794231127,31.904534822151099],[-106.421545999126,31.904425128531148],[-106.42116470390253,31.904282117987112]]]},"properties":{"OBJECTID":11041,"PIDN":"C74199902303100","CITY_OWNED":" ","STATE_CD":"A1","LAND_ACRES":0.17649999999999999,"YR_BLT":"1966","City_Taxes":" ","District_Key(String)":"A-2","Min_Lot_Area(Double - SqFt)":3500,"Min_Lot_Width(Double - Feet)":35,"Min_Lot_Depth":90,"Front_Setback(Double - Feet)":10,"Rear_Setback(Double - Feet)":15,"Side_Setback(Double - Feet)":5,"Max_Density_Factor(Double - SqFt/Unit)":3500,"Current_Area":7887.3001032252723,"Lot_Width":115.30784024298191,"Lot_Depth":128.38917891681194,"Shape_Length":487.39403831958771,"Shape_Area":14804.278931467374,"Split_Area_Floor":7000,"Split_Width_Floor":70}},{"type":"Feature","id":11042,"geometry":{"type":"Polygon","coordinates":[[[-106.4374133803742,31.904167494596297],[-106.43774559589374,31.903949233242418],[-106.43739270827064,31.903951089194859],[-106.4374133803742,31.904167494596297]]]},"properties":{"OBJECTID":11042,"PIDN":"N46099900400900","CITY_OWNED":" ","STATE_CD":"A1","LAND_ACRES":0.19159999999999999,"YR_BLT":"1967","City_Taxes":" ","District_Key(String)":"P-R 2","Min_Lot_Area(Double - SqFt)":4000,"Min_Lot_Width(Double - Feet)":40,"Min_Lot_Depth":100,"Front_Setback(Double - Feet)":10,"Rear_Setback(Double - Feet)":20,"Side_Setback(Double - Feet)":5,"Max_Density_Factor(Double - SqFt/Unit)":4000,"Current_Area":8307.8439764992399,"Lot_Width":82.702262416481972,"Lot_Depth":109.38757649064064,"Shape_Length":384.17967781424522,"Shape_Area":9046.6000560319571,"Split_Area_Floor":8000,"Split_Width_Floor":80}},{"type":"Feature","id":11043,"geometry":{"type":"Polygon","coordinates":[[[-106.43936909656071,31.904193254994155],[-106.43985371882424,31.903937736616395],[-106.43956083377611,31.903819589709205],[-106.43936909656071,31.904193254994155]]]},"properties":{"OBJECTID":11043,"PIDN":"F16799900302650","CITY_OWNED":" ","STATE_CD":"A1","LAND_ACRES":0.25490000000000002,"YR_BLT":"1993","City_Taxes":" ","District_Key(String)":"P-R 2","Min_Lot_Area(Double - SqFt)":4000,"Min_Lot_Width(Double - Feet)":40,"Min_Lot_Depth":100,"Front_Setback(Double - Feet)":10,"Rear_Setback(Double - Feet)":20,"Side_Setback(Double - Feet)":5,"Max_Density_Factor(Double - SqFt/Unit)":4000,"Current_Area":10869.42353480459,"Lot_Width":134.9075385928154,"Lot_Depth":170.54690299928188,"Shape_Length":610.90888318419456,"Shape_Area":23008.062898260767,"Split_Area_Floor":8000,"Split_Width_Floor":80}},{"type":"Feature","id":11044,"geometry":{"type":"Polygon","coordinates":[[[-106.43842095183732,31.904210805318879],[-106.43863617863897,31.90399469045391],[-106.43828292470522,31.90400173041068],[-106.43842095183732,31.904210805318879]]]},"properties":{"OBJECTID":11044,"PIDN":"F16799900302100","CITY_OWNED":" ","STATE_CD":"A1","LAND_ACRES":0.1988,"YR_BLT":"1987","City_Taxes":" ","District_Key(String)":"P-R 2","Min_Lot_Area(Double - SqFt)":4000,"Min_Lot_Width(Double - Feet)":40,"Min_Lot_Depth":100,"Front_Setback(Double - Feet)":10,"Rear_Setback(Double - Feet)":20,"Side_Setback(Double - Feet)":5,"Max_Density_Factor(Double - SqFt/Unit)":4000,"Current_Area":8585.1550879318529,"Lot_Width":93.924680918455124,"Lot_Depth":112.2143424898386,"Shape_Length":412.27804681658745,"Shape_Area":10539.696312832331,"Split_Area_Floor":8000,"Split_Width_Floor":80}},{"type":"Feature","id":11045,"geometry":{"type":"Polygon","coordinates":[[[-106.43863862147717,31.904243628571493],[-106.43894750295588,31.904025471327504],[-106.43863321613802,31.903896608369372],[-106.43863862147717,31.904243628571493]]]},"properties":{"OBJECTID":11045,"PIDN":"F16799900302000","CITY_OWNED":" ","STATE_CD":"A1","LAND_ACRES":0.21029999999999999,"YR_BLT":"1987","City_Taxes":" ","District_Key(String)":"P-R 2","Min_Lot_Area(Double - SqFt)":4000,"Min_Lot_Width(Double - Feet)":40,"Min_Lot_Depth":100,"Front_Setback(Double - Feet)":10,"Rear_Setback(Double - Feet)":20,"Side_Setback(Double - Feet)":5,"Max_Density_Factor(Double - SqFt/Unit)":4000,"Current_Area":9256.3144310667085,"Lot_Width":100.06771326065063,"Lot_Depth":150.08270508050919,"Shape_Length":500.30083668231964,"Shape_Area":15018.433097379188,"Split_Area_Floor":8000,"Split_Width_Floor":80}},{"type":"Feature","id":11046,"geometry":{"type":"Polygon","coordinates":[[[-106.43741753614367,31.90438696435913],[-106.43774833612848,31.904162098429268],[-106.4374133803742,31.904167494596297],[-106.43741753614367,31.90438696435913]]]},"properties":{"OBJECTID":11046,"PIDN":"N46099900401100","CITY_OWNED":" ","STATE_CD":"A1","LAND_ACRES":0.188,"YR_BLT":"1967","City_Taxes":" ","District_Key(String)":"P-R 2","Min_Lot_Area(Double - SqFt)":4000,"Min_Lot_Width(Double - Feet)":40,"Min_Lot_Depth":100,"Front_Setback(Double - Feet)":10,"Rear_Setback(Double - Feet)":20,"Side_Setback(Double - Feet)":5,"Max_Density_Factor(Double - SqFt/Unit)":4000,"Current_Area":8255.8029115132285,"Lot_Width":82.079560250043869,"Lot_Depth":106.99256816506386,"Shape_Length":378.14425683021545,"Shape_Area":8781.9029450112848,"Split_Area_Floor":8000,"Split_Width_Floor":80}},{"type":"Feature","id":11047,"geometry":{"type":"Polygon","coordinates":[[[-106.4395781441705,31.904271793836493],[-106.4399661230007,31.904092160584575],[-106.43938207637072,31.904199359116291],[-106.4395781441705,31.904271793836493]]]},"properties":{"OBJECTID":11047,"PIDN":"F16799900302700","CITY_OWNED":" ","STATE_CD":"A1","LAND_ACRES":0.22989999999999999,"YR_BLT":"1993","City_Taxes":" ","District_Key(String)":"P-R 2","Min_Lot_Area(Double - SqFt)":4000,"Min_Lot_Width(Double - Feet)":40,"Min_Lot_Depth":100,"Front_Setback(Double - Feet)":10,"Rear_Setback(Double - Feet)":20,"Side_Setback(Double - Feet)":5,"Max_Density_Factor(Double - SqFt/Unit)":4000,"Current_Area":10105.648419299063,"Lot_Width":117.204161927104,"Lot_Depth":183.1197125017643,"Shape_Length":600.64774885773659,"Shape_Area":21462.392436101512,"Split_Area_Floor":8000,"Split_Width_Floor":80}},{"type":"Feature","id":11048,"geometry":{"type":"Polygon","coordinates":[[[-106.4377553157684,31.904377431156437],[-106.43775685584859,31.904548819415972],[-106.43808363757613,31.904195775215335],[-106.4377553157684,31.904377431156437]]]},"properties":{"OBJECTID":11048,"PIDN":"F16799900201200","CITY_OWNED":" ","STATE_CD":"A1","LAND_ACRES":0.21560000000000001,"YR_BLT":"1987","City_Taxes":" ","District_Key(String)":"P-R 2","Min_Lot_Area(Double - SqFt)":4000,"Min_Lot_Width(Double - Feet)":40,"Min_Lot_Depth":100,"Front_Setback(Double - Feet)":10,"Rear_Setback(Double - Feet)":20,"Side_Setback(Double - Feet)":5,"Max_Density_Factor(Double - SqFt/Unit)":4000,"Current_Area":9377.240630319433,"Lot_Width":119.86852666735649,"Lot_Depth":126.04633583128452,"Shape_Length":491.82972499728203,"Shape_Area":15108.988567914901,"Split_Area_Floor":8000,"Split_Width_Floor":80}},{"type":"Feature","id":11049,"geometry":{"type":"Polygon","coordinates":[[[-106.44036355191476,31.904459476676386],[-106.44009278245848,31.90412794337783],[-106.44009149417801,31.904423500356469],[-106.44036355191476,31.904459476676386]]]},"properties":{"OBJECTID":11049,"PIDN":"F16799900302900","CITY_OWNED":" ","STATE_CD":"A1","LAND_ACRES":0.2387,"YR_BLT":"1992","City_Taxes":" ","District_Key(String)":"P-R 2","Min_Lot_Area(Double - SqFt)":4000,"Min_Lot_Width(Double - Feet)":40,"Min_Lot_Depth":100,"Front_Setback(Double - Feet)":10,"Rear_Setback(Double - Feet)":20,"Side_Setback(Double - Feet)":5,"Max_Density_Factor(Double - SqFt/Unit)":4000,"Current_Area":10409.241677507447,"Lot_Width":127.57618841528893,"Lot_Depth":139.86815859377384,"Shape_Length":534.88869401812553,"Shape_Area":17843.846554058804,"Split_Area_Floor":8000,"Split_Width_Floor":80}},{"type":"Feature","id":11050,"geometry":{"type":"Polygon","coordinates":[[[-106.4405059477577,31.904466140453525],[-106.4405964938526,31.90409366236576],[-106.4402780515628,31.904053087089384],[-106.4405059477577,31.904466140453525]]]},"properties":{"OBJECTID":11050,"PIDN":"F16799900303000","CITY_OWNED":" ","STATE_CD":"A1","LAND_ACRES":0.27289999999999998,"YR_BLT":"1993","City_Taxes":" ","District_Key(String)":"P-R 2","Min_Lot_Area(Double - SqFt)":4000,"Min_Lot_Width(Double - Feet)":40,"Min_Lot_Depth":100,"Front_Setback(Double - Feet)":10,"Rear_Setback(Double - Feet)":20,"Side_Setback(Double - Feet)":5,"Max_Density_Factor(Double - SqFt/Unit)":4000,"Current_Area":11592.827232153413,"Lot_Width":117.02305991947651,"Lot_Depth":157.56103657186031,"Shape_Length":549.16819298267365,"Shape_Area":18438.274623723639,"Split_Area_Floor":8000,"Split_Width_Floor":80}},{"type":"Feature","id":11051,"geometry":{"type":"Polygon","coordinates":[[[-106.43799596059232,31.904696369417564],[-106.43812824252045,31.904308958950867],[-106.43775685584859,31.904548819415972],[-106.43799596059232,31.904696369417564]]]},"properties":{"OBJECTID":11051,"PIDN":"F16799900201100","CITY_OWNED":" ","STATE_CD":"A1","LAND_ACRES":0.30370000000000003,"YR_BLT":"1987","City_Taxes":" ","District_Key(String)":"P-R 2","Min_Lot_Area(Double - SqFt)":4000,"Min_Lot_Width(Double - Feet)":40,"Min_Lot_Depth":100,"Front_Setback(Double - Feet)":10,"Rear_Setback(Double - Feet)":20,"Side_Setback(Double - Feet)":5,"Max_Density_Factor(Double - SqFt/Unit)":4000,"Current_Area":13546.059502994198,"Lot_Width":138.79696649312973,"Lot_Depth":156.0305278301239,"Shape_Length":589.65498864650726,"Shape_Area":21656.563943143054,"Split_Area_Floor":8000,"Split_Width_Floor":80}},{"type":"Feature","id":11052,"geometry":{"type":"Polygon","coordinates":[[[-106.43823320824764,31.904688112047545],[-106.43845933346977,31.904384469122554],[-106.43824766698305,31.904382886432249],[-106.43823320824764,31.904688112047545]]]},"properties":{"OBJECTID":11052,"PIDN":"F16799900201000","CITY_OWNED":" ","STATE_CD":"A1","LAND_ACRES":0.19220000000000001,"YR_BLT":"1986","City_Taxes":" ","District_Key(String)":"P-R 2","Min_Lot_Area(Double - SqFt)":4000,"Min_Lot_Width(Double - Feet)":40,"Min_Lot_Depth":100,"Front_Setback(Double - Feet)":10,"Rear_Setback(Double - Feet)":20,"Side_Setback(Double - Feet)":5,"Max_Density_Factor(Double - SqFt/Unit)":4000,"Current_Area":8205.3411172711094,"Lot_Width":109.8970899283886,"Lot_Depth":112.87116532027721,"Shape_Length":445.53651049733162,"Shape_Area":12404.212605524521,"Split_Area_Floor":8000,"Split_Width_Floor":80}},{"type":"Feature","id":11053,"geometry":{"type":"Polygon","coordinates":[[[-106.43985075889877,31.904669192517908],[-106.44000046339664,31.904407282311112],[-106.43977031733021,31.904336819524055],[-106.43985075889877,31.904669192517908]]]},"properties":{"OBJECTID":11053,"PIDN":"F16799900301500","CITY_OWNED":" ","STATE_CD":"A1","LAND_ACRES":0.17860000000000001,"YR_BLT":"1987","City_Taxes":" ","District_Key(String)":"P-R 2","Min_Lot_Area(Double - SqFt)":4000,"Min_Lot_Width(Double - Feet)":40,"Min_Lot_Depth":100,"Front_Setback(Double - Feet)":10,"Rear_Setback(Double - Feet)":20,"Side_Setback(Double - Feet)":5,"Max_Density_Factor(Double - SqFt/Unit)":4000,"Current_Area":8123.604330019768,"Lot_Width":107.32229192554951,"Lot_Depth":128.40033374726772,"Shape_Length":471.44525134563446,"Shape_Area":13780.218101762253,"Split_Area_Floor":8000,"Split_Width_Floor":80}},{"type":"Feature","id":11054,"geometry":{"type":"Polygon","coordinates":[[[-106.41390613468511,31.90591864828863],[-106.41348510756816,31.905624360775068],[-106.41321945528117,31.905871722257437],[-106.41390613468511,31.90591864828863]]]},"properties":{"OBJECTID":11054,"PIDN":"C74199902808800","CITY_OWNED":" ","STATE_CD":"A1","LAND_ACRES":0.29570000000000002,"YR_BLT":"1959","City_Taxes":" ","District_Key(String)":"R-4","Min_Lot_Area(Double - SqFt)":6000,"Min_Lot_Width(Double - Feet)":50,"Min_Lot_Depth":90,"Front_Setback(Double - Feet)":10,"Rear_Setback(Double - Feet)":10,"Side_Setback(Double - Feet)":5,"Max_Density_Factor(Double - SqFt/Unit)":6000,"Current_Area":13118.89721293213,"Lot_Width":114.61230358481407,"Lot_Depth":227.04055641591549,"Shape_Length":683.30572000145912,"Shape_Area":26021.641178006012,"Split_Area_Floor":12000,"Split_Width_Floor":100}},{"type":"Feature","id":11055,"geometry":{"type":"Polygon","coordinates":[[[-106.43858799435657,31.904732837262646],[-106.4389348315374,31.90452908380793],[-106.43872127672745,31.904444149252232],[-106.43858799435657,31.904732837262646]]]},"properties":{"OBJECTID":11055,"PIDN":"F16799900200800","CITY_OWNED":" ","STATE_CD":"A1","LAND_ACRES":0.1845,"YR_BLT":"1987","City_Taxes":" ","District_Key(String)":"P-R 2","Min_Lot_Area(Double - SqFt)":4000,"Min_Lot_Width(Double - Feet)":40,"Min_Lot_Depth":100,"Front_Setback(Double - Feet)":10,"Rear_Setback(Double - Feet)":20,"Side_Setback(Double - Feet)":5,"Max_Density_Factor(Double - SqFt/Unit)":4000,"Current_Area":8032.088485428163,"Lot_Width":111.54111549258232,"Lot_Depth":133.77368257939816,"Shape_Length":490.62959614396095,"Shape_Area":14921.265778456698,"Split_Area_Floor":8000,"Split_Width_Floor":80}},{"type":"Feature","id":11056,"geometry":{"type":"Polygon","coordinates":[[[-106.44016435186144,31.904742642026346],[-106.44061023320216,31.904467480815086],[-106.44024260814142,31.904452816883769],[-106.44016435186144,31.904742642026346]]]},"properties":{"OBJECTID":11056,"PIDN":"F16799900301300","CITY_OWNED":" ","STATE_CD":"A1","LAND_ACRES":0.27000000000000002,"YR_BLT":"1987","City_Taxes":" ","District_Key(String)":"P-R 2","Min_Lot_Area(Double - SqFt)":4000,"Min_Lot_Width(Double - Feet)":40,"Min_Lot_Depth":100,"Front_Setback(Double - Feet)":10,"Rear_Setback(Double - Feet)":20,"Side_Setback(Double - Feet)":5,"Max_Density_Factor(Double - SqFt/Unit)":4000,"Current_Area":11882.94712283413,"Lot_Width":126.16936708986759,"Lot_Depth":156.41668191552162,"Shape_Length":565.17209801077843,"Shape_Area":19734.993759578501,"Split_Area_Floor":8000,"Split_Width_Floor":80}},{"type":"Feature","id":11057,"geometry":{"type":"Polygon","coordinates":[[[-106.43748634291732,31.905035650870456],[-106.43776522794845,31.90480724933547],[-106.43742564617051,31.904780136068528],[-106.43748634291732,31.905035650870456]]]},"properties":{"OBJECTID":11057,"PIDN":"N46099900401700","CITY_OWNED":" ","STATE_CD":"A1","LAND_ACRES":0.20519999999999999,"YR_BLT":"1971","City_Taxes":" ","District_Key(String)":"P-R 2","Min_Lot_Area(Double - SqFt)":4000,"Min_Lot_Width(Double - Feet)":40,"Min_Lot_Depth":100,"Front_Setback(Double - Feet)":10,"Rear_Setback(Double - Feet)":20,"Side_Setback(Double - Feet)":5,"Max_Density_Factor(Double - SqFt/Unit)":4000,"Current_Area":8945.9970048861196,"Lot_Width":95.474874660372734,"Lot_Depth":105.49322733283043,"Shape_Length":401.93620398640633,"Shape_Area":10071.952657120191,"Split_Area_Floor":8000,"Split_Width_Floor":80}},{"type":"Feature","id":11058,"geometry":{"type":"Polygon","coordinates":[[[-106.44027232684643,31.904933837196342],[-106.44062095944147,31.904929948542755],[-106.44061152285316,31.904586731737936],[-106.44027232684643,31.904933837196342]]]},"properties":{"OBJECTID":11058,"PIDN":"F16799900301200","CITY_OWNED":" ","STATE_CD":"A1","LAND_ACRES":0.22889999999999999,"YR_BLT":"1987","City_Taxes":" ","District_Key(String)":"P-R 2","Min_Lot_Area(Double - SqFt)":4000,"Min_Lot_Width(Double - Feet)":40,"Min_Lot_Depth":100,"Front_Setback(Double - Feet)":10,"Rear_Setback(Double - Feet)":20,"Side_Setback(Double - Feet)":5,"Max_Density_Factor(Double - SqFt/Unit)":4000,"Current_Area":9861.7114003561692,"Lot_Width":119.90330350399017,"Lot_Depth":124.83406791090965,"Shape_Length":489.47474282979965,"Shape_Area":14968.01713235952,"Split_Area_Floor":8000,"Split_Width_Floor":80}},{"type":"Feature","id":11059,"geometry":{"type":"Polygon","coordinates":[[[-106.43822921723418,31.905019227410225],[-106.43851479592344,31.90470809361814],[-106.43823320824764,31.904688112047545],[-106.43822921723418,31.905019227410225]]]},"properties":{"OBJECTID":11059,"PIDN":"F16799900200300","CITY_OWNED":" ","STATE_CD":"A1","LAND_ACRES":0.188,"YR_BLT":"1987","City_Taxes":" ","District_Key(String)":"P-R 2","Min_Lot_Area(Double - SqFt)":4000,"Min_Lot_Width(Double - Feet)":40,"Min_Lot_Depth":100,"Front_Setback(Double - Feet)":10,"Rear_Setback(Double - Feet)":20,"Side_Setback(Double - Feet)":5,"Max_Density_Factor(Double - SqFt/Unit)":4000,"Current_Area":9684.7164324909627,"Lot_Width":94.701254174113274,"Lot_Depth":130.06207582354546,"Shape_Length":449.52665999531746,"Shape_Area":12317.04170097837,"Split_Area_Floor":8000,"Split_Width_Floor":80}},{"type":"Feature","id":11060,"geometry":{"type":"Polygon","coordinates":[[[-106.43853956669521,31.905054550249638],[-106.43879391830401,31.904809013797585],[-106.43851479592344,31.90470809361814],[-106.43853956669521,31.905054550249638]]]},"properties":{"OBJECTID":11060,"PIDN":"F16799900200400","CITY_OWNED":" ","STATE_CD":"A1","LAND_ACRES":0.1822,"YR_BLT":"1986","City_Taxes":" ","District_Key(String)":"P-R 2","Min_Lot_Area(Double - SqFt)":4000,"Min_Lot_Width(Double - Feet)":40,"Min_Lot_Depth":100,"Front_Setback(Double - Feet)":10,"Rear_Setback(Double - Feet)":20,"Side_Setback(Double - Feet)":5,"Max_Density_Factor(Double - SqFt/Unit)":4000,"Current_Area":9220.2817873917047,"Lot_Width":111.04078841209412,"Lot_Depth":140.80286799371243,"Shape_Length":503.68731281161308,"Shape_Area":15634.861472705839,"Split_Area_Floor":8000,"Split_Width_Floor":80}},{"type":"Feature","id":11061,"geometry":{"type":"Polygon","coordinates":[[[-106.43929935921139,31.904971250511757],[-106.43954283809549,31.905056779430563],[-106.43965398226008,31.90478359173569],[-106.43929935921139,31.904971250511757]]]},"properties":{"OBJECTID":11061,"PIDN":"F16799900300400","CITY_OWNED":" ","STATE_CD":"A1","LAND_ACRES":0.18329999999999999,"YR_BLT":"1986","City_Taxes":" ","District_Key(String)":"P-R 2","Min_Lot_Area(Double - SqFt)":4000,"Min_Lot_Width(Double - Feet)":40,"Min_Lot_Depth":100,"Front_Setback(Double - Feet)":10,"Rear_Setback(Double - Feet)":20,"Side_Setback(Double - Feet)":5,"Max_Density_Factor(Double - SqFt/Unit)":4000,"Current_Area":8007.1747177837533,"Lot_Width":113.63264675438404,"Lot_Depth":121.57127916812897,"Shape_Length":470.40785184502602,"Shape_Area":13814.466221190607,"Split_Area_Floor":8000,"Split_Width_Floor":80}},{"type":"Feature","id":11062,"geometry":{"type":"Polygon","coordinates":[[[-106.43976491156727,31.90513449252942],[-106.44003499790071,31.905232174889022],[-106.44000505667634,31.90487841724136],[-106.43976491156727,31.90513449252942]]]},"properties":{"OBJECTID":11062,"PIDN":"F16799900300600","CITY_OWNED":" ","STATE_CD":"A1","LAND_ACRES":0.2016,"YR_BLT":"1987","City_Taxes":" ","District_Key(String)":"P-R 2","Min_Lot_Area(Double - SqFt)":4000,"Min_Lot_Width(Double - Feet)":40,"Min_Lot_Depth":100,"Front_Setback(Double - Feet)":10,"Rear_Setback(Double - Feet)":20,"Side_Setback(Double - Feet)":5,"Max_Density_Factor(Double - SqFt/Unit)":4000,"Current_Area":8652.0944896797882,"Lot_Width":89.384007588028908,"Lot_Depth":144.01152300834656,"Shape_Length":466.79106119275093,"Shape_Area":12872.327065341648,"Split_Area_Floor":8000,"Split_Width_Floor":80}},{"type":"Feature","id":11063,"geometry":{"type":"Polygon","coordinates":[[[-106.42318958042674,31.905860178126904],[-106.42375407260801,31.905832291641115],[-106.42374505795527,31.905616761385822],[-106.42318958042674,31.905860178126904]]]},"properties":{"OBJECTID":11063,"PIDN":"C74199903302500","CITY_OWNED":" ","STATE_CD":"A1","LAND_ACRES":0.28089999999999998,"YR_BLT":"1968","City_Taxes":" ","District_Key(String)":"R-4","Min_Lot_Area(Double - SqFt)":6000,"Min_Lot_Width(Double - Feet)":50,"Min_Lot_Depth":90,"Front_Setback(Double - Feet)":10,"Rear_Setback(Double - Feet)":10,"Side_Setback(Double - Feet)":5,"Max_Density_Factor(Double - SqFt/Unit)":6000,"Current_Area":12161.305605416293,"Lot_Width":139.57813291251659,"Lot_Depth":176.9714308232069,"Shape_Length":633.09912747144699,"Shape_Area":24701.34189315981,"Split_Area_Floor":12000,"Split_Width_Floor":100}},{"type":"Feature","id":11064,"geometry":{"type":"Polygon","coordinates":[[[-106.43920482242014,31.905158424597257],[-106.43963828863606,31.905094939558552],[-106.43929935921139,31.904971250511757],[-106.43920482242014,31.905158424597257]]]},"properties":{"OBJECTID":11064,"PIDN":"F16799900300300","CITY_OWNED":" ","STATE_CD":"A1","LAND_ACRES":0.188,"YR_BLT":"1986","City_Taxes":" ","District_Key(String)":"P-R 2","Min_Lot_Area(Double - SqFt)":4000,"Min_Lot_Width(Double - Feet)":40,"Min_Lot_Depth":100,"Front_Setback(Double - Feet)":10,"Rear_Setback(Double - Feet)":20,"Side_Setback(Double - Feet)":5,"Max_Density_Factor(Double - SqFt/Unit)":4000,"Current_Area":8218.7814365812683,"Lot_Width":111.66611525416374,"Lot_Depth":135.58503067493439,"Shape_Length":494.50229185819626,"Shape_Area":15140.25366208655,"Split_Area_Floor":8000,"Split_Width_Floor":80}},{"type":"Feature","id":11065,"geometry":{"type":"Polygon","coordinates":[[[-106.43955871882207,31.905377147704446],[-106.44003499790071,31.905232174889022],[-106.43963828863606,31.905094939558552],[-106.43955871882207,31.905377147704446]]]},"properties":{"OBJECTID":11065,"PIDN":"F16799900300700","CITY_OWNED":" ","STATE_CD":"A1","LAND_ACRES":0.2407,"YR_BLT":"1987","City_Taxes":" ","District_Key(String)":"P-R 2","Min_Lot_Area(Double - SqFt)":4000,"Min_Lot_Width(Double - Feet)":40,"Min_Lot_Depth":100,"Front_Setback(Double - Feet)":10,"Rear_Setback(Double - Feet)":20,"Side_Setback(Double - Feet)":5,"Max_Density_Factor(Double - SqFt/Unit)":4000,"Current_Area":10404.6786557418,"Lot_Width":104.43384625017643,"Lot_Depth":150.47771741449833,"Shape_Length":509.82312732934952,"Shape_Area":15714.966804543215,"Split_Area_Floor":8000,"Split_Width_Floor":80}},{"type":"Feature","id":11066,"geometry":{"type":"Polygon","coordinates":[[[-106.43795229887129,31.905476533062682],[-106.43843813152805,31.905213760021965],[-106.43795794318557,31.905191217803377],[-106.43795229887129,31.905476533062682]]]},"properties":{"OBJECTID":11066,"PIDN":"F16799900100600","CITY_OWNED":" ","STATE_CD":"A1","LAND_ACRES":0.29859999999999998,"YR_BLT":"1987","City_Taxes":" ","District_Key(String)":"P-R 2","Min_Lot_Area(Double - SqFt)":4000,"Min_Lot_Width(Double - Feet)":40,"Min_Lot_Depth":100,"Front_Setback(Double - Feet)":10,"Rear_Setback(Double - Feet)":20,"Side_Setback(Double - Feet)":5,"Max_Density_Factor(Double - SqFt/Unit)":4000,"Current_Area":13347.756781264456,"Lot_Width":107.46500816941261,"Lot_Depth":160.5702169239521,"Shape_Length":536.07045018672943,"Shape_Area":17255.679673496867,"Split_Area_Floor":8000,"Split_Width_Floor":80}},{"type":"Feature","id":11067,"geometry":{"type":"Polygon","coordinates":[[[-106.43914737856313,31.905396886295989],[-106.4391916203067,31.905691587027647],[-106.43956212926309,31.905586661377551],[-106.43914737856313,31.905396886295989]]]},"properties":{"OBJECTID":11067,"PIDN":"F16799900300100","CITY_OWNED":" ","STATE_CD":"A1","LAND_ACRES":0.2276,"YR_BLT":"1986","City_Taxes":" ","District_Key(String)":"P-R 2","Min_Lot_Area(Double - SqFt)":4000,"Min_Lot_Width(Double - Feet)":40,"Min_Lot_Depth":100,"Front_Setback(Double - Feet)":10,"Rear_Setback(Double - Feet)":20,"Side_Setback(Double - Feet)":5,"Max_Density_Factor(Double - SqFt/Unit)":4000,"Current_Area":10251.098047980753,"Lot_Width":107.80326208472252,"Lot_Depth":127.72152933478355,"Shape_Length":471.04958283901215,"Shape_Area":13768.797500739247,"Split_Area_Floor":8000,"Split_Width_Floor":80}},{"type":"Feature","id":11068,"geometry":{"type":"Polygon","coordinates":[[[-106.43786591157232,31.905654120617609],[-106.4382500620883,31.905473371795704],[-106.437712639794,31.9054826909117],[-106.43786591157232,31.905654120617609]]]},"properties":{"OBJECTID":11068,"PIDN":"F16799900100500","CITY_OWNED":" ","STATE_CD":"A1","LAND_ACRES":0.27660000000000001,"YR_BLT":"1986","City_Taxes":" ","District_Key(String)":"P-R 2","Min_Lot_Area(Double - SqFt)":4000,"Min_Lot_Width(Double - Feet)":40,"Min_Lot_Depth":100,"Front_Setback(Double - Feet)":10,"Rear_Setback(Double - Feet)":20,"Side_Setback(Double - Feet)":5,"Max_Density_Factor(Double - SqFt/Unit)":4000,"Current_Area":11988.575596217373,"Lot_Width":110.1625093370676,"Lot_Depth":178.98815907537937,"Shape_Length":578.30133682489395,"Shape_Area":19717.784745366022,"Split_Area_Floor":8000,"Split_Width_Floor":80}},{"type":"Feature","id":11069,"geometry":{"type":"Polygon","coordinates":[[[-106.42211028931507,31.906100330380784],[-106.42234659261464,31.906548515533871],[-106.42257001533919,31.906490474193312],[-106.42211028931507,31.906100330380784]]]},"properties":{"OBJECTID":11069,"PIDN":"C74199903204100","CITY_OWNED":" ","STATE_CD":"A1","LAND_ACRES":0.30170000000000002,"YR_BLT":"1973","City_Taxes":" ","District_Key(String)":"R-4","Min_Lot_Area(Double - SqFt)":6000,"Min_Lot_Width(Double - Feet)":50,"Min_Lot_Depth":90,"Front_Setback(Double - Feet)":10,"Rear_Setback(Double - Feet)":10,"Side_Setback(Double - Feet)":5,"Max_Density_Factor(Double - SqFt/Unit)":6000,"Current_Area":12851.477397908258,"Lot_Width":134.68936316668987,"Lot_Depth":193.85952042043209,"Shape_Length":657.09776717424393,"Shape_Area":26110.815349227909,"Split_Area_Floor":12000,"Split_Width_Floor":100}},{"type":"Feature","id":11070,"geometry":{"type":"Polygon","coordinates":[[[-106.43852425448522,31.905580159536729],[-106.43900908042544,31.905758082858309],[-106.43895660631863,31.905547454689614],[-106.43852425448522,31.905580159536729]]]},"properties":{"OBJECTID":11070,"PIDN":"F16799900100200","CITY_OWNED":" ","STATE_CD":"A1","LAND_ACRES":0.27129999999999999,"YR_BLT":"1986","City_Taxes":" ","District_Key(String)":"P-R 2","Min_Lot_Area(Double - SqFt)":4000,"Min_Lot_Width(Double - Feet)":40,"Min_Lot_Depth":100,"Front_Setback(Double - Feet)":10,"Rear_Setback(Double - Feet)":20,"Side_Setback(Double - Feet)":5,"Max_Density_Factor(Double - SqFt/Unit)":4000,"Current_Area":11781.183384978691,"Lot_Width":135.21757733821869,"Lot_Depth":146.68113708496094,"Shape_Length":563.79742884635925,"Shape_Area":19833.867997843561,"Split_Area_Floor":8000,"Split_Width_Floor":80}},{"type":"Feature","id":11071,"geometry":{"type":"Polygon","coordinates":[[[-106.43748836088191,31.905836360843594],[-106.43770498698478,31.905917726853261],[-106.437712639794,31.9054826909117],[-106.43748836088191,31.905836360843594]]]},"properties":{"OBJECTID":11071,"PIDN":"N46099900506300","CITY_OWNED":" ","STATE_CD":"A1","LAND_ACRES":0.22720000000000001,"YR_BLT":"1971","City_Taxes":" ","District_Key(String)":"P-R 2","Min_Lot_Area(Double - SqFt)":4000,"Min_Lot_Width(Double - Feet)":40,"Min_Lot_Depth":100,"Front_Setback(Double - Feet)":10,"Rear_Setback(Double - Feet)":20,"Side_Setback(Double - Feet)":5,"Max_Density_Factor(Double - SqFt/Unit)":4000,"Current_Area":10322.365390785711,"Lot_Width":120.62705533206463,"Lot_Depth":158.31070698797703,"Shape_Length":557.87552464008331,"Shape_Area":19096.554411496974,"Split_Area_Floor":8000,"Split_Width_Floor":80}},{"type":"Feature","id":11072,"geometry":{"type":"Polygon","coordinates":[[[-106.44011721696526,31.9058272309872],[-106.44037795103615,31.905823175122222],[-106.44038042765807,31.905531697372254],[-106.44011721696526,31.9058272309872]]]},"properties":{"OBJECTID":11072,"PIDN":"N46399900400300","CITY_OWNED":" ","STATE_CD":"A1","LAND_ACRES":0.2082,"YR_BLT":"1970","City_Taxes":" ","District_Key(String)":"P-R 2","Min_Lot_Area(Double - SqFt)":4000,"Min_Lot_Width(Double - Feet)":40,"Min_Lot_Depth":100,"Front_Setback(Double - Feet)":10,"Rear_Setback(Double - Feet)":20,"Side_Setback(Double - Feet)":5,"Max_Density_Factor(Double - SqFt/Unit)":4000,"Current_Area":8467.7104924559935,"Lot_Width":87.459798827767372,"Lot_Depth":105.83705866336823,"Shape_Length":386.59371498227119,"Shape_Area":9256.4878592207988,"Split_Area_Floor":8000,"Split_Width_Floor":80}},{"type":"Feature","id":11073,"geometry":{"type":"Polygon","coordinates":[[[-106.44037795103615,31.905823175122222],[-106.44063576890201,31.905517112386878],[-106.44038042765807,31.905531697372254],[-106.44037795103615,31.905823175122222]]]},"properties":{"OBJECTID":11073,"PIDN":"N46399900400100","CITY_OWNED":" ","STATE_CD":"A1","LAND_ACRES":0.2039,"YR_BLT":"1970","City_Taxes":" ","District_Key(String)":"P-R 2","Min_Lot_Area(Double - SqFt)":4000,"Min_Lot_Width(Double - Feet)":40,"Min_Lot_Depth":100,"Front_Setback(Double - Feet)":10,"Rear_Setback(Double - Feet)":20,"Side_Setback(Double - Feet)":5,"Max_Density_Factor(Double - SqFt/Unit)":4000,"Current_Area":8567.2747948076467,"Lot_Width":85.99917183816433,"Lot_Depth":108.48764391243458,"Shape_Length":388.97363150119781,"Shape_Area":9329.8475311430429,"Split_Area_Floor":8000,"Split_Width_Floor":80}},{"type":"Feature","id":11074,"geometry":{"type":"Polygon","coordinates":[[[-106.43979312113746,31.905571161895192],[-106.44011721696526,31.9058272309872],[-106.4401141884924,31.905549424603052],[-106.43979312113746,31.905571161895192]]]},"properties":{"OBJECTID":11074,"PIDN":"N46399900400500","CITY_OWNED":" ","STATE_CD":"A1","LAND_ACRES":0.22059999999999999,"YR_BLT":"1970","City_Taxes":" ","District_Key(String)":"P-R 2","Min_Lot_Area(Double - SqFt)":4000,"Min_Lot_Width(Double - Feet)":40,"Min_Lot_Depth":100,"Front_Setback(Double - Feet)":10,"Rear_Setback(Double - Feet)":20,"Side_Setback(Double - Feet)":5,"Max_Density_Factor(Double - SqFt/Unit)":4000,"Current_Area":9909.4316337428718,"Lot_Width":99.922372341156006,"Lot_Depth":106.95418241620064,"Shape_Length":413.75310951471329,"Shape_Area":10687.115638835521,"Split_Area_Floor":8000,"Split_Width_Floor":80}},{"type":"Feature","id":11075,"geometry":{"type":"Polygon","coordinates":[[[-106.43948081133355,31.905590111620374],[-106.43981598794802,31.905857839747696],[-106.43979312113746,31.905571161895192],[-106.43948081133355,31.905590111620374]]]},"properties":{"OBJECTID":11075,"PIDN":"N46399900400700","CITY_OWNED":" ","STATE_CD":"A1","LAND_ACRES":0.23599999999999999,"YR_BLT":"1970","City_Taxes":" ","District_Key(String)":"P-R 2","Min_Lot_Area(Double - SqFt)":4000,"Min_Lot_Width(Double - Feet)":40,"Min_Lot_Depth":100,"Front_Setback(Double - Feet)":10,"Rear_Setback(Double - Feet)":20,"Side_Setback(Double - Feet)":5,"Max_Density_Factor(Double - SqFt/Unit)":4000,"Current_Area":10055.770637109144,"Lot_Width":98.516535252332687,"Lot_Depth":114.6749674975872,"Shape_Length":426.38300549983978,"Shape_Area":11297.380478036155,"Split_Area_Floor":8000,"Split_Width_Floor":80}},{"type":"Feature","id":11076,"geometry":{"type":"Polygon","coordinates":[[[-106.43840500959864,31.905616338784782],[-106.43839800806053,31.905970423213134],[-106.43879608407427,31.905832893515331],[-106.43840500959864,31.905616338784782]]]},"properties":{"OBJECTID":11076,"PIDN":"F16799900100300","CITY_OWNED":" ","STATE_CD":"A1","LAND_ACRES":0.2233,"YR_BLT":"1986","City_Taxes":" ","District_Key(String)":"P-R 2","Min_Lot_Area(Double - SqFt)":4000,"Min_Lot_Width(Double - Feet)":40,"Min_Lot_Depth":100,"Front_Setback(Double - Feet)":10,"Rear_Setback(Double - Feet)":20,"Side_Setback(Double - Feet)":5,"Max_Density_Factor(Double - SqFt/Unit)":4000,"Current_Area":10096.302437121816,"Lot_Width":126.09522025287151,"Lot_Depth":139.61422209441662,"Shape_Length":531.41888469457626,"Shape_Area":17604.686085428784,"Split_Area_Floor":8000,"Split_Width_Floor":80}},{"type":"Feature","id":11077,"geometry":{"type":"Polygon","coordinates":[[[-106.43809568715966,31.905809875077573],[-106.43839800806053,31.905970423213134],[-106.43840500959864,31.905616338784782],[-106.43809568715966,31.905809875077573]]]},"properties":{"OBJECTID":11077,"PIDN":"F16799900100400","CITY_OWNED":" ","STATE_CD":"A1","LAND_ACRES":0.2298,"YR_BLT":"1986","City_Taxes":" ","District_Key(String)":"P-R 2","Min_Lot_Area(Double - SqFt)":4000,"Min_Lot_Width(Double - Feet)":40,"Min_Lot_Depth":100,"Front_Setback(Double - Feet)":10,"Rear_Setback(Double - Feet)":20,"Side_Setback(Double - Feet)":5,"Max_Density_Factor(Double - SqFt/Unit)":4000,"Current_Area":10106.62315323547,"Lot_Width":117.82653599977493,"Lot_Depth":153.50395809113979,"Shape_Length":542.66098818182945,"Shape_Area":18086.839644133626,"Split_Area_Floor":8000,"Split_Width_Floor":80}},{"type":"Feature","id":11078,"geometry":{"type":"Polygon","coordinates":[[[-106.43770498698478,31.905917726853261],[-106.43809568715966,31.905809875077573],[-106.43786591157232,31.905654120617609],[-106.43770498698478,31.905917726853261]]]},"properties":{"OBJECTID":11078,"PIDN":"N46099900506500","CITY_OWNED":" ","STATE_CD":"A1","LAND_ACRES":0.19220000000000001,"YR_BLT":"1971","City_Taxes":" ","District_Key(String)":"P-R 2","Min_Lot_Area(Double - SqFt)":4000,"Min_Lot_Width(Double - Feet)":40,"Min_Lot_Depth":100,"Front_Setback(Double - Feet)":10,"Rear_Setback(Double - Feet)":20,"Side_Setback(Double - Feet)":5,"Max_Density_Factor(Double - SqFt/Unit)":4000,"Current_Area":8401.2250770857427,"Lot_Width":123.21727325022221,"Lot_Depth":136.17787724733353,"Shape_Length":518.79030099511147,"Shape_Area":16779.466711419911,"Split_Area_Floor":8000,"Split_Width_Floor":80}},{"type":"Feature","id":11079,"geometry":{"type":"Polygon","coordinates":[[[-106.39530196444269,31.908221884296768],[-106.39553811394703,31.906653764477738],[-106.39526158298811,31.906654815831391],[-106.39530196444269,31.908221884296768]]]},"properties":{"OBJECTID":11079,"PIDN":"P448999001F3000","CITY_OWNED":" ","STATE_CD":"A1","LAND_ACRES":1.1120000000000001,"YR_BLT":"1965","City_Taxes":" ","District_Key(String)":"R-4","Min_Lot_Area(Double - SqFt)":6000,"Min_Lot_Width(Double - Feet)":50,"Min_Lot_Depth":90,"Front_Setback(Double - Feet)":10,"Rear_Setback(Double - Feet)":10,"Side_Setback(Double - Feet)":5,"Max_Density_Factor(Double - SqFt/Unit)":6000,"Current_Area":48916.051752535568,"Lot_Width":104.24815109372139,"Lot_Depth":574.31512433290482,"Shape_Length":1357.1265508532524,"Shape_Area":59871.289856866046,"Split_Area_Floor":12000,"Split_Width_Floor":100}},{"type":"Feature","id":11080,"geometry":{"type":"Polygon","coordinates":[[[-106.42583745930381,31.909932746424573],[-106.42611103584443,31.910085544476164],[-106.42634182073175,31.909649018673313],[-106.42583745930381,31.909932746424573]]]},"properties":{"OBJECTID":11080,"PIDN":"S81699904705500","CITY_OWNED":" ","STATE_CD":"A1","LAND_ACRES":0.36430000000000001,"YR_BLT":"1960","City_Taxes":" ","District_Key(String)":"R-3","Min_Lot_Area(Double - SqFt)":6000,"Min_Lot_Width(Double - Feet)":60,"Min_Lot_Depth":90,"Front_Setback(Double - Feet)":20,"Rear_Setback(Double - Feet)":20,"Side_Setback(Double - Feet)":5,"Max_Density_Factor(Double - SqFt/Unit)":6000,"Current_Area":13152.493946425067,"Lot_Width":154.64864084124565,"Lot_Depth":161.96129025518894,"Shape_Length":633.21986219286919,"Shape_Area":25047.093406859454,"Split_Area_Floor":12000,"Split_Width_Floor":120}},{"type":"Feature","id":11081,"geometry":{"type":"Polygon","coordinates":[[[-106.42562026929164,31.910268581931565],[-106.42611103584443,31.910085544476164],[-106.42583745930381,31.909932746424573],[-106.42562026929164,31.910268581931565]]]},"properties":{"OBJECTID":11081,"PIDN":"S81699904705300","CITY_OWNED":" ","STATE_CD":"A1","LAND_ACRES":0.33989999999999998,"YR_BLT":"1960","City_Taxes":" ","District_Key(String)":"R-3","Min_Lot_Area(Double - SqFt)":6000,"Min_Lot_Width(Double - Feet)":60,"Min_Lot_Depth":90,"Front_Setback(Double - Feet)":20,"Rear_Setback(Double - Feet)":20,"Side_Setback(Double - Feet)":5,"Max_Density_Factor(Double - SqFt/Unit)":6000,"Current_Area":14732.964812574519,"Lot_Width":155.71163083612919,"Lot_Depth":159.68931317329407,"Shape_Length":630.80188801884651,"Shape_Area":24865.483381314989,"Split_Area_Floor":12000,"Split_Width_Floor":120}},{"type":"Feature","id":11082,"geometry":{"type":"Polygon","coordinates":[[[-106.39648277070332,31.912729222494463],[-106.396941991662,31.912773272676016],[-106.39665399450269,31.912511320134762],[-106.39648277070332,31.912729222494463]]]},"properties":{"OBJECTID":11082,"PIDN":"R70699900203900","CITY_OWNED":" ","STATE_CD":"A1","LAND_ACRES":0.2306,"YR_BLT":"2012","City_Taxes":" ","District_Key(String)":"R-5","Min_Lot_Area(Double - SqFt)":4500,"Min_Lot_Width(Double - Feet)":45,"Min_Lot_Depth":90,"Front_Setback(Double - Feet)":10,"Rear_Setback(Double - Feet)":10,"Side_Setback(Double - Feet)":5,"Max_Density_Factor(Double - SqFt/Unit)":4500,"Current_Area":9996.1403626470401,"Lot_Width":126.75040265917778,"Lot_Depth":141.41703999042511,"Shape_Length":536.33488529920578,"Shape_Area":17924.66676165543,"Split_Area_Floor":9000,"Split_Width_Floor":90}},{"type":"Feature","id":11083,"geometry":{"type":"Polygon","coordinates":[[[-106.40796776212252,31.912470614872028],[-106.40825552310727,31.91246628253673],[-106.4082736861146,31.912064940066998],[-106.40796776212252,31.912470614872028]]]},"properties":{"OBJECTID":11083,"PIDN":"S81699900901300","CITY_OWNED":" ","STATE_CD":"A1","LAND_ACRES":0.31940000000000002,"YR_BLT":"1958","City_Taxes":" ","District_Key(String)":"R-4","Min_Lot_Area(Double - SqFt)":6000,"Min_Lot_Width(Double - Feet)":50,"Min_Lot_Depth":90,"Front_Setback(Double - Feet)":10,"Rear_Setback(Double - Feet)":10,"Side_Setback(Double - Feet)":5,"Max_Density_Factor(Double - SqFt/Unit)":6000,"Current_Area":13738.624323996304,"Lot_Width":127.95381233096123,"Lot_Depth":150.48263867199421,"Shape_Length":556.87290200591087,"Shape_Area":19254.827307704196,"Split_Area_Floor":12000,"Split_Width_Floor":100}},{"type":"Feature","id":11084,"geometry":{"type":"Polygon","coordinates":[[[-106.42364691749913,31.911811642340755],[-106.42390747188162,31.911959019575121],[-106.42340528781331,31.91148915757346],[-106.42364691749913,31.911811642340755]]]},"properties":{"OBJECTID":11084,"PIDN":"S81699904602600","CITY_OWNED":" ","STATE_CD":"A1","LAND_ACRES":0.25640000000000002,"YR_BLT":"1961","City_Taxes":" ","District_Key(String)":"R-4","Min_Lot_Area(Double - SqFt)":6000,"Min_Lot_Width(Double - Feet)":50,"Min_Lot_Depth":90,"Front_Setback(Double - Feet)":10,"Rear_Setback(Double - Feet)":10,"Side_Setback(Double - Feet)":5,"Max_Density_Factor(Double - SqFt/Unit)":6000,"Current_Area":13426.508857270015,"Lot_Width":179.2066625803709,"Lot_Depth":179.72831508517265,"Shape_Length":717.86995533108711,"Shape_Area":32208.511517607123,"Split_Area_Floor":12000,"Split_Width_Floor":100}},{"type":"Feature","id":11085,"geometry":{"type":"Polygon","coordinates":[[[-106.40806495817382,31.912842726595549],[-106.40825552310727,31.91246628253673],[-106.40788635694851,31.912572494006632],[-106.40806495817382,31.912842726595549]]]},"properties":{"OBJECTID":11085,"PIDN":"S81699900900900","CITY_OWNED":" ","STATE_CD":"A1","LAND_ACRES":0.31940000000000002,"YR_BLT":"1958","City_Taxes":" ","District_Key(String)":"R-4","Min_Lot_Area(Double - SqFt)":6000,"Min_Lot_Width(Double - Feet)":50,"Min_Lot_Depth":90,"Front_Setback(Double - Feet)":10,"Rear_Setback(Double - Feet)":10,"Side_Setback(Double - Feet)":5,"Max_Density_Factor(Double - SqFt/Unit)":6000,"Current_Area":12329.273260087384,"Lot_Width":116.49517384171486,"Lot_Depth":139.40949808061123,"Shape_Length":511.80934384465218,"Shape_Area":16240.53371408702,"Split_Area_Floor":12000,"Split_Width_Floor":100}},{"type":"Feature","id":11086,"geometry":{"type":"Polygon","coordinates":[[[-106.42358744037605,31.91219626974868],[-106.42390676843473,31.912188212575767],[-106.42364691749913,31.911811642340755],[-106.42358744037605,31.91219626974868]]]},"properties":{"OBJECTID":11086,"PIDN":"S81699904604100","CITY_OWNED":" ","STATE_CD":"A1","LAND_ACRES":0.22320000000000001,"YR_BLT":"1961","City_Taxes":" ","District_Key(String)":"R-4","Min_Lot_Area(Double - SqFt)":6000,"Min_Lot_Width(Double - Feet)":50,"Min_Lot_Depth":90,"Front_Setback(Double - Feet)":10,"Rear_Setback(Double - Feet)":10,"Side_Setback(Double - Feet)":5,"Max_Density_Factor(Double - SqFt/Unit)":6000,"Current_Area":12405.516048420819,"Lot_Width":130.22841407358646,"Lot_Depth":141.20312966406345,"Shape_Length":542.86308747529984,"Shape_Area":18388.659638377976,"Split_Area_Floor":12000,"Split_Width_Floor":100}},{"type":"Feature","id":11087,"geometry":{"type":"Polygon","coordinates":[[[-106.39650131626051,31.913485956606635],[-106.39650970383339,31.913828184364963],[-106.39690259897708,31.91351054865072],[-106.39650131626051,31.913485956606635]]]},"properties":{"OBJECTID":11087,"PIDN":"R70699900204500","CITY_OWNED":" ","STATE_CD":"A1","LAND_ACRES":0.21510000000000001,"YR_BLT":"2012","City_Taxes":" ","District_Key(String)":"R-5","Min_Lot_Area(Double - SqFt)":4500,"Min_Lot_Width(Double - Feet)":45,"Min_Lot_Depth":90,"Front_Setback(Double - Feet)":10,"Rear_Setback(Double - Feet)":10,"Side_Setback(Double - Feet)":5,"Max_Density_Factor(Double - SqFt/Unit)":4500,"Current_Area":9323.5289063160399,"Lot_Width":128.03320850431919,"Lot_Depth":136.02105341851711,"Shape_Length":528.10852384567261,"Shape_Area":17415.211893310141,"Split_Area_Floor":9000,"Split_Width_Floor":90}},{"type":"Feature","id":11088,"geometry":{"type":"Polygon","coordinates":[[[-106.42307214150811,31.912594816622924],[-106.42368628368418,31.912585313420767],[-106.42330571206858,31.912272443948979],[-106.42307214150811,31.912594816622924]]]},"properties":{"OBJECTID":11088,"PIDN":"S81699904605100","CITY_OWNED":" ","STATE_CD":"A1","LAND_ACRES":0.28039999999999998,"YR_BLT":"1961","City_Taxes":" ","District_Key(String)":"R-4","Min_Lot_Area(Double - SqFt)":6000,"Min_Lot_Width(Double - Feet)":50,"Min_Lot_Depth":90,"Front_Setback(Double - Feet)":10,"Rear_Setback(Double - Feet)":10,"Side_Setback(Double - Feet)":5,"Max_Density_Factor(Double - SqFt/Unit)":6000,"Current_Area":13203.064667711016,"Lot_Width":120.11327683925629,"Lot_Depth":190.47960591316223,"Shape_Length":621.18576550483704,"Shape_Area":22879.129637280093,"Split_Area_Floor":12000,"Split_Width_Floor":100}},{"type":"Feature","id":11089,"geometry":{"type":"Polygon","coordinates":[[[-106.42368628368418,31.912585313420767],[-106.42390676843473,31.912188212575767],[-106.42349443259225,31.912306666038997],[-106.42368628368418,31.912585313420767]]]},"properties":{"OBJECTID":11089,"PIDN":"S81699904604600","CITY_OWNED":" ","STATE_CD":"A1","LAND_ACRES":0.39100000000000001,"YR_BLT":"1961","City_Taxes":" ","District_Key(String)":"R-4","Min_Lot_Area(Double - SqFt)":6000,"Min_Lot_Width(Double - Feet)":50,"Min_Lot_Depth":90,"Front_Setback(Double - Feet)":10,"Rear_Setback(Double - Feet)":10,"Side_Setback(Double - Feet)":5,"Max_Density_Factor(Double - SqFt/Unit)":6000,"Current_Area":14583.58026463735,"Lot_Width":130.11981850862503,"Lot_Depth":145.00003807246685,"Shape_Length":550.23971316218376,"Shape_Area":18867.378637733105,"Split_Area_Floor":12000,"Split_Width_Floor":100}},{"type":"Feature","id":11090,"geometry":{"type":"Polygon","coordinates":[[[-106.39651031972413,31.913853324247537],[-106.39696961260069,31.913852827030254],[-106.39702257487266,31.91356419009507],[-106.39651031972413,31.913853324247537]]]},"properties":{"OBJECTID":11090,"PIDN":"R70699900204600","CITY_OWNED":" ","STATE_CD":"A1","LAND_ACRES":0.26369999999999999,"YR_BLT":"2012","City_Taxes":" ","District_Key(String)":"R-5","Min_Lot_Area(Double - SqFt)":4500,"Min_Lot_Width(Double - Feet)":45,"Min_Lot_Depth":90,"Front_Setback(Double - Feet)":10,"Rear_Setback(Double - Feet)":10,"Side_Setback(Double - Feet)":5,"Max_Density_Factor(Double - SqFt/Unit)":4500,"Current_Area":11432.988884345494,"Lot_Width":125.46858108043671,"Lot_Depth":164.45177084207535,"Shape_Length":579.84070384502411,"Shape_Area":20633.530343720329,"Split_Area_Floor":9000,"Split_Width_Floor":90}},{"type":"Feature","id":11091,"geometry":{"type":"Polygon","coordinates":[[[-106.39732296811998,31.913852444099906],[-106.39749029594411,31.913612916016792],[-106.39717552638378,31.913485888400061],[-106.39732296811998,31.913852444099906]]]},"properties":{"OBJECTID":11091,"PIDN":"R70699900204800","CITY_OWNED":" ","STATE_CD":"A1","LAND_ACRES":0.21929999999999999,"YR_BLT":"2012","City_Taxes":" ","District_Key(String)":"R-5","Min_Lot_Area(Double - SqFt)":4500,"Min_Lot_Width(Double - Feet)":45,"Min_Lot_Depth":90,"Front_Setback(Double - Feet)":10,"Rear_Setback(Double - Feet)":10,"Side_Setback(Double - Feet)":5,"Max_Density_Factor(Double - SqFt/Unit)":4500,"Current_Area":9498.0024445115487,"Lot_Width":115.99123783409595,"Lot_Depth":138.41606174409389,"Shape_Length":508.8145991563797,"Shape_Area":16055.050337818106,"Split_Area_Floor":9000,"Split_Width_Floor":90}},{"type":"Feature","id":11092,"geometry":{"type":"Polygon","coordinates":[[[-106.43136958117825,31.91244605355454],[-106.43157673751628,31.912238317328718],[-106.43097280186832,31.912183420363014],[-106.43136958117825,31.91244605355454]]]},"properties":{"OBJECTID":11092,"PIDN":"A70099900401300","CITY_OWNED":" ","STATE_CD":"A1","LAND_ACRES":0.2888,"YR_BLT":"1972","City_Taxes":" ","District_Key(String)":"R-3","Min_Lot_Area(Double - SqFt)":6000,"Min_Lot_Width(Double - Feet)":60,"Min_Lot_Depth":90,"Front_Setback(Double - Feet)":20,"Rear_Setback(Double - Feet)":20,"Side_Setback(Double - Feet)":5,"Max_Density_Factor(Double - SqFt/Unit)":6000,"Current_Area":12549.057169848882,"Lot_Width":120.63755398988724,"Lot_Depth":186.03374867141247,"Shape_Length":613.34260532259941,"Shape_Area":22442.656399288633,"Split_Area_Floor":12000,"Split_Width_Floor":120}},{"type":"Feature","id":11093,"geometry":{"type":"Polygon","coordinates":[[[-106.42778868419225,31.912544420084771],[-106.42814831668645,31.912598476550844],[-106.42823108567613,31.912231475986022],[-106.42778868419225,31.912544420084771]]]},"properties":{"OBJECTID":11093,"PIDN":"S81699905707900","CITY_OWNED":" ","STATE_CD":"A1","LAND_ACRES":0.3206,"YR_BLT":"1961","City_Taxes":" ","District_Key(String)":"R-3","Min_Lot_Area(Double - SqFt)":6000,"Min_Lot_Width(Double - Feet)":60,"Min_Lot_Depth":90,"Front_Setback(Double - Feet)":20,"Rear_Setback(Double - Feet)":20,"Side_Setback(Double - Feet)":5,"Max_Density_Factor(Double - SqFt/Unit)":6000,"Current_Area":13463.248427426593,"Lot_Width":143.31139317154884,"Lot_Depth":160.2559130936861,"Shape_Length":607.13461253046989,"Shape_Area":22966.49816943481,"Split_Area_Floor":12000,"Split_Width_Floor":120}},{"type":"Feature","id":11094,"geometry":{"type":"Polygon","coordinates":[[[-106.42391509998124,31.918426701771143],[-106.42430561409294,31.918111029367395],[-106.42392353862941,31.918099601071834],[-106.42391509998124,31.918426701771143]]]},"properties":{"OBJECTID":11094,"PIDN":"A64299900205050","CITY_OWNED":" ","STATE_CD":"A1","LAND_ACRES":0.3125,"YR_BLT":"1977","City_Taxes":"4669.38","District_Key(String)":"R-3","Min_Lot_Area(Double - SqFt)":6000,"Min_Lot_Width(Double - Feet)":60,"Min_Lot_Depth":90,"Front_Setback(Double - Feet)":20,"Rear_Setback(Double - Feet)":20,"Side_Setback(Double - Feet)":5,"Max_Density_Factor(Double - SqFt/Unit)":6000,"Current_Area":12550.954621097691,"Lot_Width":120.10737133026123,"Lot_Depth":127.27730450034142,"Shape_Length":494.76935166120529,"Shape_Area":15286.942473537236,"Split_Area_Floor":12000,"Split_Width_Floor":120}},{"type":"Feature","id":11095,"geometry":{"type":"Polygon","coordinates":[[[-106.42449442357554,31.925415115146713],[-106.42492771030827,31.925542790952033],[-106.42476567661284,31.925243640496895],[-106.42449442357554,31.925415115146713]]]},"properties":{"OBJECTID":11095,"PIDN":"P86399903003000","CITY_OWNED":" ","STATE_CD":"A1","LAND_ACRES":0.2407,"YR_BLT":"2001","City_Taxes":"8722.19","District_Key(String)":"R-3A","Min_Lot_Area(Double - SqFt)":5000,"Min_Lot_Width(Double - Feet)":50,"Min_Lot_Depth":90,"Front_Setback(Double - Feet)":15,"Rear_Setback(Double - Feet)":15,"Side_Setback(Double - Feet)":5,"Max_Density_Factor(Double - SqFt/Unit)":5000,"Current_Area":10636.559833066147,"Lot_Width":131.6923219114542,"Lot_Depth":135.97971491515636,"Shape_Length":535.34407365322113,"Shape_Area":17907.48439003454,"Split_Area_Floor":10000,"Split_Width_Floor":100}},{"type":"Feature","id":11096,"geometry":{"type":"Polygon","coordinates":[[[-106.41451148830983,31.914872080671195],[-106.41469508388143,31.914685073834377],[-106.41437153166569,31.914503269182205],[-106.41451148830983,31.914872080671195]]]},"properties":{"OBJECTID":11096,"PIDN":"S81699910803700","CITY_OWNED":" ","STATE_CD":"A1","LAND_ACRES":0.31219999999999998,"YR_BLT":"1970","City_Taxes":" ","District_Key(String)":"R-3","Min_Lot_Area(Double - SqFt)":6000,"Min_Lot_Width(Double - Feet)":60,"Min_Lot_Depth":90,"Front_Setback(Double - Feet)":20,"Rear_Setback(Double - Feet)":20,"Side_Setback(Double - Feet)":5,"Max_Density_Factor(Double - SqFt/Unit)":6000,"Current_Area":13287.21341517755,"Lot_Width":134.52171257138252,"Lot_Depth":144.10174591839314,"Shape_Length":557.24691697955132,"Shape_Area":19384.813645468475,"Split_Area_Floor":12000,"Split_Width_Floor":120}},{"type":"Feature","id":11097,"geometry":{"type":"Polygon","coordinates":[[[-106.43863561445998,31.913730542167965],[-106.43905794026986,31.913669684005679],[-106.43905235615431,31.913454818622416],[-106.43863561445998,31.913730542167965]]]},"properties":{"OBJECTID":11097,"PIDN":"A64299901402300","CITY_OWNED":" ","STATE_CD":"A1","LAND_ACRES":0.32379999999999998,"YR_BLT":"1974","City_Taxes":" ","District_Key(String)":"R-3","Min_Lot_Area(Double - SqFt)":6000,"Min_Lot_Width(Double - Feet)":60,"Min_Lot_Depth":90,"Front_Setback(Double - Feet)":20,"Rear_Setback(Double - Feet)":20,"Side_Setback(Double - Feet)":5,"Max_Density_Factor(Double - SqFt/Unit)":6000,"Current_Area":12708.430138952768,"Lot_Width":128.41903449594975,"Lot_Depth":142.66572515666485,"Shape_Length":542.16951930522919,"Shape_Area":18320.994680283427,"Split_Area_Floor":12000,"Split_Width_Floor":120}},{"type":"Feature","id":11098,"geometry":{"type":"Polygon","coordinates":[[[-106.43955832592167,31.913700581226507],[-106.43999067978784,31.91343573238807],[-106.43960591066794,31.913444372440221],[-106.43955832592167,31.913700581226507]]]},"properties":{"OBJECTID":11098,"PIDN":"A64299901403300","CITY_OWNED":" ","STATE_CD":"A1","LAND_ACRES":0.30620000000000003,"YR_BLT":"1974","City_Taxes":" ","District_Key(String)":"R-3","Min_Lot_Area(Double - SqFt)":6000,"Min_Lot_Width(Double - Feet)":60,"Min_Lot_Depth":90,"Front_Setback(Double - Feet)":20,"Rear_Setback(Double - Feet)":20,"Side_Setback(Double - Feet)":5,"Max_Density_Factor(Double - SqFt/Unit)":6000,"Current_Area":12741.612040306449,"Lot_Width":124.25795358419418,"Lot_Depth":139.2477530092001,"Shape_Length":527.01141318678856,"Shape_Area":17302.640830120523,"Split_Area_Floor":12000,"Split_Width_Floor":120}},{"type":"Feature","id":11099,"geometry":{"type":"Polygon","coordinates":[[[-106.43322353936979,31.914338908431393],[-106.43332068413196,31.91400085721186],[-106.43296776590529,31.914154787799063],[-106.43322353936979,31.914338908431393]]]},"properties":{"OBJECTID":11099,"PIDN":"A64299903602500","CITY_OWNED":" ","STATE_CD":"A1","LAND_ACRES":0.3034,"YR_BLT":"1978","City_Taxes":" ","District_Key(String)":"R-3","Min_Lot_Area(Double - SqFt)":6000,"Min_Lot_Width(Double - Feet)":60,"Min_Lot_Depth":90,"Front_Setback(Double - Feet)":20,"Rear_Setback(Double - Feet)":20,"Side_Setback(Double - Feet)":5,"Max_Density_Factor(Double - SqFt/Unit)":6000,"Current_Area":12968.033374724917,"Lot_Width":122.32423041760921,"Lot_Depth":144.65292592346668,"Shape_Length":533.95431268215179,"Shape_Area":17694.557841243495,"Split_Area_Floor":12000,"Split_Width_Floor":120}},{"type":"Feature","id":11100,"geometry":{"type":"Polygon","coordinates":[[[-106.43372587206137,31.914327629646799],[-106.4340969410151,31.913966877944507],[-106.4337246093545,31.913951963724251],[-106.43372587206137,31.914327629646799]]]},"properties":{"OBJECTID":11100,"PIDN":"A64299903602900","CITY_OWNED":" ","STATE_CD":"A1","LAND_ACRES":0.1875,"YR_BLT":"1978","City_Taxes":" ","District_Key(String)":"R-3","Min_Lot_Area(Double - SqFt)":6000,"Min_Lot_Width(Double - Feet)":60,"Min_Lot_Depth":90,"Front_Setback(Double - Feet)":20,"Rear_Setback(Double - Feet)":20,"Side_Setback(Double - Feet)":5,"Max_Density_Factor(Double - SqFt/Unit)":6000,"Current_Area":12091.277451800293,"Lot_Width":122.64148698747158,"Lot_Depth":137.93541966378689,"Shape_Length":521.15381330251694,"Shape_Area":16916.60497580775,"Split_Area_Floor":12000,"Split_Width_Floor":120}},{"type":"Feature","id":11101,"geometry":{"type":"Polygon","coordinates":[[[-106.37913973110838,31.916868718057959],[-106.37942410450866,31.917061416145746],[-106.37945742457124,31.916746671977137],[-106.37913973110838,31.916868718057959]]]},"properties":{"OBJECTID":11101,"PIDN":"S78299900100150","CITY_OWNED":" ","STATE_CD":"A1","LAND_ACRES":0.219,"YR_BLT":"2008","City_Taxes":" ","District_Key(String)":"R-5","Min_Lot_Area(Double - SqFt)":4500,"Min_Lot_Width(Double - Feet)":45,"Min_Lot_Depth":90,"Front_Setback(Double - Feet)":10,"Rear_Setback(Double - Feet)":10,"Side_Setback(Double - Feet)":5,"Max_Density_Factor(Double - SqFt/Unit)":4500,"Current_Area":9979.9181775979123,"Lot_Width":100.84625500440598,"Lot_Depth":157.3920736759901,"Shape_Length":516.47665736079216,"Shape_Area":15872.401197601152,"Split_Area_Floor":9000,"Split_Width_Floor":90}},{"type":"Feature","id":11102,"geometry":{"type":"Polygon","coordinates":[[[-106.37942410450866,31.917061416145746],[-106.37983498577901,31.916907410939796],[-106.37945742457124,31.916746671977137],[-106.37942410450866,31.917061416145746]]]},"properties":{"OBJECTID":11102,"PIDN":"S78299900100160","CITY_OWNED":" ","STATE_CD":"A1","LAND_ACRES":0.20200000000000001,"YR_BLT":"2008","City_Taxes":" ","District_Key(String)":"R-5","Min_Lot_Area(Double - SqFt)":4500,"Min_Lot_Width(Double - Feet)":45,"Min_Lot_Depth":90,"Front_Setback(Double - Feet)":10,"Rear_Setback(Double - Feet)":10,"Side_Setback(Double - Feet)":5,"Max_Density_Factor(Double - SqFt/Unit)":4500,"Current_Area":9102.5615420793529,"Lot_Width":130.35111723840237,"Lot_Depth":134.72085916996002,"Shape_Length":530.14395281672478,"Shape_Area":17561.014508121752,"Split_Area_Floor":9000,"Split_Width_Floor":90}},{"type":"Feature","id":11103,"geometry":{"type":"Polygon","coordinates":[[[-106.40469682814695,31.915738589821739],[-106.40510254449663,31.91601488610489],[-106.40507865891701,31.915733677422338],[-106.40469682814695,31.915738589821739]]]},"properties":{"OBJECTID":11103,"PIDN":"S81699913101300","CITY_OWNED":" ","STATE_CD":"A1","LAND_ACRES":0.21379999999999999,"YR_BLT":"1961","City_Taxes":" ","District_Key(String)":"A-O","Min_Lot_Area(Double - SqFt)":4000,"Min_Lot_Width(Double - Feet)":40,"Min_Lot_Depth":90,"Front_Setback(Double - Feet)":10,"Rear_Setback(Double - Feet)":10,"Side_Setback(Double - Feet)":5,"Max_Density_Factor(Double - SqFt/Unit)":4000,"Current_Area":9001.0324341749601,"Lot_Width":110.66710150241852,"Lot_Depth":120.22351284325123,"Shape_Length":461.78122869133949,"Shape_Area":13304.7876988014,"Split_Area_Floor":8000,"Split_Width_Floor":80}},{"type":"Feature","id":11104,"geometry":{"type":"Polygon","coordinates":[[[-106.37957115844513,31.917207411030663],[-106.38006142689385,31.917003812733803],[-106.37983498577901,31.916907410939796],[-106.37957115844513,31.917207411030663]]]},"properties":{"OBJECTID":11104,"PIDN":"S78299900100170","CITY_OWNED":" ","STATE_CD":"A1","LAND_ACRES":0.253,"YR_BLT":"2008","City_Taxes":" ","District_Key(String)":"R-5","Min_Lot_Area(Double - SqFt)":4500,"Min_Lot_Width(Double - Feet)":45,"Min_Lot_Depth":90,"Front_Setback(Double - Feet)":10,"Rear_Setback(Double - Feet)":10,"Side_Setback(Double - Feet)":5,"Max_Density_Factor(Double - SqFt/Unit)":4500,"Current_Area":11476.77826952742,"Lot_Width":111.6720207631588,"Lot_Depth":164.53018274903297,"Shape_Length":552.40440702438354,"Shape_Area":18373.41798411632,"Split_Area_Floor":9000,"Split_Width_Floor":90}},{"type":"Feature","id":11105,"geometry":{"type":"Polygon","coordinates":[[[-106.43298434528052,31.914713134912358],[-106.43340673713531,31.914608491610519],[-106.43322353936979,31.914338908431393],[-106.43298434528052,31.914713134912358]]]},"properties":{"OBJECTID":11105,"PIDN":"A64299903603300","CITY_OWNED":" ","STATE_CD":"A1","LAND_ACRES":0.33779999999999999,"YR_BLT":"1978","City_Taxes":" ","District_Key(String)":"R-3","Min_Lot_Area(Double - SqFt)":6000,"Min_Lot_Width(Double - Feet)":60,"Min_Lot_Depth":90,"Front_Setback(Double - Feet)":20,"Rear_Setback(Double - Feet)":20,"Side_Setback(Double - Feet)":5,"Max_Density_Factor(Double - SqFt/Unit)":6000,"Current_Area":14667.630642887816,"Lot_Width":132.96003590524197,"Lot_Depth":142.95575082302094,"Shape_Length":551.8315734565258,"Shape_Area":19007.401762289686,"Split_Area_Floor":12000,"Split_Width_Floor":120}},{"type":"Feature","id":11106,"geometry":{"type":"Polygon","coordinates":[[[-106.37975807570089,31.917413299344854],[-106.38006335501983,31.917597008632224],[-106.38012743962423,31.917289361443739],[-106.37975807570089,31.917413299344854]]]},"properties":{"OBJECTID":11106,"PIDN":"S78299900100240","CITY_OWNED":" ","STATE_CD":"A1","LAND_ACRES":0.218,"YR_BLT":"2008","City_Taxes":" ","District_Key(String)":"R-5","Min_Lot_Area(Double - SqFt)":4500,"Min_Lot_Width(Double - Feet)":45,"Min_Lot_Depth":90,"Front_Setback(Double - Feet)":10,"Rear_Setback(Double - Feet)":10,"Side_Setback(Double - Feet)":5,"Max_Density_Factor(Double - SqFt/Unit)":4500,"Current_Area":10514.47009942259,"Lot_Width":116.8928108215332,"Lot_Depth":150.79792673885822,"Shape_Length":535.38147512078285,"Shape_Area":17627.193522564779,"Split_Area_Floor":9000,"Split_Width_Floor":90}},{"type":"Feature","id":11107,"geometry":{"type":"Polygon","coordinates":[[[-106.4330545056192,31.915096350874418],[-106.43332365189039,31.914723834385715],[-106.43298434528052,31.914713134912358],[-106.4330545056192,31.915096350874418]]]},"properties":{"OBJECTID":11107,"PIDN":"A64299903603500","CITY_OWNED":" ","STATE_CD":"A1","LAND_ACRES":0.33800000000000002,"YR_BLT":"1978","City_Taxes":" ","District_Key(String)":"R-3","Min_Lot_Area(Double - SqFt)":6000,"Min_Lot_Width(Double - Feet)":60,"Min_Lot_Depth":90,"Front_Setback(Double - Feet)":20,"Rear_Setback(Double - Feet)":20,"Side_Setback(Double - Feet)":5,"Max_Density_Factor(Double - SqFt/Unit)":6000,"Current_Area":14460.263155124483,"Lot_Width":128.74843016266823,"Lot_Depth":164.43864749372005,"Shape_Length":586.37415531277657,"Shape_Area":21171.217722888836,"Split_Area_Floor":12000,"Split_Width_Floor":120}},{"type":"Feature","id":11108,"geometry":{"type":"Polygon","coordinates":[[[-106.38006335501983,31.917597008632224],[-106.38049277867604,31.917444893750393],[-106.38012743962423,31.917289361443739],[-106.38006335501983,31.917597008632224]]]},"properties":{"OBJECTID":11108,"PIDN":"S78299900100250","CITY_OWNED":" ","STATE_CD":"A1","LAND_ACRES":0.187,"YR_BLT":"2008","City_Taxes":" ","District_Key(String)":"R-5","Min_Lot_Area(Double - SqFt)":4500,"Min_Lot_Width(Double - Feet)":45,"Min_Lot_Depth":90,"Front_Setback(Double - Feet)":10,"Rear_Setback(Double - Feet)":10,"Side_Setback(Double - Feet)":5,"Max_Density_Factor(Double - SqFt/Unit)":4500,"Current_Area":9082.0231873998146,"Lot_Width":132.37932841479778,"Lot_Depth":136.05845491588116,"Shape_Length":536.87556666135788,"Shape_Area":18011.326886919389,"Split_Area_Floor":9000,"Split_Width_Floor":90}},{"type":"Feature","id":11109,"geometry":{"type":"Polygon","coordinates":[[[-106.43317084783969,31.915157087407206],[-106.43376747375194,31.915070917761931],[-106.43338669724626,31.914844549097428],[-106.43317084783969,31.915157087407206]]]},"properties":{"OBJECTID":11109,"PIDN":"A64299903603700","CITY_OWNED":" ","STATE_CD":"A1","LAND_ACRES":0.57779999999999998,"YR_BLT":"1978","City_Taxes":" ","District_Key(String)":"R-3","Min_Lot_Area(Double - SqFt)":6000,"Min_Lot_Width(Double - Feet)":60,"Min_Lot_Depth":90,"Front_Setback(Double - Feet)":20,"Rear_Setback(Double - Feet)":20,"Side_Setback(Double - Feet)":5,"Max_Density_Factor(Double - SqFt/Unit)":6000,"Current_Area":18853.21215467012,"Lot_Width":176.98586648702621,"Lot_Depth":186.57541424036026,"Shape_Length":727.12256145477295,"Shape_Area":33021.211354506013,"Split_Area_Floor":12000,"Split_Width_Floor":120}},{"type":"Feature","id":11110,"geometry":{"type":"Polygon","coordinates":[[[-106.40652727054963,31.916725018347883],[-106.40695896265846,31.916445273764769],[-106.4066380872322,31.916451778464197],[-106.40652727054963,31.916725018347883]]]},"properties":{"OBJECTID":11110,"PIDN":"S81699912003300","CITY_OWNED":" ","STATE_CD":"A1","LAND_ACRES":0.23330000000000001,"YR_BLT":"1961","City_Taxes":" ","District_Key(String)":"R-3","Min_Lot_Area(Double - SqFt)":6000,"Min_Lot_Width(Double - Feet)":60,"Min_Lot_Depth":90,"Front_Setback(Double - Feet)":20,"Rear_Setback(Double - Feet)":20,"Side_Setback(Double - Feet)":5,"Max_Density_Factor(Double - SqFt/Unit)":6000,"Current_Area":12169.603572371449,"Lot_Width":125.29010374844074,"Lot_Depth":160.14567708969116,"Shape_Length":570.87156167626381,"Shape_Area":20064.668497431696,"Split_Area_Floor":12000,"Split_Width_Floor":120}},{"type":"Feature","id":11111,"geometry":{"type":"Polygon","coordinates":[[[-106.43195943887818,31.915417726962744],[-106.43238059967385,31.915685838336021],[-106.43237444497382,31.915388392539892],[-106.43195943887818,31.915417726962744]]]},"properties":{"OBJECTID":11111,"PIDN":"A64299901101900","CITY_OWNED":" ","STATE_CD":"A1","LAND_ACRES":0.29320000000000002,"YR_BLT":"1977","City_Taxes":" ","District_Key(String)":"R-3","Min_Lot_Area(Double - SqFt)":6000,"Min_Lot_Width(Double - Feet)":60,"Min_Lot_Depth":90,"Front_Setback(Double - Feet)":20,"Rear_Setback(Double - Feet)":20,"Side_Setback(Double - Feet)":5,"Max_Density_Factor(Double - SqFt/Unit)":6000,"Current_Area":12280.8858733255,"Lot_Width":129.16903300583363,"Lot_Depth":135.31042492389679,"Shape_Length":528.95891585946083,"Shape_Area":17477.916743028196,"Split_Area_Floor":12000,"Split_Width_Floor":120}},{"type":"Feature","id":11112,"geometry":{"type":"Polygon","coordinates":[[[-106.41571355733498,31.916680905691177],[-106.41596758296018,31.916677006435709],[-106.41600459324286,31.916279708164335],[-106.41571355733498,31.916680905691177]]]},"properties":{"OBJECTID":11112,"PIDN":"T11699901905700","CITY_OWNED":" ","STATE_CD":"A1","LAND_ACRES":0.37559999999999999,"YR_BLT":"1971","City_Taxes":" ","District_Key(String)":"R-3","Min_Lot_Area(Double - SqFt)":6000,"Min_Lot_Width(Double - Feet)":60,"Min_Lot_Depth":90,"Front_Setback(Double - Feet)":20,"Rear_Setback(Double - Feet)":20,"Side_Setback(Double - Feet)":5,"Max_Density_Factor(Double - SqFt/Unit)":6000,"Current_Area":13733.293278582352,"Lot_Width":134.65458633005619,"Lot_Depth":143.69328217208385,"Shape_Length":556.69573700428009,"Shape_Area":19348.959469289988,"Split_Area_Floor":12000,"Split_Width_Floor":120}},{"type":"Feature","id":11113,"geometry":{"type":"Polygon","coordinates":[[[-106.43195926394135,31.915985009987871],[-106.43238790209352,31.915931064398475],[-106.43238059967385,31.915685838336021],[-106.43195926394135,31.915985009987871]]]},"properties":{"OBJECTID":11113,"PIDN":"A64299901102700","CITY_OWNED":" ","STATE_CD":"A1","LAND_ACRES":0.3619,"YR_BLT":"1977","City_Taxes":" ","District_Key(String)":"R-3","Min_Lot_Area(Double - SqFt)":6000,"Min_Lot_Width(Double - Feet)":60,"Min_Lot_Depth":90,"Front_Setback(Double - Feet)":20,"Rear_Setback(Double - Feet)":20,"Side_Setback(Double - Feet)":5,"Max_Density_Factor(Double - SqFt/Unit)":6000,"Current_Area":12201.800584492483,"Lot_Width":132.93444541096687,"Lot_Depth":136.5089133232832,"Shape_Length":538.88671746850014,"Shape_Area":18146.736686284399,"Split_Area_Floor":12000,"Split_Width_Floor":120}},{"type":"Feature","id":11114,"geometry":{"type":"Polygon","coordinates":[[[-106.41175882882156,31.917016307285817],[-106.41206836853063,31.916646043330736],[-106.41172709000197,31.916645856248298],[-106.41175882882156,31.917016307285817]]]},"properties":{"OBJECTID":11114,"PIDN":"S816999100A0100","CITY_OWNED":" ","STATE_CD":"A1","LAND_ACRES":0.3004,"YR_BLT":"1981","City_Taxes":" ","District_Key(String)":"R-3","Min_Lot_Area(Double - SqFt)":6000,"Min_Lot_Width(Double - Feet)":60,"Min_Lot_Depth":90,"Front_Setback(Double - Feet)":20,"Rear_Setback(Double - Feet)":20,"Side_Setback(Double - Feet)":5,"Max_Density_Factor(Double - SqFt/Unit)":6000,"Current_Area":13210.816244336114,"Lot_Width":137.65261183679104,"Lot_Depth":159.25722740590572,"Shape_Length":593.81967848539352,"Shape_Area":21922.173306308701,"Split_Area_Floor":12000,"Split_Width_Floor":120}},{"type":"Feature","id":11115,"geometry":{"type":"Polygon","coordinates":[[[-106.37917482667427,31.918324197763724],[-106.37948868047076,31.918540808142591],[-106.37947845730989,31.918274078030812],[-106.37917482667427,31.918324197763724]]]},"properties":{"OBJECTID":11115,"PIDN":"S78299900201500","CITY_OWNED":" ","STATE_CD":"A1","LAND_ACRES":0.182,"YR_BLT":"2010","City_Taxes":" ","District_Key(String)":"R-5","Min_Lot_Area(Double - SqFt)":4500,"Min_Lot_Width(Double - Feet)":45,"Min_Lot_Depth":90,"Front_Setback(Double - Feet)":10,"Rear_Setback(Double - Feet)":10,"Side_Setback(Double - Feet)":5,"Max_Density_Factor(Double - SqFt/Unit)":4500,"Current_Area":9014.2996251220393,"Lot_Width":95.066082835197449,"Lot_Depth":152.04169066250324,"Shape_Length":494.21554699540138,"Shape_Area":14454.007958925,"Split_Area_Floor":9000,"Split_Width_Floor":90}},{"type":"Feature","id":11116,"geometry":{"type":"Polygon","coordinates":[[[-106.37886807615763,31.919054775300811],[-106.37934197866139,31.918686132744895],[-106.37898315952309,31.918625659894165],[-106.37886807615763,31.919054775300811]]]},"properties":{"OBJECTID":11116,"PIDN":"S78299900201700","CITY_OWNED":" ","STATE_CD":"A1","LAND_ACRES":0.38600000000000001,"YR_BLT":"2009","City_Taxes":" ","District_Key(String)":"R-5","Min_Lot_Area(Double - SqFt)":4500,"Min_Lot_Width(Double - Feet)":45,"Min_Lot_Depth":90,"Front_Setback(Double - Feet)":10,"Rear_Setback(Double - Feet)":10,"Side_Setback(Double - Feet)":5,"Max_Density_Factor(Double - SqFt/Unit)":4500,"Current_Area":17182.635699414375,"Lot_Width":154.96327275037766,"Lot_Depth":195.15774616599083,"Shape_Length":700.24203783273697,"Shape_Area":30242.283048469406,"Split_Area_Floor":9000,"Split_Width_Floor":90}},{"type":"Feature","id":11117,"geometry":{"type":"Polygon","coordinates":[[[-106.37934674050493,31.919043898852266],[-106.37939085395107,31.918776900832007],[-106.37898682523789,31.919052077000824],[-106.37934674050493,31.919043898852266]]]},"properties":{"OBJECTID":11117,"PIDN":"S78299900201800","CITY_OWNED":" ","STATE_CD":"A1","LAND_ACRES":0.22600000000000001,"YR_BLT":"NULL","City_Taxes":" ","District_Key(String)":"R-5","Min_Lot_Area(Double - SqFt)":4500,"Min_Lot_Width(Double - Feet)":45,"Min_Lot_Depth":90,"Front_Setback(Double - Feet)":10,"Rear_Setback(Double - Feet)":10,"Side_Setback(Double - Feet)":5,"Max_Density_Factor(Double - SqFt/Unit)":4500,"Current_Area":9104.5880546782682,"Lot_Width":97.632678747177124,"Lot_Depth":163.4363529086113,"Shape_Length":522.13806331157684,"Shape_Area":15956.728939136714,"Split_Area_Floor":9000,"Split_Width_Floor":90}},{"type":"Feature","id":11118,"geometry":{"type":"Polygon","coordinates":[[[-106.4042192222236,31.918559771900284],[-106.40445174803375,31.918617000226057],[-106.40454242232298,31.918347885846501],[-106.4042192222236,31.918559771900284]]]},"properties":{"OBJECTID":11118,"PIDN":"S81699912204700","CITY_OWNED":" ","STATE_CD":"A1","LAND_ACRES":0.17219999999999999,"YR_BLT":"1966","City_Taxes":" ","District_Key(String)":"A-2","Min_Lot_Area(Double - SqFt)":3500,"Min_Lot_Width(Double - Feet)":35,"Min_Lot_Depth":90,"Front_Setback(Double - Feet)":10,"Rear_Setback(Double - Feet)":15,"Side_Setback(Double - Feet)":5,"Max_Density_Factor(Double - SqFt/Unit)":3500,"Current_Area":7556.1647541866496,"Lot_Width":104.34231099486351,"Lot_Depth":117.84950183331966,"Shape_Length":444.38362565636635,"Shape_Area":12296.689370881977,"Split_Area_Floor":7000,"Split_Width_Floor":70}},{"type":"Feature","id":11119,"geometry":{"type":"Polygon","coordinates":[[[-106.40461265113544,31.91863408431259],[-106.4047413166316,31.918368773858745],[-106.40454242232298,31.918347885846501],[-106.40461265113544,31.91863408431259]]]},"properties":{"OBJECTID":11119,"PIDN":"S81699912204900","CITY_OWNED":" ","STATE_CD":"A1","LAND_ACRES":0.1653,"YR_BLT":"1966","City_Taxes":" ","District_Key(String)":"A-2","Min_Lot_Area(Double - SqFt)":3500,"Min_Lot_Width(Double - Feet)":35,"Min_Lot_Depth":90,"Front_Setback(Double - Feet)":10,"Rear_Setback(Double - Feet)":15,"Side_Setback(Double - Feet)":5,"Max_Density_Factor(Double - SqFt/Unit)":3500,"Current_Area":7419.7217964321489,"Lot_Width":94.64351150393486,"Lot_Depth":111.09393791854382,"Shape_Length":411.47489884495735,"Shape_Area":10514.320391411127,"Split_Area_Floor":7000,"Split_Width_Floor":70}},{"type":"Feature","id":11120,"geometry":{"type":"Polygon","coordinates":[[[-106.4057023892106,31.918374413996613],[-106.40614236853342,31.918600831658726],[-106.40613924775489,31.918392612400272],[-106.4057023892106,31.918374413996613]]]},"properties":{"OBJECTID":11120,"PIDN":"S81699912206100","CITY_OWNED":" ","STATE_CD":"A1","LAND_ACRES":0.23669999999999999,"YR_BLT":"1968","City_Taxes":" ","District_Key(String)":"A-2","Min_Lot_Area(Double - SqFt)":3500,"Min_Lot_Width(Double - Feet)":35,"Min_Lot_Depth":90,"Front_Setback(Double - Feet)":10,"Rear_Setback(Double - Feet)":15,"Side_Setback(Double - Feet)":5,"Max_Density_Factor(Double - SqFt/Unit)":3500,"Current_Area":10431.753638023965,"Lot_Width":129.04042433202267,"Lot_Depth":134.99119983613491,"Shape_Length":528.06324833631516,"Shape_Area":17419.321707943716,"Split_Area_Floor":7000,"Split_Width_Floor":70}},{"type":"Feature","id":11121,"geometry":{"type":"Polygon","coordinates":[[[-106.4055671657662,31.918636756259602],[-106.40595909406915,31.918617276390329],[-106.40554314480862,31.918379913564998],[-106.4055671657662,31.918636756259602]]]},"properties":{"OBJECTID":11121,"PIDN":"S81699912205900","CITY_OWNED":" ","STATE_CD":"A1","LAND_ACRES":0.17760000000000001,"YR_BLT":"1968","City_Taxes":" ","District_Key(String)":"A-2","Min_Lot_Area(Double - SqFt)":3500,"Min_Lot_Width(Double - Feet)":35,"Min_Lot_Depth":90,"Front_Setback(Double - Feet)":10,"Rear_Setback(Double - Feet)":15,"Side_Setback(Double - Feet)":5,"Max_Density_Factor(Double - SqFt/Unit)":3500,"Current_Area":7981.4169255054321,"Lot_Width":95.821986839175224,"Lot_Depth":124.16248133778572,"Shape_Length":439.96893635392189,"Shape_Area":11897.495652668642,"Split_Area_Floor":7000,"Split_Width_Floor":70}},{"type":"Feature","id":11122,"geometry":{"type":"Polygon","coordinates":[[[-106.4320122328365,31.916966445520725],[-106.43242312136938,31.917459593862258],[-106.43240970727528,31.916986567358357],[-106.4320122328365,31.916966445520725]]]},"properties":{"OBJECTID":11122,"PIDN":"A64299901103900","CITY_OWNED":" ","STATE_CD":"A1","LAND_ACRES":0.32769999999999999,"YR_BLT":"1977","City_Taxes":" ","District_Key(String)":"R-3","Min_Lot_Area(Double - SqFt)":6000,"Min_Lot_Width(Double - Feet)":60,"Min_Lot_Depth":90,"Front_Setback(Double - Feet)":20,"Rear_Setback(Double - Feet)":20,"Side_Setback(Double - Feet)":5,"Max_Density_Factor(Double - SqFt/Unit)":6000,"Current_Area":13136.928709526546,"Lot_Width":122.74909834563732,"Lot_Depth":227.36503084003925,"Shape_Length":700.22825837135315,"Shape_Area":27908.852530942841,"Split_Area_Floor":12000,"Split_Width_Floor":120}},{"type":"Feature","id":11123,"geometry":{"type":"Polygon","coordinates":[[[-106.40417400557111,31.918857382658008],[-106.40445174803375,31.918617000226057],[-106.4042192222236,31.918559771900284],[-106.40417400557111,31.918857382658008]]]},"properties":{"OBJECTID":11123,"PIDN":"S81699912204500","CITY_OWNED":" ","STATE_CD":"A1","LAND_ACRES":0.17219999999999999,"YR_BLT":"1970","City_Taxes":" ","District_Key(String)":"A-2","Min_Lot_Area(Double - SqFt)":3500,"Min_Lot_Width(Double - Feet)":35,"Min_Lot_Depth":90,"Front_Setback(Double - Feet)":10,"Rear_Setback(Double - Feet)":15,"Side_Setback(Double - Feet)":5,"Max_Density_Factor(Double - SqFt/Unit)":3500,"Current_Area":8142.0820720450629,"Lot_Width":104.59854407608509,"Lot_Depth":122.77206416428089,"Shape_Length":454.74121648073196,"Shape_Area":12841.779164799482,"Split_Area_Floor":7000,"Split_Width_Floor":70}},{"type":"Feature","id":11124,"geometry":{"type":"Polygon","coordinates":[[[-106.40618640451736,31.918900412351931],[-106.4064682339088,31.918592666222548],[-106.40614236853342,31.918600831658726],[-106.40618640451736,31.918900412351931]]]},"properties":{"OBJECTID":11124,"PIDN":"S81699912202500","CITY_OWNED":" ","STATE_CD":"A1","LAND_ACRES":0.23710000000000001,"YR_BLT":"1970","City_Taxes":" ","District_Key(String)":"A-2","Min_Lot_Area(Double - SqFt)":3500,"Min_Lot_Width(Double - Feet)":35,"Min_Lot_Depth":90,"Front_Setback(Double - Feet)":10,"Rear_Setback(Double - Feet)":15,"Side_Setback(Double - Feet)":5,"Max_Density_Factor(Double - SqFt/Unit)":3500,"Current_Area":10448.717876737075,"Lot_Width":101.12512584030628,"Lot_Depth":112.78291091322899,"Shape_Length":427.81607350707054,"Shape_Area":11405.186058736334,"Split_Area_Floor":7000,"Split_Width_Floor":70}},{"type":"Feature","id":11125,"geometry":{"type":"Polygon","coordinates":[[[-106.37915699823854,31.920248158333216],[-106.37946790770044,31.920389327549458],[-106.37948476660166,31.9200891876899],[-106.37915699823854,31.920248158333216]]]},"properties":{"OBJECTID":11125,"PIDN":"S78299900300700","CITY_OWNED":" ","STATE_CD":"A1","LAND_ACRES":0.191,"YR_BLT":"2010","City_Taxes":" ","District_Key(String)":"R-5","Min_Lot_Area(Double - SqFt)":4500,"Min_Lot_Width(Double - Feet)":45,"Min_Lot_Depth":90,"Front_Setback(Double - Feet)":10,"Rear_Setback(Double - Feet)":10,"Side_Setback(Double - Feet)":5,"Max_Density_Factor(Double - SqFt/Unit)":4500,"Current_Area":9258.2140831307916,"Lot_Width":116.74615758657455,"Lot_Depth":120.95021741092205,"Shape_Length":475.39274999499321,"Shape_Area":14120.47314198596,"Split_Area_Floor":9000,"Split_Width_Floor":90}},{"type":"Feature","id":11126,"geometry":{"type":"Polygon","coordinates":[[[-106.40397566811562,31.919243431631603],[-106.4042022018909,31.919300096977985],[-106.40429944982937,31.919036333164339],[-106.40397566811562,31.919243431631603]]]},"properties":{"OBJECTID":11126,"PIDN":"S81699912300100","CITY_OWNED":" ","STATE_CD":"A1","LAND_ACRES":0.17219999999999999,"YR_BLT":"1970","City_Taxes":" ","District_Key(String)":"A-2","Min_Lot_Area(Double - SqFt)":3500,"Min_Lot_Width(Double - Feet)":35,"Min_Lot_Depth":90,"Front_Setback(Double - Feet)":10,"Rear_Setback(Double - Feet)":15,"Side_Setback(Double - Feet)":5,"Max_Density_Factor(Double - SqFt/Unit)":3500,"Current_Area":7395.3875803009132,"Lot_Width":104.42662841081619,"Lot_Depth":117.27962109446526,"Shape_Length":443.4124990105629,"Shape_Area":12247.115412193043,"Split_Area_Floor":7000,"Split_Width_Floor":70}},{"type":"Feature","id":11127,"geometry":{"type":"Polygon","coordinates":[[[-106.44015150916627,31.917547389446618],[-106.44044903240228,31.91766130066997],[-106.44057763277284,31.917343994641051],[-106.44015150916627,31.917547389446618]]]},"properties":{"OBJECTID":11127,"PIDN":"A64299902206500","CITY_OWNED":" ","STATE_CD":"A1","LAND_ACRES":0.34129999999999999,"YR_BLT":"1976","City_Taxes":" ","District_Key(String)":"R-3","Min_Lot_Area(Double - SqFt)":6000,"Min_Lot_Width(Double - Feet)":60,"Min_Lot_Depth":90,"Front_Setback(Double - Feet)":20,"Rear_Setback(Double - Feet)":20,"Side_Setback(Double - Feet)":5,"Max_Density_Factor(Double - SqFt/Unit)":6000,"Current_Area":13390.686620426353,"Lot_Width":127.82290709018707,"Lot_Depth":137.72807098925114,"Shape_Length":531.10195615887642,"Shape_Area":17604.802421769738,"Split_Area_Floor":12000,"Split_Width_Floor":120}},{"type":"Feature","id":11128,"geometry":{"type":"Polygon","coordinates":[[[-106.42545187130791,31.918132136887337],[-106.42595925882075,31.918324684184888],[-106.42583904982565,31.918018517356149],[-106.42545187130791,31.918132136887337]]]},"properties":{"OBJECTID":11128,"PIDN":"A64299900302100","CITY_OWNED":" ","STATE_CD":"A1","LAND_ACRES":0.30930000000000002,"YR_BLT":"1974","City_Taxes":" ","District_Key(String)":"R-3","Min_Lot_Area(Double - SqFt)":6000,"Min_Lot_Width(Double - Feet)":60,"Min_Lot_Depth":90,"Front_Setback(Double - Feet)":20,"Rear_Setback(Double - Feet)":20,"Side_Setback(Double - Feet)":5,"Max_Density_Factor(Double - SqFt/Unit)":6000,"Current_Area":13703.355449072082,"Lot_Width":129.62145991623402,"Lot_Depth":153.36878775060177,"Shape_Length":565.98049533367157,"Shape_Area":19879.88617381603,"Split_Area_Floor":12000,"Split_Width_Floor":120}},{"type":"Feature","id":11129,"geometry":{"type":"Polygon","coordinates":[[[-106.40606361771624,31.919345423860598],[-106.40624153702626,31.919065820366139],[-106.40601679634133,31.919070476884137],[-106.40606361771624,31.919345423860598]]]},"properties":{"OBJECTID":11129,"PIDN":"S81699912304100","CITY_OWNED":" ","STATE_CD":"A1","LAND_ACRES":0.15049999999999999,"YR_BLT":"1970","City_Taxes":" ","District_Key(String)":"A-2","Min_Lot_Area(Double - SqFt)":3500,"Min_Lot_Width(Double - Feet)":35,"Min_Lot_Depth":90,"Front_Setback(Double - Feet)":10,"Rear_Setback(Double - Feet)":15,"Side_Setback(Double - Feet)":5,"Max_Density_Factor(Double - SqFt/Unit)":3500,"Current_Area":7080.4421007846704,"Lot_Width":72.952938079833984,"Lot_Depth":102.6795846670866,"Shape_Length":351.26504549384117,"Shape_Area":7490.7773822810395,"Split_Area_Floor":7000,"Split_Width_Floor":70}},{"type":"Feature","id":11130,"geometry":{"type":"Polygon","coordinates":[[[-106.40625357655475,31.919342103942707],[-106.40646944925356,31.919067941131814],[-106.40624153702626,31.919065820366139],[-106.40625357655475,31.919342103942707]]]},"properties":{"OBJECTID":11130,"PIDN":"S81699912304500","CITY_OWNED":" ","STATE_CD":"A1","LAND_ACRES":0.17349999999999999,"YR_BLT":"1970","City_Taxes":" ","District_Key(String)":"A-2","Min_Lot_Area(Double - SqFt)":3500,"Min_Lot_Width(Double - Feet)":35,"Min_Lot_Depth":90,"Front_Setback(Double - Feet)":10,"Rear_Setback(Double - Feet)":15,"Side_Setback(Double - Feet)":5,"Max_Density_Factor(Double - SqFt/Unit)":3500,"Current_Area":7326.1868349787965,"Lot_Width":75.259363919496536,"Lot_Depth":103.02111941576004,"Shape_Length":356.56096667051315,"Shape_Area":7753.3039175045951,"Split_Area_Floor":7000,"Split_Width_Floor":70}},{"type":"Feature","id":11131,"geometry":{"type":"Polygon","coordinates":[[[-106.40394049777072,31.919526944394693],[-106.4042022018909,31.919300096977985],[-106.40397566811562,31.919243431631603],[-106.40394049777072,31.919526944394693]]]},"properties":{"OBJECTID":11131,"PIDN":"S81699912309300","CITY_OWNED":" ","STATE_CD":"A1","LAND_ACRES":0.17219999999999999,"YR_BLT":"1971","City_Taxes":" ","District_Key(String)":"A-2","Min_Lot_Area(Double - SqFt)":3500,"Min_Lot_Width(Double - Feet)":35,"Min_Lot_Depth":90,"Front_Setback(Double - Feet)":10,"Rear_Setback(Double - Feet)":15,"Side_Setback(Double - Feet)":5,"Max_Density_Factor(Double - SqFt/Unit)":3500,"Current_Area":7589.6694851972452,"Lot_Width":103.5076670050621,"Lot_Depth":119.66675540804863,"Shape_Length":446.34884482622147,"Shape_Area":12386.426670352512,"Split_Area_Floor":7000,"Split_Width_Floor":70}},{"type":"Feature","id":11132,"geometry":{"type":"Polygon","coordinates":[[[-106.40411244604505,31.919566484817917],[-106.40436556391221,31.919621679181731],[-106.40442876539946,31.919337928601617],[-106.40411244604505,31.919566484817917]]]},"properties":{"OBJECTID":11132,"PIDN":"S81699912308900","CITY_OWNED":" ","STATE_CD":"A1","LAND_ACRES":0.18290000000000001,"YR_BLT":"1971","City_Taxes":" ","District_Key(String)":"A-2","Min_Lot_Area(Double - SqFt)":3500,"Min_Lot_Width(Double - Feet)":35,"Min_Lot_Depth":90,"Front_Setback(Double - Feet)":10,"Rear_Setback(Double - Feet)":15,"Side_Setback(Double - Feet)":5,"Max_Density_Factor(Double - SqFt/Unit)":3500,"Current_Area":7848.7949803585125,"Lot_Width":102.54014924168587,"Lot_Depth":119.58243799209595,"Shape_Length":444.24517446756363,"Shape_Area":12262.001038394164,"Split_Area_Floor":7000,"Split_Width_Floor":70}},{"type":"Feature","id":11133,"geometry":{"type":"Polygon","coordinates":[[[-106.40450549817777,31.919633842810388],[-106.40465611623588,31.919369896815621],[-106.40442876539946,31.919337928601617],[-106.40450549817777,31.919633842810388]]]},"properties":{"OBJECTID":11133,"PIDN":"S81699912308500","CITY_OWNED":" ","STATE_CD":"A1","LAND_ACRES":0.18229999999999999,"YR_BLT":"1971","City_Taxes":" ","District_Key(String)":"A-2","Min_Lot_Area(Double - SqFt)":3500,"Min_Lot_Width(Double - Feet)":35,"Min_Lot_Depth":90,"Front_Setback(Double - Feet)":10,"Rear_Setback(Double - Feet)":15,"Side_Setback(Double - Feet)":5,"Max_Density_Factor(Double - SqFt/Unit)":3500,"Current_Area":8138.5032669273751,"Lot_Width":95.017854571342468,"Lot_Depth":112.77372458577156,"Shape_Length":415.58315831422806,"Shape_Area":10715.517362159471,"Split_Area_Floor":7000,"Split_Width_Floor":70}},{"type":"Feature","id":11134,"geometry":{"type":"Polygon","coordinates":[[[-106.40625826939603,31.919616190198155],[-106.40648554870714,31.919338050182105],[-106.40625357655475,31.919342103942707],[-106.40625826939603,31.919616190198155]]]},"properties":{"OBJECTID":11134,"PIDN":"S81699912304900","CITY_OWNED":" ","STATE_CD":"A1","LAND_ACRES":0.16070000000000001,"YR_BLT":"1970","City_Taxes":" ","District_Key(String)":"A-2","Min_Lot_Area(Double - SqFt)":3500,"Min_Lot_Width(Double - Feet)":35,"Min_Lot_Depth":90,"Front_Setback(Double - Feet)":10,"Rear_Setback(Double - Feet)":15,"Side_Setback(Double - Feet)":5,"Max_Density_Factor(Double - SqFt/Unit)":3500,"Current_Area":7144.1855207331191,"Lot_Width":75.938824504613876,"Lot_Depth":102.71632999181747,"Shape_Length":357.3103089928627,"Shape_Area":7800.1573570066339,"Split_Area_Floor":7000,"Split_Width_Floor":70}},{"type":"Feature","id":11135,"geometry":{"type":"Polygon","coordinates":[[[-106.42411558048909,31.918901998364948],[-106.42431558601733,31.918495111664022],[-106.42393129416207,31.918552870937908],[-106.42411558048909,31.918901998364948]]]},"properties":{"OBJECTID":11135,"PIDN":"A64299900204900","CITY_OWNED":" ","STATE_CD":"A1","LAND_ACRES":0.32400000000000001,"YR_BLT":"1978","City_Taxes":" ","District_Key(String)":"R-3","Min_Lot_Area(Double - SqFt)":6000,"Min_Lot_Width(Double - Feet)":60,"Min_Lot_Depth":90,"Front_Setback(Double - Feet)":20,"Rear_Setback(Double - Feet)":20,"Side_Setback(Double - Feet)":5,"Max_Density_Factor(Double - SqFt/Unit)":6000,"Current_Area":14179.793471530462,"Lot_Width":128.95184183120728,"Lot_Depth":146.51414266228676,"Shape_Length":550.93196898698807,"Shape_Area":18893.268550622139,"Split_Area_Floor":12000,"Split_Width_Floor":120}},{"type":"Feature","id":11136,"geometry":{"type":"Polygon","coordinates":[[[-106.43750287933952,31.918317598907972],[-106.43785714836532,31.918041031444549],[-106.43741481922861,31.918138107353226],[-106.43750287933952,31.918317598907972]]]},"properties":{"OBJECTID":11136,"PIDN":"A64299902301700","CITY_OWNED":" ","STATE_CD":"A1","LAND_ACRES":0.23319999999999999,"YR_BLT":"1974","City_Taxes":" ","District_Key(String)":"R-3","Min_Lot_Area(Double - SqFt)":6000,"Min_Lot_Width(Double - Feet)":60,"Min_Lot_Depth":90,"Front_Setback(Double - Feet)":20,"Rear_Setback(Double - Feet)":20,"Side_Setback(Double - Feet)":5,"Max_Density_Factor(Double - SqFt/Unit)":6000,"Current_Area":12029.09370612414,"Lot_Width":143.51874183118343,"Lot_Depth":143.83927924931049,"Shape_Length":574.71604216098785,"Shape_Area":20643.632383765293,"Split_Area_Floor":12000,"Split_Width_Floor":120}},{"type":"Feature","id":11137,"geometry":{"type":"Polygon","coordinates":[[[-106.43206726224233,31.9185436251528],[-106.43245399205595,31.918572008405889],[-106.43244132978316,31.918115607905104],[-106.43206726224233,31.9185436251528]]]},"properties":{"OBJECTID":11137,"PIDN":"A64299902709940","CITY_OWNED":" ","STATE_CD":"A1","LAND_ACRES":0.1595,"YR_BLT":"1978","City_Taxes":" ","District_Key(String)":"R-3","Min_Lot_Area(Double - SqFt)":6000,"Min_Lot_Width(Double - Feet)":60,"Min_Lot_Depth":90,"Front_Setback(Double - Feet)":20,"Rear_Setback(Double - Feet)":20,"Side_Setback(Double - Feet)":5,"Max_Density_Factor(Double - SqFt/Unit)":6000,"Current_Area":13463.834440417302,"Lot_Width":128.96726174652576,"Lot_Depth":183.72666665911674,"Shape_Length":625.38785681128502,"Shape_Area":23694.725108842998,"Split_Area_Floor":12000,"Split_Width_Floor":120}},{"type":"Feature","id":11138,"geometry":{"type":"Polygon","coordinates":[[[-106.40372760630828,31.919916813873343],[-106.4039542506591,31.919977828720619],[-106.40404995273947,31.919718411048038],[-106.40372760630828,31.919916813873343]]]},"properties":{"OBJECTID":11138,"PIDN":"S81699912400100","CITY_OWNED":" ","STATE_CD":"A1","LAND_ACRES":0.17219999999999999,"YR_BLT":"1971","City_Taxes":" ","District_Key(String)":"A-2","Min_Lot_Area(Double - SqFt)":3500,"Min_Lot_Width(Double - Feet)":35,"Min_Lot_Depth":90,"Front_Setback(Double - Feet)":10,"Rear_Setback(Double - Feet)":15,"Side_Setback(Double - Feet)":5,"Max_Density_Factor(Double - SqFt/Unit)":3500,"Current_Area":7217.1169793598174,"Lot_Width":103.8085194081068,"Lot_Depth":116.00829815864563,"Shape_Length":439.63363513350487,"Shape_Area":12042.649670903205,"Split_Area_Floor":7000,"Split_Width_Floor":70}},{"type":"Feature","id":11139,"geometry":{"type":"Polygon","coordinates":[[[-106.38016120224377,31.920890266007351],[-106.38051937445167,31.921069596149145],[-106.38050855265912,31.920775756896287],[-106.38016120224377,31.920890266007351]]]},"properties":{"OBJECTID":11139,"PIDN":"D41599900103100","CITY_OWNED":" ","STATE_CD":"A1","LAND_ACRES":0.21490000000000001,"YR_BLT":"1994","City_Taxes":" ","District_Key(String)":"R-5","Min_Lot_Area(Double - SqFt)":4500,"Min_Lot_Width(Double - Feet)":45,"Min_Lot_Depth":90,"Front_Setback(Double - Feet)":10,"Rear_Setback(Double - Feet)":10,"Side_Setback(Double - Feet)":5,"Max_Density_Factor(Double - SqFt/Unit)":4500,"Current_Area":9311.4909941032656,"Lot_Width":109.88199807703495,"Lot_Depth":123.8517864048481,"Shape_Length":467.4675689637661,"Shape_Area":13609.081755574862,"Split_Area_Floor":9000,"Split_Width_Floor":90}},{"type":"Feature","id":11140,"geometry":{"type":"Polygon","coordinates":[[[-106.40406939839775,31.919998347712795],[-106.40425634376427,31.919762213521771],[-106.40404995273947,31.919718411048038],[-106.40406939839775,31.919998347712795]]]},"properties":{"OBJECTID":11140,"PIDN":"S81699912400900","CITY_OWNED":" ","STATE_CD":"A1","LAND_ACRES":0.16470000000000001,"YR_BLT":"1971","City_Taxes":" ","District_Key(String)":"A-2","Min_Lot_Area(Double - SqFt)":3500,"Min_Lot_Width(Double - Feet)":35,"Min_Lot_Depth":90,"Front_Setback(Double - Feet)":10,"Rear_Setback(Double - Feet)":15,"Side_Setback(Double - Feet)":5,"Max_Density_Factor(Double - SqFt/Unit)":3500,"Current_Area":7008.4429500893884,"Lot_Width":97.875132322311401,"Lot_Depth":116.66249632835388,"Shape_Length":429.07525730133057,"Shape_Area":11418.357265188804,"Split_Area_Floor":7000,"Split_Width_Floor":70}},{"type":"Feature","id":11141,"geometry":{"type":"Polygon","coordinates":[[[-106.40434999870278,31.920074935714929],[-106.40446795763569,31.919790442851873],[-106.40425634376427,31.919762213521771],[-106.40434999870278,31.920074935714929]]]},"properties":{"OBJECTID":11141,"PIDN":"S81699912401700","CITY_OWNED":" ","STATE_CD":"A1","LAND_ACRES":0.1774,"YR_BLT":"1971","City_Taxes":" ","District_Key(String)":"A-2","Min_Lot_Area(Double - SqFt)":3500,"Min_Lot_Width(Double - Feet)":35,"Min_Lot_Depth":90,"Front_Setback(Double - Feet)":10,"Rear_Setback(Double - Feet)":15,"Side_Setback(Double - Feet)":5,"Max_Density_Factor(Double - SqFt/Unit)":3500,"Current_Area":7515.6882356500919,"Lot_Width":91.368583664298058,"Lot_Depth":116.95153774321079,"Shape_Length":416.6402428150177,"Shape_Area":10685.696360958867,"Split_Area_Floor":7000,"Split_Width_Floor":70}},{"type":"Feature","id":11142,"geometry":{"type":"Polygon","coordinates":[[[-106.38179336898776,31.921069457885686],[-106.38223519853176,31.920786191828295],[-106.38186608044387,31.920783961539488],[-106.38179336898776,31.921069457885686]]]},"properties":{"OBJECTID":11142,"PIDN":"D41599900102300","CITY_OWNED":" ","STATE_CD":"A1","LAND_ACRES":0.26529999999999998,"YR_BLT":"1992","City_Taxes":" ","District_Key(String)":"R-5","Min_Lot_Area(Double - SqFt)":4500,"Min_Lot_Width(Double - Feet)":45,"Min_Lot_Depth":90,"Front_Setback(Double - Feet)":10,"Rear_Setback(Double - Feet)":10,"Side_Setback(Double - Feet)":5,"Max_Density_Factor(Double - SqFt/Unit)":4500,"Current_Area":10998.543296143773,"Lot_Width":124.6067061573267,"Lot_Depth":142.49118483066559,"Shape_Length":534.19578197598457,"Shape_Area":17755.357198204074,"Split_Area_Floor":9000,"Split_Width_Floor":90}},{"type":"Feature","id":11143,"geometry":{"type":"Polygon","coordinates":[[[-106.43752237214699,31.918364577859272],[-106.43753169679806,31.918639712072817],[-106.43801248909158,31.918287111521316],[-106.43752237214699,31.918364577859272]]]},"properties":{"OBJECTID":11143,"PIDN":"A64299902301900","CITY_OWNED":" ","STATE_CD":"A1","LAND_ACRES":0.374,"YR_BLT":"1976","City_Taxes":" ","District_Key(String)":"R-3","Min_Lot_Area(Double - SqFt)":6000,"Min_Lot_Width(Double - Feet)":60,"Min_Lot_Depth":90,"Front_Setback(Double - Feet)":20,"Rear_Setback(Double - Feet)":20,"Side_Setback(Double - Feet)":5,"Max_Density_Factor(Double - SqFt/Unit)":6000,"Current_Area":16241.937829437007,"Lot_Width":155.99771949648857,"Lot_Depth":158.79856692254543,"Shape_Length":629.59257283806801,"Shape_Area":24772.214299227609,"Split_Area_Floor":12000,"Split_Width_Floor":120}},{"type":"Feature","id":11144,"geometry":{"type":"Polygon","coordinates":[[[-106.43708531688726,31.918464335394955],[-106.43753169679806,31.918639712072817],[-106.43747290158458,31.918258164039614],[-106.43708531688726,31.918464335394955]]]},"properties":{"OBJECTID":11144,"PIDN":"A64299902301100","CITY_OWNED":" ","STATE_CD":"A1","LAND_ACRES":0.36270000000000002,"YR_BLT":"1976","City_Taxes":" ","District_Key(String)":"R-3","Min_Lot_Area(Double - SqFt)":6000,"Min_Lot_Width(Double - Feet)":60,"Min_Lot_Depth":90,"Front_Setback(Double - Feet)":20,"Rear_Setback(Double - Feet)":20,"Side_Setback(Double - Feet)":5,"Max_Density_Factor(Double - SqFt/Unit)":6000,"Current_Area":15254.032008999262,"Lot_Width":137.40162807703018,"Lot_Depth":152.59779191017151,"Shape_Length":579.99883997440338,"Shape_Area":20967.185049417432,"Split_Area_Floor":12000,"Split_Width_Floor":120}},{"type":"Feature","id":11145,"geometry":{"type":"Polygon","coordinates":[[[-106.38191243678092,31.921266657910959],[-106.38224654578534,31.921256151388572],[-106.38223777819309,31.920893069145627],[-106.38191243678092,31.921266657910959]]]},"properties":{"OBJECTID":11145,"PIDN":"D41599900102200","CITY_OWNED":" ","STATE_CD":"A1","LAND_ACRES":0.21940000000000001,"YR_BLT":"1992","City_Taxes":" ","District_Key(String)":"R-5","Min_Lot_Area(Double - SqFt)":4500,"Min_Lot_Width(Double - Feet)":45,"Min_Lot_Depth":90,"Front_Setback(Double - Feet)":10,"Rear_Setback(Double - Feet)":10,"Side_Setback(Double - Feet)":5,"Max_Density_Factor(Double - SqFt/Unit)":4500,"Current_Area":9603.943149089002,"Lot_Width":110.88724541664124,"Lot_Depth":132.04205875098705,"Shape_Length":485.85860833525658,"Shape_Area":14641.780174039262,"Split_Area_Floor":9000,"Split_Width_Floor":90}},{"type":"Feature","id":11146,"geometry":{"type":"Polygon","coordinates":[[[-106.43652047839073,31.918519434762182],[-106.43687577327925,31.918784133827646],[-106.4369242790888,31.918494734383739],[-106.43652047839073,31.918519434762182]]]},"properties":{"OBJECTID":11146,"PIDN":"A64299902300700","CITY_OWNED":" ","STATE_CD":"A1","LAND_ACRES":0.31569999999999998,"YR_BLT":"1976","City_Taxes":" ","District_Key(String)":"R-3","Min_Lot_Area(Double - SqFt)":6000,"Min_Lot_Width(Double - Feet)":60,"Min_Lot_Depth":90,"Front_Setback(Double - Feet)":20,"Rear_Setback(Double - Feet)":20,"Side_Setback(Double - Feet)":5,"Max_Density_Factor(Double - SqFt/Unit)":6000,"Current_Area":14001.254145210221,"Lot_Width":125.6007986664772,"Lot_Depth":162.37565951049328,"Shape_Length":575.95291635394096,"Shape_Area":20394.512518513922,"Split_Area_Floor":12000,"Split_Width_Floor":120}},{"type":"Feature","id":11147,"geometry":{"type":"Polygon","coordinates":[[[-106.40406158318783,31.920017785832052],[-106.40442773994354,31.920381033984338],[-106.40452237634962,31.920075730514686],[-106.40406158318783,31.920017785832052]]]},"properties":{"OBJECTID":11147,"PIDN":"M22699900305700","CITY_OWNED":" ","STATE_CD":"A1","LAND_ACRES":0.26129999999999998,"YR_BLT":"1978","City_Taxes":" ","District_Key(String)":"A-2","Min_Lot_Area(Double - SqFt)":3500,"Min_Lot_Width(Double - Feet)":35,"Min_Lot_Depth":90,"Front_Setback(Double - Feet)":10,"Rear_Setback(Double - Feet)":15,"Side_Setback(Double - Feet)":5,"Max_Density_Factor(Double - SqFt/Unit)":3500,"Current_Area":10598.989665154879,"Lot_Width":141.6158585101366,"Lot_Depth":147.14931200444698,"Shape_Length":577.53034102916718,"Shape_Area":20838.67614868571,"Split_Area_Floor":7000,"Split_Width_Floor":70}},{"type":"Feature","id":11148,"geometry":{"type":"Polygon","coordinates":[[[-106.37986445615509,31.921565291843248],[-106.38038289549378,31.921187537659687],[-106.3799974164328,31.921162178239342],[-106.37986445615509,31.921565291843248]]]},"properties":{"OBJECTID":11148,"PIDN":"D41599900103300","CITY_OWNED":" ","STATE_CD":"A1","LAND_ACRES":0.36549999999999999,"YR_BLT":"1994","City_Taxes":" ","District_Key(String)":"R-5","Min_Lot_Area(Double - SqFt)":4500,"Min_Lot_Width(Double - Feet)":45,"Min_Lot_Depth":90,"Front_Setback(Double - Feet)":10,"Rear_Setback(Double - Feet)":10,"Side_Setback(Double - Feet)":5,"Max_Density_Factor(Double - SqFt/Unit)":4500,"Current_Area":15951.517218390012,"Lot_Width":147.1145351678133,"Lot_Depth":208.72530433535576,"Shape_Length":711.67967900633812,"Shape_Area":30706.526125056229,"Split_Area_Floor":9000,"Split_Width_Floor":90}},{"type":"Feature","id":11149,"geometry":{"type":"Polygon","coordinates":[[[-106.40443678512217,31.920384502472714],[-106.4048766052226,31.920074564969433],[-106.40452237634962,31.920075730514686],[-106.40443678512217,31.920384502472714]]]},"properties":{"OBJECTID":11149,"PIDN":"M22699900305500","CITY_OWNED":" ","STATE_CD":"A1","LAND_ACRES":0.31780000000000003,"YR_BLT":"1978","City_Taxes":" ","District_Key(String)":"A-2","Min_Lot_Area(Double - SqFt)":3500,"Min_Lot_Width(Double - Feet)":35,"Min_Lot_Depth":90,"Front_Setback(Double - Feet)":10,"Rear_Setback(Double - Feet)":15,"Side_Setback(Double - Feet)":5,"Max_Density_Factor(Double - SqFt/Unit)":3500,"Current_Area":12829.195556076722,"Lot_Width":132.20183533430099,"Lot_Depth":145.15194067358971,"Shape_Length":554.7075520157814,"Shape_Area":19189.352959384134,"Split_Area_Floor":7000,"Split_Width_Floor":70}},{"type":"Feature","id":11150,"geometry":{"type":"Polygon","coordinates":[[[-106.38032269772658,31.921607940080921],[-106.38041176339797,31.921282601762204],[-106.37992282448566,31.921570620445003],[-106.38032269772658,31.921607940080921]]]},"properties":{"OBJECTID":11150,"PIDN":"D41599900103400","CITY_OWNED":" ","STATE_CD":"A1","LAND_ACRES":0.2374,"YR_BLT":"1993","City_Taxes":" ","District_Key(String)":"R-5","Min_Lot_Area(Double - SqFt)":4500,"Min_Lot_Width(Double - Feet)":45,"Min_Lot_Depth":90,"Front_Setback(Double - Feet)":10,"Rear_Setback(Double - Feet)":10,"Side_Setback(Double - Feet)":5,"Max_Density_Factor(Double - SqFt/Unit)":4500,"Current_Area":10275.45238538667,"Lot_Width":119.2202340066433,"Lot_Depth":185.00225466489792,"Shape_Length":608.44497734308243,"Shape_Area":22056.012092905745,"Split_Area_Floor":9000,"Split_Width_Floor":90}},{"type":"Feature","id":11151,"geometry":{"type":"Polygon","coordinates":[[[-106.404542516755,31.920552311241401],[-106.40489110325744,31.920555873004645],[-106.40488215288886,31.92025351392472],[-106.404542516755,31.920552311241401]]]},"properties":{"OBJECTID":11151,"PIDN":"M22699900305300","CITY_OWNED":" ","STATE_CD":"A1","LAND_ACRES":0.1968,"YR_BLT":"1978","City_Taxes":" ","District_Key(String)":"A-2","Min_Lot_Area(Double - SqFt)":3500,"Min_Lot_Width(Double - Feet)":35,"Min_Lot_Depth":90,"Front_Setback(Double - Feet)":10,"Rear_Setback(Double - Feet)":15,"Side_Setback(Double - Feet)":5,"Max_Density_Factor(Double - SqFt/Unit)":3500,"Current_Area":8307.3871303955002,"Lot_Width":109.98600050806999,"Lot_Depth":114.96466508507729,"Shape_Length":449.90133118629456,"Shape_Area":12644.503712457406,"Split_Area_Floor":7000,"Split_Width_Floor":70}},{"type":"Feature","id":11152,"geometry":{"type":"Polygon","coordinates":[[[-106.43200859345373,31.919491538693251],[-106.43246683368525,31.919052209166658],[-106.43196536296243,31.919157321726999],[-106.43200859345373,31.919491538693251]]]},"properties":{"OBJECTID":11152,"PIDN":"A64299902709922","CITY_OWNED":" ","STATE_CD":"A1","LAND_ACRES":0.1915,"YR_BLT":"1978","City_Taxes":" ","District_Key(String)":"R-3","Min_Lot_Area(Double - SqFt)":6000,"Min_Lot_Width(Double - Feet)":60,"Min_Lot_Depth":90,"Front_Setback(Double - Feet)":20,"Rear_Setback(Double - Feet)":20,"Side_Setback(Double - Feet)":5,"Max_Density_Factor(Double - SqFt/Unit)":6000,"Current_Area":13765.608408515067,"Lot_Width":161.39698691666126,"Lot_Depth":174.11612157523632,"Shape_Length":671.02621698379517,"Shape_Area":28101.817395858219,"Split_Area_Floor":12000,"Split_Width_Floor":120}},{"type":"Feature","id":11153,"geometry":{"type":"Polygon","coordinates":[[[-106.37961733228701,31.921775450971111],[-106.38001140112148,31.921926191948618],[-106.37986445615509,31.921565291843248],[-106.37961733228701,31.921775450971111]]]},"properties":{"OBJECTID":11153,"PIDN":"D41599900104000","CITY_OWNED":" ","STATE_CD":"A1","LAND_ACRES":0.2339,"YR_BLT":"1995","City_Taxes":" ","District_Key(String)":"R-5","Min_Lot_Area(Double - SqFt)":4500,"Min_Lot_Width(Double - Feet)":45,"Min_Lot_Depth":90,"Front_Setback(Double - Feet)":10,"Rear_Setback(Double - Feet)":10,"Side_Setback(Double - Feet)":5,"Max_Density_Factor(Double - SqFt/Unit)":4500,"Current_Area":10077.242379262818,"Lot_Width":119.11262266337872,"Lot_Depth":155.36353442072868,"Shape_Length":548.9523141682148,"Shape_Area":18505.758051105106,"Split_Area_Floor":9000,"Split_Width_Floor":90}},{"type":"Feature","id":11154,"geometry":{"type":"Polygon","coordinates":[[[-106.43208783527176,31.919514259368697],[-106.43248104545489,31.919578023137337],[-106.43246690677148,31.919074804225573],[-106.43208783527176,31.919514259368697]]]},"properties":{"OBJECTID":11154,"PIDN":"A64299902709920","CITY_OWNED":" ","STATE_CD":"A1","LAND_ACRES":0.36359999999999998,"YR_BLT":"1978","City_Taxes":" ","District_Key(String)":"R-3","Min_Lot_Area(Double - SqFt)":6000,"Min_Lot_Width(Double - Feet)":60,"Min_Lot_Depth":90,"Front_Setback(Double - Feet)":20,"Rear_Setback(Double - Feet)":20,"Side_Setback(Double - Feet)":5,"Max_Density_Factor(Double - SqFt/Unit)":6000,"Current_Area":13002.916102810919,"Lot_Width":126.20644049346447,"Lot_Depth":186.53932508826256,"Shape_Length":625.49153116345406,"Shape_Area":23542.464231442831,"Split_Area_Floor":12000,"Split_Width_Floor":120}},{"type":"Feature","id":11155,"geometry":{"type":"Polygon","coordinates":[[[-106.43312493174375,31.919616356460654],[-106.43314214624172,31.920159514500583],[-106.43355911339215,31.919587220622777],[-106.43312493174375,31.919616356460654]]]},"properties":{"OBJECTID":11155,"PIDN":"A64299904002100","CITY_OWNED":" ","STATE_CD":"A1","LAND_ACRES":0.28989999999999999,"YR_BLT":"1983","City_Taxes":" ","District_Key(String)":"R-3","Min_Lot_Area(Double - SqFt)":6000,"Min_Lot_Width(Double - Feet)":60,"Min_Lot_Depth":90,"Front_Setback(Double - Feet)":20,"Rear_Setback(Double - Feet)":20,"Side_Setback(Double - Feet)":5,"Max_Density_Factor(Double - SqFt/Unit)":6000,"Current_Area":15728.064126099785,"Lot_Width":140.59683167934418,"Lot_Depth":237.2987380027771,"Shape_Length":755.79113936424255,"Shape_Area":33363.450724697243,"Split_Area_Floor":12000,"Split_Width_Floor":120}},{"type":"Feature","id":11156,"geometry":{"type":"Polygon","coordinates":[[[-106.37993182419429,31.922656726598191],[-106.38036516045071,31.922369868950675],[-106.38011086957778,31.922371495848356],[-106.37993182419429,31.922656726598191]]]},"properties":{"OBJECTID":11156,"PIDN":"D41599900202000","CITY_OWNED":" ","STATE_CD":"A1","LAND_ACRES":0.23280000000000001,"YR_BLT":"1994","City_Taxes":" ","District_Key(String)":"R-5","Min_Lot_Area(Double - SqFt)":4500,"Min_Lot_Width(Double - Feet)":45,"Min_Lot_Depth":90,"Front_Setback(Double - Feet)":10,"Rear_Setback(Double - Feet)":10,"Side_Setback(Double - Feet)":5,"Max_Density_Factor(Double - SqFt/Unit)":4500,"Current_Area":9925.1040541143466,"Lot_Width":122.30224883556366,"Lot_Depth":139.92688550055027,"Shape_Length":524.45826867222786,"Shape_Area":17113.372769273723,"Split_Area_Floor":9000,"Split_Width_Floor":90}},{"type":"Feature","id":11157,"geometry":{"type":"Polygon","coordinates":[[[-106.4355250773351,31.92009364328084],[-106.43580034368254,31.919676619007074],[-106.43540352938489,31.919819919399483],[-106.4355250773351,31.92009364328084]]]},"properties":{"OBJECTID":11157,"PIDN":"P86399900600700","CITY_OWNED":" ","STATE_CD":"A1","LAND_ACRES":0.38429999999999997,"YR_BLT":"1979","City_Taxes":" ","District_Key(String)":"R-3","Min_Lot_Area(Double - SqFt)":6000,"Min_Lot_Width(Double - Feet)":60,"Min_Lot_Depth":90,"Front_Setback(Double - Feet)":20,"Rear_Setback(Double - Feet)":20,"Side_Setback(Double - Feet)":5,"Max_Density_Factor(Double - SqFt/Unit)":6000,"Current_Area":14744.423187614746,"Lot_Width":149.09845508635044,"Lot_Depth":164.69881758093834,"Shape_Length":627.59454533457756,"Shape_Area":24556.339255866558,"Split_Area_Floor":12000,"Split_Width_Floor":120}},{"type":"Feature","id":11158,"geometry":{"type":"Polygon","coordinates":[[[-106.43314214624172,31.920159514500583],[-106.43372437430433,31.919948364832798],[-106.43368458650902,31.919611071555501],[-106.43314214624172,31.920159514500583]]]},"properties":{"OBJECTID":11158,"PIDN":"A64299904001900","CITY_OWNED":" ","STATE_CD":"A1","LAND_ACRES":0.3493,"YR_BLT":"1984","City_Taxes":" ","District_Key(String)":"R-3","Min_Lot_Area(Double - SqFt)":6000,"Min_Lot_Width(Double - Feet)":60,"Min_Lot_Depth":90,"Front_Setback(Double - Feet)":20,"Rear_Setback(Double - Feet)":20,"Side_Setback(Double - Feet)":5,"Max_Density_Factor(Double - SqFt/Unit)":6000,"Current_Area":19214.52260738195,"Lot_Width":185.50061324238777,"Lot_Depth":235.29677350819111,"Shape_Length":841.59477350115776,"Shape_Area":43647.695779724672,"Split_Area_Floor":12000,"Split_Width_Floor":120}},{"type":"Feature","id":11159,"geometry":{"type":"Polygon","coordinates":[[[-106.40522237525548,31.921567548075167],[-106.40543135888578,31.921208222933288],[-106.40521329032018,31.921211680884912],[-106.40522237525548,31.921567548075167]]]},"properties":{"OBJECTID":11159,"PIDN":"M22699900303500","CITY_OWNED":" ","STATE_CD":"A1","LAND_ACRES":0.17910000000000001,"YR_BLT":"1979","City_Taxes":" ","District_Key(String)":"A-2","Min_Lot_Area(Double - SqFt)":3500,"Min_Lot_Width(Double - Feet)":35,"Min_Lot_Depth":90,"Front_Setback(Double - Feet)":10,"Rear_Setback(Double - Feet)":15,"Side_Setback(Double - Feet)":5,"Max_Density_Factor(Double - SqFt/Unit)":3500,"Current_Area":8687.8425255658985,"Lot_Width":71.879449412226677,"Lot_Depth":131.87670475244522,"Shape_Length":407.5123083293438,"Shape_Area":9479.2249279045391,"Split_Area_Floor":7000,"Split_Width_Floor":70}},{"type":"Feature","id":11160,"geometry":{"type":"Polygon","coordinates":[[[-106.4320481053049,31.920361220937334],[-106.43249289113362,31.920036472064595],[-106.43208218033422,31.920050853165893],[-106.4320481053049,31.920361220937334]]]},"properties":{"OBJECTID":11160,"PIDN":"A64299902709908","CITY_OWNED":" ","STATE_CD":"A1","LAND_ACRES":0.34250000000000003,"YR_BLT":"1978","City_Taxes":" ","District_Key(String)":"R-3","Min_Lot_Area(Double - SqFt)":6000,"Min_Lot_Width(Double - Feet)":60,"Min_Lot_Depth":90,"Front_Setback(Double - Feet)":20,"Rear_Setback(Double - Feet)":20,"Side_Setback(Double - Feet)":5,"Max_Density_Factor(Double - SqFt/Unit)":6000,"Current_Area":14973.079940391297,"Lot_Width":132.65721499919891,"Lot_Depth":158.34515574574471,"Shape_Length":582.00474148988724,"Shape_Area":21005.627369844893,"Split_Area_Floor":12000,"Split_Width_Floor":120}},{"type":"Feature","id":11161,"geometry":{"type":"Polygon","coordinates":[[[-106.38021464068402,31.923223666719732],[-106.37987983264922,31.922932434167688],[-106.37987847928092,31.923223189345553],[-106.38021464068402,31.923223666719732]]]},"properties":{"OBJECTID":11161,"PIDN":"D41599900202300","CITY_OWNED":" ","STATE_CD":"A1","LAND_ACRES":0.21229999999999999,"YR_BLT":"1998","City_Taxes":" ","District_Key(String)":"R-5","Min_Lot_Area(Double - SqFt)":4500,"Min_Lot_Width(Double - Feet)":45,"Min_Lot_Depth":90,"Front_Setback(Double - Feet)":10,"Rear_Setback(Double - Feet)":10,"Side_Setback(Double - Feet)":5,"Max_Density_Factor(Double - SqFt/Unit)":4500,"Current_Area":9291.1688022349317,"Lot_Width":122.05979524552822,"Lot_Depth":128.0968566685915,"Shape_Length":500.31330382823944,"Shape_Area":15635.476096564054,"Split_Area_Floor":9000,"Split_Width_Floor":90}},{"type":"Feature","id":11162,"geometry":{"type":"Polygon","coordinates":[[[-106.38029195732699,31.923223526033631],[-106.38037768876011,31.922875628405983],[-106.38004952954243,31.922822990501341],[-106.38029195732699,31.923223526033631]]]},"properties":{"OBJECTID":11162,"PIDN":"D41599900202200","CITY_OWNED":" ","STATE_CD":"A1","LAND_ACRES":0.25140000000000001,"YR_BLT":"1994","City_Taxes":" ","District_Key(String)":"R-5","Min_Lot_Area(Double - SqFt)":4500,"Min_Lot_Width(Double - Feet)":45,"Min_Lot_Depth":90,"Front_Setback(Double - Feet)":10,"Rear_Setback(Double - Feet)":10,"Side_Setback(Double - Feet)":5,"Max_Density_Factor(Double - SqFt/Unit)":4500,"Current_Area":10857.899333623256,"Lot_Width":119.87115132808685,"Lot_Depth":151.01314942538738,"Shape_Length":541.76860150694847,"Shape_Area":18102.120087301602,"Split_Area_Floor":9000,"Split_Width_Floor":90}},{"type":"Feature","id":11163,"geometry":{"type":"Polygon","coordinates":[[[-106.37887925676445,31.923513819017252],[-106.37868151570794,31.92324257001723],[-106.37852408949458,31.923489664930614],[-106.37887925676445,31.923513819017252]]]},"properties":{"OBJECTID":11163,"PIDN":"D41599900105200","CITY_OWNED":" ","STATE_CD":"A1","LAND_ACRES":0.22700000000000001,"YR_BLT":"1994","City_Taxes":" ","District_Key(String)":"R-5","Min_Lot_Area(Double - SqFt)":4500,"Min_Lot_Width(Double - Feet)":45,"Min_Lot_Depth":90,"Front_Setback(Double - Feet)":10,"Rear_Setback(Double - Feet)":10,"Side_Setback(Double - Feet)":5,"Max_Density_Factor(Double - SqFt/Unit)":4500,"Current_Area":9633.9949025162696,"Lot_Width":103.48338882625103,"Lot_Depth":173.96061007678509,"Shape_Length":554.88799780607224,"Shape_Area":18002.033453027794,"Split_Area_Floor":9000,"Split_Width_Floor":90}},{"type":"Feature","id":11164,"geometry":{"type":"Polygon","coordinates":[[[-106.42968655736379,31.921119824238783],[-106.43003708534211,31.921090434583984],[-106.42990008071656,31.920719571999914],[-106.42968655736379,31.921119824238783]]]},"properties":{"OBJECTID":11164,"PIDN":"A64299902705900","CITY_OWNED":" ","STATE_CD":"A1","LAND_ACRES":0.3488,"YR_BLT":"1976","City_Taxes":" ","District_Key(String)":"R-3","Min_Lot_Area(Double - SqFt)":6000,"Min_Lot_Width(Double - Feet)":60,"Min_Lot_Depth":90,"Front_Setback(Double - Feet)":20,"Rear_Setback(Double - Feet)":20,"Side_Setback(Double - Feet)":5,"Max_Density_Factor(Double - SqFt/Unit)":6000,"Current_Area":14979.811630357466,"Lot_Width":136.20773282647133,"Lot_Depth":163.20997542142868,"Shape_Length":598.83541649580002,"Shape_Area":22230.460726816909,"Split_Area_Floor":12000,"Split_Width_Floor":120}},{"type":"Feature","id":11165,"geometry":{"type":"Polygon","coordinates":[[[-106.37936013725952,31.923514654936842],[-106.37951738273705,31.923516604258612],[-106.37941286193656,31.923107977858891],[-106.37936013725952,31.923514654936842]]]},"properties":{"OBJECTID":11165,"PIDN":"D41599900200100","CITY_OWNED":" ","STATE_CD":"A1","LAND_ACRES":0.221,"YR_BLT":"1993","City_Taxes":" ","District_Key(String)":"R-5","Min_Lot_Area(Double - SqFt)":4500,"Min_Lot_Width(Double - Feet)":45,"Min_Lot_Depth":90,"Front_Setback(Double - Feet)":10,"Rear_Setback(Double - Feet)":10,"Side_Setback(Double - Feet)":5,"Max_Density_Factor(Double - SqFt/Unit)":4500,"Current_Area":9541.3557736620642,"Lot_Width":93.201257169246674,"Lot_Depth":150.20081509649754,"Shape_Length":486.80414453148842,"Shape_Area":13998.904794839134,"Split_Area_Floor":9000,"Split_Width_Floor":90}},{"type":"Feature","id":11166,"geometry":{"type":"Polygon","coordinates":[[[-106.43164223331114,31.921013553518694],[-106.43212520255517,31.920869107333122],[-106.43200352263896,31.92060607880731],[-106.43164223331114,31.921013553518694]]]},"properties":{"OBJECTID":11166,"PIDN":"A64299902709902","CITY_OWNED":" ","STATE_CD":"A1","LAND_ACRES":0.37230000000000002,"YR_BLT":"1978","City_Taxes":" ","District_Key(String)":"R-3","Min_Lot_Area(Double - SqFt)":6000,"Min_Lot_Width(Double - Feet)":60,"Min_Lot_Depth":90,"Front_Setback(Double - Feet)":20,"Rear_Setback(Double - Feet)":20,"Side_Setback(Double - Feet)":5,"Max_Density_Factor(Double - SqFt/Unit)":6000,"Current_Area":14604.065245764623,"Lot_Width":152.51249024271965,"Lot_Depth":186.18073000013828,"Shape_Length":677.38644048571587,"Shape_Area":28394.886767528511,"Split_Area_Floor":12000,"Split_Width_Floor":120}},{"type":"Feature","id":11167,"geometry":{"type":"Polygon","coordinates":[[[-106.40238040430796,31.922195247620355],[-106.40224786433528,31.92256657178514],[-106.40275930560587,31.922417905931564],[-106.40238040430796,31.922195247620355]]]},"properties":{"OBJECTID":11167,"PIDN":"M22699900104700","CITY_OWNED":" ","STATE_CD":"A1","LAND_ACRES":0.28989999999999999,"YR_BLT":"1979","City_Taxes":" ","District_Key(String)":"R-3","Min_Lot_Area(Double - SqFt)":6000,"Min_Lot_Width(Double - Feet)":60,"Min_Lot_Depth":90,"Front_Setback(Double - Feet)":20,"Rear_Setback(Double - Feet)":20,"Side_Setback(Double - Feet)":5,"Max_Density_Factor(Double - SqFt/Unit)":6000,"Current_Area":12093.310450484669,"Lot_Width":132.64441974461079,"Lot_Depth":166.0452715754509,"Shape_Length":597.37938264012337,"Shape_Area":22024.978699462001,"Split_Area_Floor":12000,"Split_Width_Floor":120}},{"type":"Feature","id":11168,"geometry":{"type":"Polygon","coordinates":[[[-106.40217028088273,31.922800357085467],[-106.40284047143219,31.922515922813826],[-106.40224786433528,31.92256657178514],[-106.40217028088273,31.922800357085467]]]},"properties":{"OBJECTID":11168,"PIDN":"M22699900104500","CITY_OWNED":" ","STATE_CD":"A1","LAND_ACRES":0.40739999999999998,"YR_BLT":"1979","City_Taxes":" ","District_Key(String)":"R-3","Min_Lot_Area(Double - SqFt)":6000,"Min_Lot_Width(Double - Feet)":60,"Min_Lot_Depth":90,"Front_Setback(Double - Feet)":20,"Rear_Setback(Double - Feet)":20,"Side_Setback(Double - Feet)":5,"Max_Density_Factor(Double - SqFt/Unit)":6000,"Current_Area":17463.533489977039,"Lot_Width":135.49677623808384,"Lot_Depth":213.27975717186928,"Shape_Length":697.55306681990623,"Shape_Area":28898.719533629628,"Split_Area_Floor":12000,"Split_Width_Floor":120}},{"type":"Feature","id":11169,"geometry":{"type":"Polygon","coordinates":[[[-106.43083479486231,31.921372811162716],[-106.43116174812111,31.92138327173129],[-106.4311053162601,31.921079103668962],[-106.43083479486231,31.921372811162716]]]},"properties":{"OBJECTID":11169,"PIDN":"A64299902701900","CITY_OWNED":" ","STATE_CD":"A1","LAND_ACRES":0.314,"YR_BLT":"1975","City_Taxes":" ","District_Key(String)":"R-3","Min_Lot_Area(Double - SqFt)":6000,"Min_Lot_Width(Double - Feet)":60,"Min_Lot_Depth":90,"Front_Setback(Double - Feet)":20,"Rear_Setback(Double - Feet)":20,"Side_Setback(Double - Feet)":5,"Max_Density_Factor(Double - SqFt/Unit)":6000,"Current_Area":12832.063983786318,"Lot_Width":124.06799334287643,"Lot_Depth":162.87008108198643,"Shape_Length":573.87614884972572,"Shape_Area":20206.964135433638,"Split_Area_Floor":12000,"Split_Width_Floor":120}},{"type":"Feature","id":11170,"geometry":{"type":"Polygon","coordinates":[[[-106.37829791593707,31.923982923692613],[-106.37861981853558,31.923687666750585],[-106.37852408949458,31.923489664930614],[-106.37829791593707,31.923982923692613]]]},"properties":{"OBJECTID":11170,"PIDN":"D41599900105300","CITY_OWNED":" ","STATE_CD":"A1","LAND_ACRES":0.2177,"YR_BLT":"1993","City_Taxes":" ","District_Key(String)":"R-5","Min_Lot_Area(Double - SqFt)":4500,"Min_Lot_Width(Double - Feet)":45,"Min_Lot_Depth":90,"Front_Setback(Double - Feet)":10,"Rear_Setback(Double - Feet)":10,"Side_Setback(Double - Feet)":5,"Max_Density_Factor(Double - SqFt/Unit)":4500,"Current_Area":9637.9750837469746,"Lot_Width":131.61686274409294,"Lot_Depth":177.79459191858768,"Shape_Length":618.82290932536125,"Shape_Area":23400.766401190773,"Split_Area_Floor":9000,"Split_Width_Floor":90}},{"type":"Feature","id":11171,"geometry":{"type":"Polygon","coordinates":[[[-106.37458574253536,31.924653098716199],[-106.3748655578661,31.92441533249723],[-106.37448306985689,31.924255921589214],[-106.37458574253536,31.924653098716199]]]},"properties":{"OBJECTID":11171,"PIDN":"S78299900800800","CITY_OWNED":" ","STATE_CD":"A1","LAND_ACRES":0.219,"YR_BLT":"2011","City_Taxes":" ","District_Key(String)":"R-5","Min_Lot_Area(Double - SqFt)":4500,"Min_Lot_Width(Double - Feet)":45,"Min_Lot_Depth":90,"Front_Setback(Double - Feet)":10,"Rear_Setback(Double - Feet)":10,"Side_Setback(Double - Feet)":5,"Max_Density_Factor(Double - SqFt/Unit)":4500,"Current_Area":9814.9988035669903,"Lot_Width":118.74352891743183,"Lot_Depth":147.1739182472229,"Shape_Length":531.83489432930946,"Shape_Area":17475.950417280859,"Split_Area_Floor":9000,"Split_Width_Floor":90}},{"type":"Feature","id":11172,"geometry":{"type":"Polygon","coordinates":[[[-106.4239249247904,31.922799431208531],[-106.42428944393816,31.922800089693489],[-106.42393390249053,31.922450540330299],[-106.4239249247904,31.922799431208531]]]},"properties":{"OBJECTID":11172,"PIDN":"A64299903201700","CITY_OWNED":" ","STATE_CD":"A1","LAND_ACRES":0.28139999999999998,"YR_BLT":"1979","City_Taxes":" ","District_Key(String)":"R-3","Min_Lot_Area(Double - SqFt)":6000,"Min_Lot_Width(Double - Feet)":60,"Min_Lot_Depth":90,"Front_Setback(Double - Feet)":20,"Rear_Setback(Double - Feet)":20,"Side_Setback(Double - Feet)":5,"Max_Density_Factor(Double - SqFt/Unit)":6000,"Current_Area":12189.188747538299,"Lot_Width":133.01285733282566,"Lot_Depth":147.10141183435917,"Shape_Length":560.22853833436966,"Shape_Area":19566.379105780848,"Split_Area_Floor":12000,"Split_Width_Floor":120}},{"type":"Feature","id":11173,"geometry":{"type":"Polygon","coordinates":[[[-106.37836525333631,31.925414805407694],[-106.37856010590676,31.925323078416497],[-106.37809957863426,31.925107536467277],[-106.37836525333631,31.925414805407694]]]},"properties":{"OBJECTID":11173,"PIDN":"S36399901205500","CITY_OWNED":" ","STATE_CD":"A1","LAND_ACRES":0.26640000000000003,"YR_BLT":"1983","City_Taxes":" ","District_Key(String)":"R-5","Min_Lot_Area(Double - SqFt)":4500,"Min_Lot_Width(Double - Feet)":45,"Min_Lot_Depth":90,"Front_Setback(Double - Feet)":10,"Rear_Setback(Double - Feet)":10,"Side_Setback(Double - Feet)":5,"Max_Density_Factor(Double - SqFt/Unit)":4500,"Current_Area":9569.6978448400096,"Lot_Width":127.27599216997623,"Lot_Depth":168.71422949433327,"Shape_Length":591.980443328619,"Shape_Area":21473.270952084335,"Split_Area_Floor":9000,"Split_Width_Floor":90}},{"type":"Feature","id":11174,"geometry":{"type":"Polygon","coordinates":[[[-106.40911474526706,31.924315134192863],[-106.40963466747571,31.924558400344065],[-106.40948359598796,31.924207751609682],[-106.40911474526706,31.924315134192863]]]},"properties":{"OBJECTID":11174,"PIDN":"S16299902705500","CITY_OWNED":" ","STATE_CD":"A1","LAND_ACRES":0.28889999999999999,"YR_BLT":"1974","City_Taxes":" ","District_Key(String)":"R-3","Min_Lot_Area(Double - SqFt)":6000,"Min_Lot_Width(Double - Feet)":60,"Min_Lot_Depth":90,"Front_Setback(Double - Feet)":20,"Rear_Setback(Double - Feet)":20,"Side_Setback(Double - Feet)":5,"Max_Density_Factor(Double - SqFt/Unit)":6000,"Current_Area":13337.62731413363,"Lot_Width":153.21327625215054,"Lot_Depth":156.2460785806179,"Shape_Length":618.91870966553688,"Shape_Area":23938.973600887432,"Split_Area_Floor":12000,"Split_Width_Floor":120}},{"type":"Feature","id":11175,"geometry":{"type":"Polygon","coordinates":[[[-106.40849209545129,31.924632579801639],[-106.4088496163091,31.924244110562626],[-106.40848714853477,31.924330860699708],[-106.40849209545129,31.924632579801639]]]},"properties":{"OBJECTID":11175,"PIDN":"S16299902704900","CITY_OWNED":" ","STATE_CD":"A1","LAND_ACRES":0.2999,"YR_BLT":"1974","City_Taxes":" ","District_Key(String)":"R-3","Min_Lot_Area(Double - SqFt)":6000,"Min_Lot_Width(Double - Feet)":60,"Min_Lot_Depth":90,"Front_Setback(Double - Feet)":20,"Rear_Setback(Double - Feet)":20,"Side_Setback(Double - Feet)":5,"Max_Density_Factor(Double - SqFt/Unit)":6000,"Current_Area":12642.05120795077,"Lot_Width":136.3146880120039,"Lot_Depth":139.81271249055862,"Shape_Length":552.25480100512505,"Shape_Area":19058.526283262501,"Split_Area_Floor":12000,"Split_Width_Floor":120}},{"type":"Feature","id":11176,"geometry":{"type":"Polygon","coordinates":[[[-106.43150997240556,31.92361207554961],[-106.43171084699389,31.923538532351937],[-106.43120962778298,31.923268253553541],[-106.43150997240556,31.92361207554961]]]},"properties":{"OBJECTID":11176,"PIDN":"P86399901304700","CITY_OWNED":" ","STATE_CD":"A1","LAND_ACRES":0.32279999999999998,"YR_BLT":"1979","City_Taxes":" ","District_Key(String)":"R-3","Min_Lot_Area(Double - SqFt)":6000,"Min_Lot_Width(Double - Feet)":60,"Min_Lot_Depth":90,"Front_Setback(Double - Feet)":20,"Rear_Setback(Double - Feet)":20,"Side_Setback(Double - Feet)":5,"Max_Density_Factor(Double - SqFt/Unit)":6000,"Current_Area":13688.862686999601,"Lot_Width":149.8956975787878,"Lot_Depth":161.89993865787983,"Shape_Length":623.59127247333527,"Shape_Area":24268.104243085851,"Split_Area_Floor":12000,"Split_Width_Floor":120}},{"type":"Feature","id":11177,"geometry":{"type":"Polygon","coordinates":[[[-106.4294181223796,31.92377877047095],[-106.42977036204627,31.923343583751628],[-106.42931635748397,31.923476311194033],[-106.4294181223796,31.92377877047095]]]},"properties":{"OBJECTID":11177,"PIDN":"P86399901207700","CITY_OWNED":" ","STATE_CD":"A1","LAND_ACRES":0.28199999999999997,"YR_BLT":"1979","City_Taxes":" ","District_Key(String)":"R-3","Min_Lot_Area(Double - SqFt)":6000,"Min_Lot_Width(Double - Feet)":60,"Min_Lot_Depth":90,"Front_Setback(Double - Feet)":20,"Rear_Setback(Double - Feet)":20,"Side_Setback(Double - Feet)":5,"Max_Density_Factor(Double - SqFt/Unit)":6000,"Current_Area":12064.972263590224,"Lot_Width":143.30056641995907,"Lot_Depth":152.70146624743938,"Shape_Length":592.00406533479691,"Shape_Area":21882.206606416326,"Split_Area_Floor":12000,"Split_Width_Floor":120}},{"type":"Feature","id":11178,"geometry":{"type":"Polygon","coordinates":[[[-106.37662382229421,31.926481974057801],[-106.37713164195202,31.926289521238161],[-106.37680145277713,31.926201875111875],[-106.37662382229421,31.926481974057801]]]},"properties":{"OBJECTID":11178,"PIDN":"S36399901405000","CITY_OWNED":" ","STATE_CD":"A1","LAND_ACRES":0.2268,"YR_BLT":"1985","City_Taxes":" ","District_Key(String)":"R-5","Min_Lot_Area(Double - SqFt)":4500,"Min_Lot_Width(Double - Feet)":45,"Min_Lot_Depth":90,"Front_Setback(Double - Feet)":10,"Rear_Setback(Double - Feet)":10,"Side_Setback(Double - Feet)":5,"Max_Density_Factor(Double - SqFt/Unit)":4500,"Current_Area":9730.5684220837138,"Lot_Width":112.76388208568096,"Lot_Depth":170.35431809723377,"Shape_Length":566.23640036582947,"Shape_Area":19209.814238703057,"Split_Area_Floor":9000,"Split_Width_Floor":90}},{"type":"Feature","id":11179,"geometry":{"type":"Polygon","coordinates":[[[-106.37681072947112,31.926628364359061],[-106.37720891870613,31.926444206468616],[-106.37659862894648,31.926521699857187],[-106.37681072947112,31.926628364359061]]]},"properties":{"OBJECTID":11179,"PIDN":"S36399901405100","CITY_OWNED":" ","STATE_CD":"A1","LAND_ACRES":0.2389,"YR_BLT":"1985","City_Taxes":" ","District_Key(String)":"R-5","Min_Lot_Area(Double - SqFt)":4500,"Min_Lot_Width(Double - Feet)":45,"Min_Lot_Depth":90,"Front_Setback(Double - Feet)":10,"Rear_Setback(Double - Feet)":10,"Side_Setback(Double - Feet)":5,"Max_Density_Factor(Double - SqFt/Unit)":4500,"Current_Area":10525.759187150112,"Lot_Width":114.44005982577801,"Lot_Depth":192.05998334288597,"Shape_Length":613.00008633732796,"Shape_Area":21979.3559838978,"Split_Area_Floor":9000,"Split_Width_Floor":90}},{"type":"Feature","id":11180,"geometry":{"type":"Polygon","coordinates":[[[-106.37648047832511,31.926708005823794],[-106.37681688560903,31.926957767545666],[-106.37681072947112,31.926628364359061],[-106.37648047832511,31.926708005823794]]]},"properties":{"OBJECTID":11180,"PIDN":"S36399901405600","CITY_OWNED":" ","STATE_CD":"A1","LAND_ACRES":0.24990000000000001,"YR_BLT":"1985","City_Taxes":" ","District_Key(String)":"R-5","Min_Lot_Area(Double - SqFt)":4500,"Min_Lot_Width(Double - Feet)":45,"Min_Lot_Depth":90,"Front_Setback(Double - Feet)":10,"Rear_Setback(Double - Feet)":10,"Side_Setback(Double - Feet)":5,"Max_Density_Factor(Double - SqFt/Unit)":4500,"Current_Area":10880.182966134131,"Lot_Width":103.88791558146477,"Lot_Depth":166.07315866649151,"Shape_Length":539.92214849591255,"Shape_Area":17252.994287891674,"Split_Area_Floor":9000,"Split_Width_Floor":90}},{"type":"Feature","id":11181,"geometry":{"type":"Polygon","coordinates":[[[-106.37612152222906,31.927273190082005],[-106.37664442781134,31.927053511584091],[-106.37631456796046,31.92696930343747],[-106.37612152222906,31.927273190082005]]]},"properties":{"OBJECTID":11181,"PIDN":"S36399901405800","CITY_OWNED":" ","STATE_CD":"A1","LAND_ACRES":0.2349,"YR_BLT":"1985","City_Taxes":" ","District_Key(String)":"R-5","Min_Lot_Area(Double - SqFt)":4500,"Min_Lot_Width(Double - Feet)":45,"Min_Lot_Depth":90,"Front_Setback(Double - Feet)":10,"Rear_Setback(Double - Feet)":10,"Side_Setback(Double - Feet)":5,"Max_Density_Factor(Double - SqFt/Unit)":4500,"Current_Area":10221.050287344096,"Lot_Width":114.66971816122532,"Lot_Depth":166.33923424780369,"Shape_Length":562.01790481805801,"Shape_Area":19074.073110349687,"Split_Area_Floor":9000,"Split_Width_Floor":90}},{"type":"Feature","id":11182,"geometry":{"type":"Polygon","coordinates":[[[-106.37349053918155,31.927217836612581],[-106.37377306808398,31.92743686277193],[-106.3737925769512,31.927097230650944],[-106.37349053918155,31.927217836612581]]]},"properties":{"OBJECTID":11182,"PIDN":"S78299901201500","CITY_OWNED":" ","STATE_CD":"A1","LAND_ACRES":0.23400000000000001,"YR_BLT":"2008","City_Taxes":" ","District_Key(String)":"R-5","Min_Lot_Area(Double - SqFt)":4500,"Min_Lot_Width(Double - Feet)":45,"Min_Lot_Depth":90,"Front_Setback(Double - Feet)":10,"Rear_Setback(Double - Feet)":10,"Side_Setback(Double - Feet)":5,"Max_Density_Factor(Double - SqFt/Unit)":4500,"Current_Area":10272.141608512087,"Lot_Width":95.954860582947731,"Lot_Depth":170.34381942451,"Shape_Length":532.59736001491547,"Shape_Area":16345.317444045681,"Split_Area_Floor":9000,"Split_Width_Floor":90}},{"type":"Feature","id":11183,"geometry":{"type":"Polygon","coordinates":[[[-106.37377306808398,31.92743686277193],[-106.37423157994415,31.927296569576793],[-106.3737925769512,31.927097230650944],[-106.37377306808398,31.92743686277193]]]},"properties":{"OBJECTID":11183,"PIDN":"S78299901201600","CITY_OWNED":" ","STATE_CD":"A1","LAND_ACRES":0.23499999999999999,"YR_BLT":"2009","City_Taxes":" ","District_Key(String)":"R-5","Min_Lot_Area(Double - SqFt)":4500,"Min_Lot_Width(Double - Feet)":45,"Min_Lot_Depth":90,"Front_Setback(Double - Feet)":10,"Rear_Setback(Double - Feet)":10,"Side_Setback(Double - Feet)":5,"Max_Density_Factor(Double - SqFt/Unit)":4500,"Current_Area":11214.00196637322,"Lot_Width":144.82024841010571,"Lot_Depth":148.83926925063133,"Shape_Length":587.31903532147408,"Shape_Area":21554.939946055038,"Split_Area_Floor":9000,"Split_Width_Floor":90}},{"type":"Feature","id":11184,"geometry":{"type":"Polygon","coordinates":[[[-106.37634697053245,31.927365490398504],[-106.37673155514614,31.92722028769365],[-106.37616749073827,31.927291788424672],[-106.37634697053245,31.927365490398504]]]},"properties":{"OBJECTID":11184,"PIDN":"S36399901405900","CITY_OWNED":" ","STATE_CD":"A1","LAND_ACRES":0.19719999999999999,"YR_BLT":"1985","City_Taxes":" ","District_Key(String)":"R-5","Min_Lot_Area(Double - SqFt)":4500,"Min_Lot_Width(Double - Feet)":45,"Min_Lot_Depth":90,"Front_Setback(Double - Feet)":10,"Rear_Setback(Double - Feet)":10,"Side_Setback(Double - Feet)":5,"Max_Density_Factor(Double - SqFt/Unit)":4500,"Current_Area":9489.6955445765707,"Lot_Width":111.04275691509247,"Lot_Depth":176.16336157917976,"Shape_Length":574.41223698854446,"Shape_Area":19561.6653371824,"Split_Area_Floor":9000,"Split_Width_Floor":90}},{"type":"Feature","id":11185,"geometry":{"type":"Polygon","coordinates":[[[-106.42449254549933,31.925238348726815],[-106.42483107204218,31.924827171365362],[-106.42448439486125,31.924988879132702],[-106.42449254549933,31.925238348726815]]]},"properties":{"OBJECTID":11185,"PIDN":"P86399903003600","CITY_OWNED":" ","STATE_CD":"A1","LAND_ACRES":0.23630000000000001,"YR_BLT":"1999","City_Taxes":" ","District_Key(String)":"R-3A","Min_Lot_Area(Double - SqFt)":5000,"Min_Lot_Width(Double - Feet)":50,"Min_Lot_Depth":90,"Front_Setback(Double - Feet)":15,"Rear_Setback(Double - Feet)":15,"Side_Setback(Double - Feet)":5,"Max_Density_Factor(Double - SqFt/Unit)":5000,"Current_Area":10259.613825644723,"Lot_Width":127.6562407463789,"Lot_Depth":147.26348499953747,"Shape_Length":549.83945149183273,"Shape_Area":18799.102894251711,"Split_Area_Floor":10000,"Split_Width_Floor":100}},{"type":"Feature","id":11186,"geometry":{"type":"Polygon","coordinates":[[[-106.37231530216168,31.927623579251119],[-106.37277664779231,31.927440830223862],[-106.37247100360831,31.927378745359459],[-106.37231530216168,31.927623579251119]]]},"properties":{"OBJECTID":11186,"PIDN":"S78299900803300","CITY_OWNED":" ","STATE_CD":"A1","LAND_ACRES":0.219,"YR_BLT":"2011","City_Taxes":" ","District_Key(String)":"R-5","Min_Lot_Area(Double - SqFt)":4500,"Min_Lot_Width(Double - Feet)":45,"Min_Lot_Depth":90,"Front_Setback(Double - Feet)":10,"Rear_Setback(Double - Feet)":10,"Side_Setback(Double - Feet)":5,"Max_Density_Factor(Double - SqFt/Unit)":4500,"Current_Area":9617.1255918327752,"Lot_Width":113.77405066788197,"Lot_Depth":150.51577508449554,"Shape_Length":528.57965150475502,"Shape_Area":17124.789420778921,"Split_Area_Floor":9000,"Split_Width_Floor":90}},{"type":"Feature","id":11187,"geometry":{"type":"Polygon","coordinates":[[[-106.37392784954628,31.927631714584987],[-106.37431723321282,31.927671958502767],[-106.37439928998377,31.927372721826568],[-106.37392784954628,31.927631714584987]]]},"properties":{"OBJECTID":11187,"PIDN":"S78299901201700","CITY_OWNED":" ","STATE_CD":"A1","LAND_ACRES":0.28599999999999998,"YR_BLT":"2008","City_Taxes":" ","District_Key(String)":"R-5","Min_Lot_Area(Double - SqFt)":4500,"Min_Lot_Width(Double - Feet)":45,"Min_Lot_Depth":90,"Front_Setback(Double - Feet)":10,"Rear_Setback(Double - Feet)":10,"Side_Setback(Double - Feet)":5,"Max_Density_Factor(Double - SqFt/Unit)":4500,"Current_Area":13323.908472844205,"Lot_Width":137.80812332034111,"Lot_Depth":151.61288574337959,"Shape_Length":578.84201812744141,"Shape_Area":20893.487255476441,"Split_Area_Floor":9000,"Split_Width_Floor":90}},{"type":"Feature","id":11188,"geometry":{"type":"Polygon","coordinates":[[[-106.37601547575719,31.927440703142409],[-106.37638452996299,31.927699365396844],[-106.37634697053245,31.927365490398504],[-106.37601547575719,31.927440703142409]]]},"properties":{"OBJECTID":11188,"PIDN":"S36399901407100","CITY_OWNED":" ","STATE_CD":"A1","LAND_ACRES":0.25240000000000001,"YR_BLT":"1985","City_Taxes":" ","District_Key(String)":"R-5","Min_Lot_Area(Double - SqFt)":4500,"Min_Lot_Width(Double - Feet)":45,"Min_Lot_Depth":90,"Front_Setback(Double - Feet)":10,"Rear_Setback(Double - Feet)":10,"Side_Setback(Double - Feet)":5,"Max_Density_Factor(Double - SqFt/Unit)":4500,"Current_Area":11249.424783172712,"Lot_Width":109.22583141922951,"Lot_Depth":166.3772919178009,"Shape_Length":551.20624667406082,"Shape_Area":18172.698039001658,"Split_Area_Floor":9000,"Split_Width_Floor":90}},{"type":"Feature","id":11189,"geometry":{"type":"Polygon","coordinates":[[[-106.37422368082265,31.927873006329538],[-106.37431723321282,31.927671958502767],[-106.37375040864265,31.92777792515734],[-106.37422368082265,31.927873006329538]]]},"properties":{"OBJECTID":11189,"PIDN":"S78299901201800","CITY_OWNED":" ","STATE_CD":"A1","LAND_ACRES":0.27000000000000002,"YR_BLT":"2007","City_Taxes":" ","District_Key(String)":"R-5","Min_Lot_Area(Double - SqFt)":4500,"Min_Lot_Width(Double - Feet)":45,"Min_Lot_Depth":90,"Front_Setback(Double - Feet)":10,"Rear_Setback(Double - Feet)":10,"Side_Setback(Double - Feet)":5,"Max_Density_Factor(Double - SqFt/Unit)":4500,"Current_Area":12589.198834788929,"Lot_Width":92.634657248854637,"Lot_Depth":178.33691367506981,"Shape_Length":541.94314184784889,"Shape_Area":16520.178873108671,"Split_Area_Floor":9000,"Split_Width_Floor":90}},{"type":"Feature","id":11190,"geometry":{"type":"Polygon","coordinates":[[[-106.43423685228092,31.925198672287131],[-106.43454520847622,31.924825379612706],[-106.43414319483792,31.925033339245495],[-106.43423685228092,31.925198672287131]]]},"properties":{"OBJECTID":11190,"PIDN":"P86399903402400","CITY_OWNED":" ","STATE_CD":"A1","LAND_ACRES":0.28849999999999998,"YR_BLT":"2004","City_Taxes":" ","District_Key(String)":"R-3A","Min_Lot_Area(Double - SqFt)":5000,"Min_Lot_Width(Double - Feet)":50,"Min_Lot_Depth":90,"Front_Setback(Double - Feet)":15,"Rear_Setback(Double - Feet)":15,"Side_Setback(Double - Feet)":5,"Max_Density_Factor(Double - SqFt/Unit)":5000,"Current_Area":10834.686059313901,"Lot_Width":128.69331216812134,"Lot_Depth":160.28412824869156,"Shape_Length":577.95488083362579,"Shape_Area":20627.495352304057,"Split_Area_Floor":10000,"Split_Width_Floor":100}},{"type":"Feature","id":11191,"geometry":{"type":"Polygon","coordinates":[[[-106.37519334078615,31.928300104814976],[-106.37558964331851,31.928292309873505],[-106.37532050827298,31.927983832396933],[-106.37519334078615,31.928300104814976]]]},"properties":{"OBJECTID":11191,"PIDN":"S78299900101090","CITY_OWNED":" ","STATE_CD":"A1","LAND_ACRES":0.20300000000000001,"YR_BLT":"2012","City_Taxes":" ","District_Key(String)":"R-5","Min_Lot_Area(Double - SqFt)":4500,"Min_Lot_Width(Double - Feet)":45,"Min_Lot_Depth":90,"Front_Setback(Double - Feet)":10,"Rear_Setback(Double - Feet)":10,"Side_Setback(Double - Feet)":5,"Max_Density_Factor(Double - SqFt/Unit)":4500,"Current_Area":9206.3791009033412,"Lot_Width":116.59228649735451,"Lot_Depth":122.92987224459648,"Shape_Length":479.04431748390198,"Shape_Area":14332.674883825181,"Split_Area_Floor":9000,"Split_Width_Floor":90}},{"type":"Feature","id":11192,"geometry":{"type":"Polygon","coordinates":[[[-106.37558964331851,31.928292309873505],[-106.37571995835378,31.928037105782881],[-106.37540617230812,31.927884018860016],[-106.37558964331851,31.928292309873505]]]},"properties":{"OBJECTID":11192,"PIDN":"S78299900101080","CITY_OWNED":" ","STATE_CD":"A1","LAND_ACRES":0.247,"YR_BLT":"2012","City_Taxes":" ","District_Key(String)":"R-5","Min_Lot_Area(Double - SqFt)":4500,"Min_Lot_Width(Double - Feet)":45,"Min_Lot_Depth":90,"Front_Setback(Double - Feet)":10,"Rear_Setback(Double - Feet)":10,"Side_Setback(Double - Feet)":5,"Max_Density_Factor(Double - SqFt/Unit)":4500,"Current_Area":9754.1307103111103,"Lot_Width":122.69922965764999,"Lot_Depth":152.37633566558361,"Shape_Length":550.15113064646721,"Shape_Area":18696.459004222608,"Split_Area_Floor":9000,"Split_Width_Floor":90}},{"type":"Feature","id":11193,"geometry":{"type":"Polygon","coordinates":[[[-106.42966872761974,31.926475624446987],[-106.4299079938431,31.926637299859454],[-106.42999340928475,31.926239100363521],[-106.42966872761974,31.926475624446987]]]},"properties":{"OBJECTID":11193,"PIDN":"P86399901002900","CITY_OWNED":" ","STATE_CD":"A1","LAND_ACRES":0.32729999999999998,"YR_BLT":"1997","City_Taxes":"7032.63","District_Key(String)":"R-3","Min_Lot_Area(Double - SqFt)":6000,"Min_Lot_Width(Double - Feet)":60,"Min_Lot_Depth":90,"Front_Setback(Double - Feet)":20,"Rear_Setback(Double - Feet)":20,"Side_Setback(Double - Feet)":5,"Max_Density_Factor(Double - SqFt/Unit)":6000,"Current_Area":12473.091919692761,"Lot_Width":123.196932092309,"Lot_Depth":182.4973384141922,"Shape_Length":611.3885410130024,"Shape_Area":22483.11220764037,"Split_Area_Floor":12000,"Split_Width_Floor":120}},{"type":"Feature","id":11194,"geometry":{"type":"Polygon","coordinates":[[[-106.37934784302999,31.929762128245905],[-106.37970182822281,31.929764308974203],[-106.3793763350054,31.929394637451672],[-106.37934784302999,31.929762128245905]]]},"properties":{"OBJECTID":11194,"PIDN":"D46399900302800","CITY_OWNED":" ","STATE_CD":"A1","LAND_ACRES":0.26119999999999999,"YR_BLT":"1980","City_Taxes":"4948.20","District_Key(String)":"RMH","Min_Lot_Area(Double - SqFt)":4000,"Min_Lot_Width(Double - Feet)":40,"Min_Lot_Depth":90,"Front_Setback(Double - Feet)":20,"Rear_Setback(Double - Feet)":5,"Side_Setback(Double - Feet)":5,"Max_Density_Factor(Double - SqFt/Unit)":4000,"Current_Area":11824.723298680627,"Lot_Width":114.03093992173672,"Lot_Depth":139.77465483546257,"Shape_Length":507.61118951439857,"Shape_Area":15938.635268124119,"Split_Area_Floor":8000,"Split_Width_Floor":80}},{"type":"Feature","id":11195,"geometry":{"type":"Polygon","coordinates":[[[-106.44575637084755,31.928976163445913],[-106.44627841547798,31.929001124630325],[-106.44617089867192,31.928563674746606],[-106.44575637084755,31.928976163445913]]]},"properties":{"OBJECTID":11195,"PIDN":"N42599903305700","CITY_OWNED":" ","STATE_CD":"A1","LAND_ACRES":0.39400000000000002,"YR_BLT":"1999","City_Taxes":"6548.78","District_Key(String)":"R-3","Min_Lot_Area(Double - SqFt)":6000,"Min_Lot_Width(Double - Feet)":60,"Min_Lot_Depth":90,"Front_Setback(Double - Feet)":20,"Rear_Setback(Double - Feet)":20,"Side_Setback(Double - Feet)":5,"Max_Density_Factor(Double - SqFt/Unit)":6000,"Current_Area":16703.326235170054,"Lot_Width":160.73688325285912,"Lot_Depth":187.89365307986736,"Shape_Length":697.26107266545296,"Shape_Area":30201.440179051853,"Split_Area_Floor":12000,"Split_Width_Floor":120}},{"type":"Feature","id":11196,"geometry":{"type":"Polygon","coordinates":[[[-106.43919849990485,31.930429246480031],[-106.43966563501952,31.930419745306732],[-106.43965359360098,31.930196334654685],[-106.43919849990485,31.930429246480031]]]},"properties":{"OBJECTID":11196,"PIDN":"N42599901805300","CITY_OWNED":" ","STATE_CD":"A1","LAND_ACRES":0.29699999999999999,"YR_BLT":"1996","City_Taxes":"8179.36","District_Key(String)":"R-3A","Min_Lot_Area(Double - SqFt)":5000,"Min_Lot_Width(Double - Feet)":50,"Min_Lot_Depth":90,"Front_Setback(Double - Feet)":15,"Rear_Setback(Double - Feet)":15,"Side_Setback(Double - Feet)":5,"Max_Density_Factor(Double - SqFt/Unit)":5000,"Current_Area":12636.773455458151,"Lot_Width":134.0007162541151,"Lot_Depth":147.46591241657734,"Shape_Length":562.93325734138489,"Shape_Area":19760.537886887971,"Split_Area_Floor":10000,"Split_Width_Floor":100}},{"type":"Feature","id":11197,"geometry":{"type":"Polygon","coordinates":[[[-106.4497930531144,31.930520633936478],[-106.45007015891666,31.930059958317642],[-106.44936771856841,31.930031584961466],[-106.4497930531144,31.930520633936478]]]},"properties":{"OBJECTID":11197,"PIDN":"N42599900104400","CITY_OWNED":" ","STATE_CD":"A1","LAND_ACRES":0.80840000000000001,"YR_BLT":"1996","City_Taxes":"5709.55","District_Key(String)":"R-3","Min_Lot_Area(Double - SqFt)":6000,"Min_Lot_Width(Double - Feet)":60,"Min_Lot_Depth":90,"Front_Setback(Double - Feet)":20,"Rear_Setback(Double - Feet)":20,"Side_Setback(Double - Feet)":5,"Max_Density_Factor(Double - SqFt/Unit)":6000,"Current_Area":34449.803800021575,"Lot_Width":188.34640808403492,"Lot_Depth":239.74394309520721,"Shape_Length":856.18070235848427,"Shape_Area":45154.910541885547,"Split_Area_Floor":12000,"Split_Width_Floor":120}},{"type":"Feature","id":11198,"geometry":{"type":"Polygon","coordinates":[[[-106.43805082903737,31.931190940229946],[-106.43810828983389,31.930848731864639],[-106.43774420502429,31.931038749309121],[-106.43805082903737,31.931190940229946]]]},"properties":{"OBJECTID":11198,"PIDN":"N42599901804100","CITY_OWNED":" ","STATE_CD":"A1","LAND_ACRES":0.28399999999999997,"YR_BLT":"1997","City_Taxes":"11777.36","District_Key(String)":"R-3A","Min_Lot_Area(Double - SqFt)":5000,"Min_Lot_Width(Double - Feet)":50,"Min_Lot_Depth":90,"Front_Setback(Double - Feet)":15,"Rear_Setback(Double - Feet)":15,"Side_Setback(Double - Feet)":5,"Max_Density_Factor(Double - SqFt/Unit)":5000,"Current_Area":12175.275620140281,"Lot_Width":123.83833500742912,"Lot_Depth":146.274313762784,"Shape_Length":540.22529754042625,"Shape_Area":18114.367470737445,"Split_Area_Floor":10000,"Split_Width_Floor":100}},{"type":"Feature","id":11199,"geometry":{"type":"Polygon","coordinates":[[[-106.43950584134699,31.931162712612906],[-106.43967605884094,31.930931026146641],[-106.43933908737242,31.930793480784171],[-106.43950584134699,31.931162712612906]]]},"properties":{"OBJECTID":11199,"PIDN":"N42599901805000","CITY_OWNED":" ","STATE_CD":"A1","LAND_ACRES":0.26950000000000002,"YR_BLT":"1999","City_Taxes":"9061.60","District_Key(String)":"R-3A","Min_Lot_Area(Double - SqFt)":5000,"Min_Lot_Width(Double - Feet)":50,"Min_Lot_Depth":90,"Front_Setback(Double - Feet)":15,"Rear_Setback(Double - Feet)":15,"Side_Setback(Double - Feet)":5,"Max_Density_Factor(Double - SqFt/Unit)":5000,"Current_Area":10503.147673976553,"Lot_Width":121.89214466512203,"Lot_Depth":138.55352866649628,"Shape_Length":520.89134666323662,"Shape_Area":16888.586760079696,"Split_Area_Floor":10000,"Split_Width_Floor":100}},{"type":"Feature","id":11200,"geometry":{"type":"Polygon","coordinates":[[[-106.40696929808171,31.932884379091657],[-106.40732916565302,31.932635044074395],[-106.40691990745499,31.932638945950146],[-106.40696929808171,31.932884379091657]]]},"properties":{"OBJECTID":11200,"PIDN":"N49099900100280","CITY_OWNED":" ","STATE_CD":"A1","LAND_ACRES":0.2404,"YR_BLT":"1986","City_Taxes":"5977.75","District_Key(String)":"P-R 1","Min_Lot_Area(Double - SqFt)":4000,"Min_Lot_Width(Double - Feet)":40,"Min_Lot_Depth":100,"Front_Setback(Double - Feet)":10,"Rear_Setback(Double - Feet)":10,"Side_Setback(Double - Feet)":5,"Max_Density_Factor(Double - SqFt/Unit)":4000,"Current_Area":11368.115210755763,"Lot_Width":96.565751746296883,"Lot_Depth":129.3084684163332,"Shape_Length":451.74844032526016,"Shape_Area":12486.769459785502,"Split_Area_Floor":8000,"Split_Width_Floor":80}},{"type":"Feature","id":11201,"geometry":{"type":"Polygon","coordinates":[[[-106.45007248689278,31.93233104234044],[-106.45010239455583,31.93180585724237],[-106.44966395370093,31.931846147844357],[-106.45007248689278,31.93233104234044]]]},"properties":{"OBJECTID":11201,"PIDN":"N42599900106100","CITY_OWNED":" ","STATE_CD":"A1","LAND_ACRES":0.41139999999999999,"YR_BLT":"1996","City_Taxes":"9456.27","District_Key(String)":"R-3","Min_Lot_Area(Double - SqFt)":6000,"Min_Lot_Width(Double - Feet)":60,"Min_Lot_Depth":90,"Front_Setback(Double - Feet)":20,"Rear_Setback(Double - Feet)":20,"Side_Setback(Double - Feet)":5,"Max_Density_Factor(Double - SqFt/Unit)":6000,"Current_Area":17474.056216762248,"Lot_Width":149.76413616538048,"Lot_Depth":203.44447499513626,"Shape_Length":706.41722232103348,"Shape_Area":30468.686055265931,"Split_Area_Floor":12000,"Split_Width_Floor":120}},{"type":"Feature","id":11202,"geometry":{"type":"Polygon","coordinates":[[[-106.43501269778544,31.933902280898657],[-106.43546595421066,31.933849637787279],[-106.43546393535034,31.933593254709436],[-106.43501269778544,31.933902280898657]]]},"properties":{"OBJECTID":11202,"PIDN":"N42599902203200","CITY_OWNED":" ","STATE_CD":"A1","LAND_ACRES":0.31030000000000002,"YR_BLT":"1994","City_Taxes":"7243.93","District_Key(String)":"R-3A","Min_Lot_Area(Double - SqFt)":5000,"Min_Lot_Width(Double - Feet)":50,"Min_Lot_Depth":90,"Front_Setback(Double - Feet)":15,"Rear_Setback(Double - Feet)":15,"Side_Setback(Double - Feet)":5,"Max_Density_Factor(Double - SqFt/Unit)":5000,"Current_Area":13888.317804095686,"Lot_Width":138.50365999341011,"Lot_Depth":145.94655850529671,"Shape_Length":568.90043699741364,"Shape_Area":20214.132516425951,"Split_Area_Floor":10000,"Split_Width_Floor":100}},{"type":"Feature","id":11203,"geometry":{"type":"Polygon","coordinates":[[[-106.42876943170378,31.934459842861223],[-106.42935051423873,31.934147411776557],[-106.42885108913994,31.934156548403191],[-106.42876943170378,31.934459842861223]]]},"properties":{"OBJECTID":11203,"PIDN":"S13799901202650","CITY_OWNED":" ","STATE_CD":"A1","LAND_ACRES":0.29409999999999997,"YR_BLT":"2012","City_Taxes":"8563.38","District_Key(String)":"R-3A","Min_Lot_Area(Double - SqFt)":5000,"Min_Lot_Width(Double - Feet)":50,"Min_Lot_Depth":90,"Front_Setback(Double - Feet)":15,"Rear_Setback(Double - Feet)":15,"Side_Setback(Double - Feet)":5,"Max_Density_Factor(Double - SqFt/Unit)":5000,"Current_Area":12812.260901198035,"Lot_Width":130.49219307303429,"Lot_Depth":186.23059867322445,"Shape_Length":633.44558349251747,"Shape_Area":24301.639238173168,"Split_Area_Floor":10000,"Split_Width_Floor":100}},{"type":"Feature","id":11204,"geometry":{"type":"Polygon","coordinates":[[[-106.42899241851069,31.934615912535556],[-106.42936213449734,31.934609146491677],[-106.42935051423873,31.934147411776557],[-106.42899241851069,31.934615912535556]]]},"properties":{"OBJECTID":11204,"PIDN":"S13799901202750","CITY_OWNED":" ","STATE_CD":"A1","LAND_ACRES":0.30769999999999997,"YR_BLT":"2013","City_Taxes":"9528.11","District_Key(String)":"R-3A","Min_Lot_Area(Double - SqFt)":5000,"Min_Lot_Width(Double - Feet)":50,"Min_Lot_Depth":90,"Front_Setback(Double - Feet)":15,"Rear_Setback(Double - Feet)":15,"Side_Setback(Double - Feet)":5,"Max_Density_Factor(Double - SqFt/Unit)":5000,"Current_Area":13405.009130663992,"Lot_Width":138.86881674826145,"Lot_Depth":167.92551715672016,"Shape_Length":613.58866780996323,"Shape_Area":23319.617869393605,"Split_Area_Floor":10000,"Split_Width_Floor":100}},{"type":"Feature","id":11205,"geometry":{"type":"Polygon","coordinates":[[[-106.43853552422689,31.934459455846579],[-106.43891424025283,31.934413570582539],[-106.43863495801359,31.934100717597033],[-106.43853552422689,31.934459455846579]]]},"properties":{"OBJECTID":11205,"PIDN":"N42599901405900","CITY_OWNED":" ","STATE_CD":"A1","LAND_ACRES":0.24859999999999999,"YR_BLT":"1992","City_Taxes":"7998.31","District_Key(String)":"R-3A","Min_Lot_Area(Double - SqFt)":5000,"Min_Lot_Width(Double - Feet)":50,"Min_Lot_Depth":90,"Front_Setback(Double - Feet)":15,"Rear_Setback(Double - Feet)":15,"Side_Setback(Double - Feet)":5,"Max_Density_Factor(Double - SqFt/Unit)":5000,"Current_Area":11291.346017288093,"Lot_Width":118.23204700648785,"Lot_Depth":151.89995867013931,"Shape_Length":540.26401135325432,"Shape_Area":17959.443053771472,"Split_Area_Floor":10000,"Split_Width_Floor":100}},{"type":"Feature","id":11206,"geometry":{"type":"Polygon","coordinates":[[[-106.41795476170877,31.935432990780562],[-106.41835282113105,31.935444299377156],[-106.41782696452087,31.935241339168641],[-106.41795476170877,31.935432990780562]]]},"properties":{"OBJECTID":11206,"PIDN":"S13899900100470","CITY_OWNED":" ","STATE_CD":"A1","LAND_ACRES":0.2324,"YR_BLT":"2007","City_Taxes":"8327.19","District_Key(String)":"R-3A","Min_Lot_Area(Double - SqFt)":5000,"Min_Lot_Width(Double - Feet)":50,"Min_Lot_Depth":90,"Front_Setback(Double - Feet)":15,"Rear_Setback(Double - Feet)":15,"Side_Setback(Double - Feet)":5,"Max_Density_Factor(Double - SqFt/Unit)":5000,"Current_Area":10120.796176785771,"Lot_Width":127.11982449889183,"Lot_Depth":158.85991849005222,"Shape_Length":571.95948597788811,"Shape_Area":20194.244958363699,"Split_Area_Floor":10000,"Split_Width_Floor":100}},{"type":"Feature","id":11207,"geometry":{"type":"Polygon","coordinates":[[[-106.43925848438539,31.935231952939837],[-106.43948751985268,31.935063003694214],[-106.43910299402044,31.934880389740101],[-106.43925848438539,31.935231952939837]]]},"properties":{"OBJECTID":11207,"PIDN":"N42599901405200","CITY_OWNED":" ","STATE_CD":"A1","LAND_ACRES":0.28520000000000001,"YR_BLT":"1992","City_Taxes":"7499.23","District_Key(String)":"R-3A","Min_Lot_Area(Double - SqFt)":5000,"Min_Lot_Width(Double - Feet)":50,"Min_Lot_Depth":90,"Front_Setback(Double - Feet)":15,"Rear_Setback(Double - Feet)":15,"Side_Setback(Double - Feet)":5,"Max_Density_Factor(Double - SqFt/Unit)":5000,"Current_Area":12425.1732556103,"Lot_Width":132.5994723290205,"Lot_Depth":146.96788191795349,"Shape_Length":559.13470849394798,"Shape_Area":19487.863591634425,"Split_Area_Floor":10000,"Split_Width_Floor":100}},{"type":"Feature","id":11208,"geometry":{"type":"Polygon","coordinates":[[[-106.41834242735437,31.926504650979364],[-106.4187664821508,31.926749295391186],[-106.4187008916653,31.926399866983878],[-106.41834242735437,31.926504650979364]]]},"properties":{"OBJECTID":11208,"PIDN":"S16299901100300","CITY_OWNED":" ","STATE_CD":"A1","LAND_ACRES":0.1515,"YR_BLT":"1983","City_Taxes":" ","District_Key(String)":"R-3","Min_Lot_Area(Double - SqFt)":6000,"Min_Lot_Width(Double - Feet)":60,"Min_Lot_Depth":90,"Front_Setback(Double - Feet)":20,"Rear_Setback(Double - Feet)":20,"Side_Setback(Double - Feet)":5,"Max_Density_Factor(Double - SqFt/Unit)":6000,"Current_Area":12944.049656793173,"Lot_Width":126.50696483254433,"Lot_Depth":159.37763400375843,"Shape_Length":571.76919767260551,"Shape_Area":20162.380740007589,"Split_Area_Floor":12000,"Split_Width_Floor":120}},{"type":"Feature","id":11209,"geometry":{"type":"Polygon","coordinates":[[[-106.42220917722133,31.926714672523296],[-106.42240448228182,31.926432128610035],[-106.42207102733106,31.926271490457687],[-106.42220917722133,31.926714672523296]]]},"properties":{"OBJECTID":11209,"PIDN":"S16299900504500","CITY_OWNED":" ","STATE_CD":"A1","LAND_ACRES":0.28999999999999998,"YR_BLT":"1979","City_Taxes":" ","District_Key(String)":"R-3","Min_Lot_Area(Double - SqFt)":6000,"Min_Lot_Width(Double - Feet)":60,"Min_Lot_Depth":90,"Front_Setback(Double - Feet)":20,"Rear_Setback(Double - Feet)":20,"Side_Setback(Double - Feet)":5,"Max_Density_Factor(Double - SqFt/Unit)":6000,"Current_Area":12435.959049586447,"Lot_Width":125.81405283510685,"Lot_Depth":166.32217392325401,"Shape_Length":584.27245351672173,"Shape_Area":20925.666777630111,"Split_Area_Floor":12000,"Split_Width_Floor":120}},{"type":"Feature","id":11210,"geometry":{"type":"Polygon","coordinates":[[[-106.42240933002758,31.926713546668648],[-106.42274023867192,31.926307436278925],[-106.42240448228182,31.926432128610035],[-106.42240933002758,31.926713546668648]]]},"properties":{"OBJECTID":11210,"PIDN":"S16299900505500","CITY_OWNED":" ","STATE_CD":"A1","LAND_ACRES":0.27289999999999998,"YR_BLT":"1979","City_Taxes":" ","District_Key(String)":"R-3","Min_Lot_Area(Double - SqFt)":6000,"Min_Lot_Width(Double - Feet)":60,"Min_Lot_Depth":90,"Front_Setback(Double - Feet)":20,"Rear_Setback(Double - Feet)":20,"Side_Setback(Double - Feet)":5,"Max_Density_Factor(Double - SqFt/Unit)":6000,"Current_Area":13049.002244365873,"Lot_Width":140.65326200425625,"Lot_Depth":143.88160200417042,"Shape_Length":569.06972801685333,"Shape_Area":20237.416664284701,"Split_Area_Floor":12000,"Split_Width_Floor":120}},{"type":"Feature","id":11211,"geometry":{"type":"Polygon","coordinates":[[[-106.42553007790822,31.926588964588674],[-106.42575782613973,31.926199084184798],[-106.42535366884248,31.926354516580744],[-106.42553007790822,31.926588964588674]]]},"properties":{"OBJECTID":11211,"PIDN":"P86399903102300","CITY_OWNED":" ","STATE_CD":"A1","LAND_ACRES":0.29170000000000001,"YR_BLT":"1997","City_Taxes":" ","District_Key(String)":"R-3A","Min_Lot_Area(Double - SqFt)":5000,"Min_Lot_Width(Double - Feet)":50,"Min_Lot_Depth":90,"Front_Setback(Double - Feet)":15,"Rear_Setback(Double - Feet)":15,"Side_Setback(Double - Feet)":5,"Max_Density_Factor(Double - SqFt/Unit)":5000,"Current_Area":12758.867789760921,"Lot_Width":138.07321466505527,"Lot_Depth":150.07614341378212,"Shape_Length":576.29871615767479,"Shape_Area":20721.495565674759,"Split_Area_Floor":10000,"Split_Width_Floor":100}},{"type":"Feature","id":11212,"geometry":{"type":"Polygon","coordinates":[[[-106.42322894853136,31.926696978702068],[-106.42337163187007,31.926447993285034],[-106.42304240700079,31.926322084651712],[-106.42322894853136,31.926696978702068]]]},"properties":{"OBJECTID":11212,"PIDN":"S16299900505900","CITY_OWNED":" ","STATE_CD":"A1","LAND_ACRES":0.29799999999999999,"YR_BLT":"1979","City_Taxes":" ","District_Key(String)":"R-3","Min_Lot_Area(Double - SqFt)":6000,"Min_Lot_Width(Double - Feet)":60,"Min_Lot_Depth":90,"Front_Setback(Double - Feet)":20,"Rear_Setback(Double - Feet)":20,"Side_Setback(Double - Feet)":5,"Max_Density_Factor(Double - SqFt/Unit)":6000,"Current_Area":13116.581768007274,"Lot_Width":130.85111625492573,"Lot_Depth":141.34945483505726,"Shape_Length":544.40114217996597,"Shape_Area":18495.73394719245,"Split_Area_Floor":12000,"Split_Width_Floor":120}},{"type":"Feature","id":11213,"geometry":{"type":"Polygon","coordinates":[[[-106.38013702483532,31.928728144702916],[-106.38045419954699,31.92885922787476],[-106.38045314983141,31.928533442236148],[-106.38013702483532,31.928728144702916]]]},"properties":{"OBJECTID":11213,"PIDN":"D46399900201700","CITY_OWNED":" ","STATE_CD":"A1","LAND_ACRES":0.1983,"YR_BLT":"NULL","City_Taxes":" ","District_Key(String)":"RMH","Min_Lot_Area(Double - SqFt)":4000,"Min_Lot_Width(Double - Feet)":40,"Min_Lot_Depth":90,"Front_Setback(Double - Feet)":20,"Rear_Setback(Double - Feet)":5,"Side_Setback(Double - Feet)":5,"Max_Density_Factor(Double - SqFt/Unit)":4000,"Current_Area":9046.3535840524073,"Lot_Width":101.78457333147526,"Lot_Depth":123.17035733163357,"Shape_Length":449.90986132621765,"Shape_Area":12536.842268085667,"Split_Area_Floor":8000,"Split_Width_Floor":80}},{"type":"Feature","id":11214,"geometry":{"type":"Polygon","coordinates":[[[-106.42769943301245,31.926465454390094],[-106.42806861080877,31.926709103952181],[-106.42808561536826,31.92638764332056],[-106.42769943301245,31.926465454390094]]]},"properties":{"OBJECTID":11214,"PIDN":"P86399902602100","CITY_OWNED":" ","STATE_CD":"A1","LAND_ACRES":0.27689999999999998,"YR_BLT":"2002","City_Taxes":" ","District_Key(String)":"R-3","Min_Lot_Area(Double - SqFt)":6000,"Min_Lot_Width(Double - Feet)":60,"Min_Lot_Depth":90,"Front_Setback(Double - Feet)":20,"Rear_Setback(Double - Feet)":20,"Side_Setback(Double - Feet)":5,"Max_Density_Factor(Double - SqFt/Unit)":6000,"Current_Area":12519.245927954024,"Lot_Width":121.19004634022713,"Lot_Depth":169.05642041563988,"Shape_Length":580.49293351173401,"Shape_Area":20487.955424284315,"Split_Area_Floor":12000,"Split_Width_Floor":120}},{"type":"Feature","id":11215,"geometry":{"type":"Polygon","coordinates":[[[-106.39246223650753,31.928786306437672],[-106.39279333809522,31.928801634112602],[-106.39267013622563,31.928610550204507],[-106.39246223650753,31.928786306437672]]]},"properties":{"OBJECTID":11215,"PIDN":"S67099900200010","CITY_OWNED":" ","STATE_CD":"A1","LAND_ACRES":0.19869999999999999,"YR_BLT":"1998","City_Taxes":" ","District_Key(String)":"A-2","Min_Lot_Area(Double - SqFt)":3500,"Min_Lot_Width(Double - Feet)":35,"Min_Lot_Depth":90,"Front_Setback(Double - Feet)":10,"Rear_Setback(Double - Feet)":15,"Side_Setback(Double - Feet)":5,"Max_Density_Factor(Double - SqFt/Unit)":3500,"Current_Area":8020.7487731944602,"Lot_Width":101.68122708797455,"Lot_Depth":103.97715425491333,"Shape_Length":411.31676268577576,"Shape_Area":10572.524633755202,"Split_Area_Floor":7000,"Split_Width_Floor":70}},{"type":"Feature","id":11216,"geometry":{"type":"Polygon","coordinates":[[[-106.41949753139477,31.927472673978958],[-106.41987704347635,31.927670017249181],[-106.41960062432301,31.9271614795516],[-106.41949753139477,31.927472673978958]]]},"properties":{"OBJECTID":11216,"PIDN":"S16299900305300","CITY_OWNED":" ","STATE_CD":"A1","LAND_ACRES":0.30320000000000003,"YR_BLT":"1992","City_Taxes":" ","District_Key(String)":"R-3A","Min_Lot_Area(Double - SqFt)":5000,"Min_Lot_Width(Double - Feet)":50,"Min_Lot_Depth":90,"Front_Setback(Double - Feet)":15,"Rear_Setback(Double - Feet)":15,"Side_Setback(Double - Feet)":5,"Max_Density_Factor(Double - SqFt/Unit)":5000,"Current_Area":11851.107112966487,"Lot_Width":113.64642624557018,"Lot_Depth":199.21548083424568,"Shape_Length":625.72381415963173,"Shape_Area":22640.127449604901,"Split_Area_Floor":10000,"Split_Width_Floor":100}},{"type":"Feature","id":11217,"geometry":{"type":"Polygon","coordinates":[[[-106.39246886731243,31.929350827313236],[-106.39290910875357,31.929422007976122],[-106.39292118778432,31.929251945037393],[-106.39246886731243,31.929350827313236]]]},"properties":{"OBJECTID":11217,"PIDN":"S67099900200050","CITY_OWNED":" ","STATE_CD":"A1","LAND_ACRES":0.15659999999999999,"YR_BLT":"1999","City_Taxes":" ","District_Key(String)":"A-2","Min_Lot_Area(Double - SqFt)":3500,"Min_Lot_Width(Double - Feet)":35,"Min_Lot_Depth":90,"Front_Setback(Double - Feet)":10,"Rear_Setback(Double - Feet)":15,"Side_Setback(Double - Feet)":5,"Max_Density_Factor(Double - SqFt/Unit)":3500,"Current_Area":7511.1925713432975,"Lot_Width":79.155681595206261,"Lot_Depth":142.08632999658585,"Shape_Length":442.48402318358421,"Shape_Area":11246.940296241153,"Split_Area_Floor":7000,"Split_Width_Floor":70}},{"type":"Feature","id":11218,"geometry":{"type":"Polygon","coordinates":[[[-106.42042733244205,31.928165485826135],[-106.42084327471925,31.927757957638626],[-106.42036517774386,31.92789185889692],[-106.42042733244205,31.928165485826135]]]},"properties":{"OBJECTID":11218,"PIDN":"S16299900302700","CITY_OWNED":" ","STATE_CD":"A1","LAND_ACRES":0.40160000000000001,"YR_BLT":"1978","City_Taxes":" ","District_Key(String)":"R-3A","Min_Lot_Area(Double - SqFt)":5000,"Min_Lot_Width(Double - Feet)":50,"Min_Lot_Depth":90,"Front_Setback(Double - Feet)":15,"Rear_Setback(Double - Feet)":15,"Side_Setback(Double - Feet)":5,"Max_Density_Factor(Double - SqFt/Unit)":5000,"Current_Area":17195.897485008427,"Lot_Width":143.38258725404739,"Lot_Depth":191.85722783207893,"Shape_Length":670.47963017225266,"Shape_Area":27508.985709952707,"Split_Area_Floor":10000,"Split_Width_Floor":100}},{"type":"Feature","id":11219,"geometry":{"type":"Polygon","coordinates":[[[-106.42111095109411,31.927836387356834],[-106.42146550934518,31.928147635878304],[-106.42158596936024,31.927801235490794],[-106.42111095109411,31.927836387356834]]]},"properties":{"OBJECTID":11219,"PIDN":"S16299900302100","CITY_OWNED":" ","STATE_CD":"A1","LAND_ACRES":0.2979,"YR_BLT":"1979","City_Taxes":" ","District_Key(String)":"R-3","Min_Lot_Area(Double - SqFt)":6000,"Min_Lot_Width(Double - Feet)":60,"Min_Lot_Depth":90,"Front_Setback(Double - Feet)":20,"Rear_Setback(Double - Feet)":20,"Side_Setback(Double - Feet)":5,"Max_Density_Factor(Double - SqFt/Unit)":6000,"Current_Area":12786.768002778514,"Lot_Width":147.85928432643414,"Lot_Depth":175.18534517288208,"Shape_Length":646.08925899863243,"Shape_Area":25902.779761741676,"Split_Area_Floor":12000,"Split_Width_Floor":120}},{"type":"Feature","id":11220,"geometry":{"type":"Polygon","coordinates":[[[-106.40624412884659,31.928962226004412],[-106.40662996690986,31.92860309579698],[-106.40624105318894,31.928602668517879],[-106.40624412884659,31.928962226004412]]]},"properties":{"OBJECTID":11220,"PIDN":"N49099900400220","CITY_OWNED":" ","STATE_CD":"A1","LAND_ACRES":0.33229999999999998,"YR_BLT":"1987","City_Taxes":" ","District_Key(String)":"R-4","Min_Lot_Area(Double - SqFt)":6000,"Min_Lot_Width(Double - Feet)":50,"Min_Lot_Depth":90,"Front_Setback(Double - Feet)":10,"Rear_Setback(Double - Feet)":10,"Side_Setback(Double - Feet)":5,"Max_Density_Factor(Double - SqFt/Unit)":6000,"Current_Area":13875.432791571753,"Lot_Width":134.58831349015236,"Lot_Depth":150.90750658512115,"Shape_Length":570.99164015054703,"Shape_Area":20310.386804295518,"Split_Area_Floor":12000,"Split_Width_Floor":100}},{"type":"Feature","id":11221,"geometry":{"type":"Polygon","coordinates":[[[-106.39302909174339,31.929476560895932],[-106.39339984251257,31.929812847745087],[-106.39302161519608,31.928910210617413],[-106.39302909174339,31.929476560895932]]]},"properties":{"OBJECTID":11221,"PIDN":"S67099900300010","CITY_OWNED":" ","STATE_CD":"A1","LAND_ACRES":0.34689999999999999,"YR_BLT":"1998","City_Taxes":" ","District_Key(String)":"A-2","Min_Lot_Area(Double - SqFt)":3500,"Min_Lot_Width(Double - Feet)":35,"Min_Lot_Depth":90,"Front_Setback(Double - Feet)":10,"Rear_Setback(Double - Feet)":15,"Side_Setback(Double - Feet)":5,"Max_Density_Factor(Double - SqFt/Unit)":3500,"Current_Area":18841.18504548696,"Lot_Width":117.26649776101112,"Lot_Depth":350.271937251091,"Shape_Length":935.07687002420425,"Shape_Area":41075.163345400091,"Split_Area_Floor":7000,"Split_Width_Floor":70}},{"type":"Feature","id":11222,"geometry":{"type":"Polygon","coordinates":[[[-106.40771040422403,31.9290162543729],[-106.40816162090572,31.929267230093227],[-106.40816434983087,31.928957386567983],[-106.40771040422403,31.9290162543729]]]},"properties":{"OBJECTID":11222,"PIDN":"C76299900101600","CITY_OWNED":" ","STATE_CD":"A1","LAND_ACRES":0.24390000000000001,"YR_BLT":"1993","City_Taxes":" ","District_Key(String)":"R-5","Min_Lot_Area(Double - SqFt)":4500,"Min_Lot_Width(Double - Feet)":45,"Min_Lot_Depth":90,"Front_Setback(Double - Feet)":10,"Rear_Setback(Double - Feet)":10,"Side_Setback(Double - Feet)":5,"Max_Density_Factor(Double - SqFt/Unit)":4500,"Current_Area":11014.766684523023,"Lot_Width":127.60998100042343,"Lot_Depth":141.79958516359329,"Shape_Length":538.81913232803345,"Shape_Area":18095.042368594066,"Split_Area_Floor":9000,"Split_Width_Floor":90}},{"type":"Feature","id":11223,"geometry":{"type":"Polygon","coordinates":[[[-106.3906919988251,31.929884824806066],[-106.39114402544469,31.930135037610356],[-106.39109064605289,31.929885349265444],[-106.3906919988251,31.929884824806066]]]},"properties":{"OBJECTID":11223,"PIDN":"S67099900100160","CITY_OWNED":" ","STATE_CD":"A1","LAND_ACRES":0.18360000000000001,"YR_BLT":"1998","City_Taxes":" ","District_Key(String)":"A-2","Min_Lot_Area(Double - SqFt)":3500,"Min_Lot_Width(Double - Feet)":35,"Min_Lot_Depth":90,"Front_Setback(Double - Feet)":10,"Rear_Setback(Double - Feet)":15,"Side_Setback(Double - Feet)":5,"Max_Density_Factor(Double - SqFt/Unit)":3500,"Current_Area":7996.3508897453758,"Lot_Width":113.74222658574581,"Lot_Depth":135.08142274618149,"Shape_Length":497.6472986638546,"Shape_Area":15364.461793521094,"Split_Area_Floor":7000,"Split_Width_Floor":70}},{"type":"Feature","id":11224,"geometry":{"type":"Polygon","coordinates":[[[-106.39255433938742,31.930017593692046],[-106.39260591638151,31.930175553040289],[-106.39296469303238,31.93001217175075],[-106.39255433938742,31.930017593692046]]]},"properties":{"OBJECTID":11224,"PIDN":"S67099900200100","CITY_OWNED":" ","STATE_CD":"A1","LAND_ACRES":0.1686,"YR_BLT":"1999","City_Taxes":" ","District_Key(String)":"A-2","Min_Lot_Area(Double - SqFt)":3500,"Min_Lot_Width(Double - Feet)":35,"Min_Lot_Depth":90,"Front_Setback(Double - Feet)":10,"Rear_Setback(Double - Feet)":15,"Side_Setback(Double - Feet)":5,"Max_Density_Factor(Double - SqFt/Unit)":3500,"Current_Area":8024.3210658789794,"Lot_Width":89.54936158657074,"Lot_Depth":129.05912508070469,"Shape_Length":437.21697333455086,"Shape_Area":11557.162257898484,"Split_Area_Floor":7000,"Split_Width_Floor":70}},{"type":"Feature","id":11225,"geometry":{"type":"Polygon","coordinates":[[[-106.39069704665472,31.930206567665849],[-106.391055769557,31.930181027901831],[-106.3906919988251,31.929884824806066],[-106.39069704665472,31.930206567665849]]]},"properties":{"OBJECTID":11225,"PIDN":"S67099900100170","CITY_OWNED":" ","STATE_CD":"A1","LAND_ACRES":0.17999999999999999,"YR_BLT":"1998","City_Taxes":" ","District_Key(String)":"A-2","Min_Lot_Area(Double - SqFt)":3500,"Min_Lot_Width(Double - Feet)":35,"Min_Lot_Depth":90,"Front_Setback(Double - Feet)":10,"Rear_Setback(Double - Feet)":15,"Side_Setback(Double - Feet)":5,"Max_Density_Factor(Double - SqFt/Unit)":3500,"Current_Area":8092.6230145031222,"Lot_Width":111.63625966012478,"Lot_Depth":143.4065373390913,"Shape_Length":510.08559399843216,"Shape_Area":16009.369439346176,"Split_Area_Floor":7000,"Split_Width_Floor":70}},{"type":"Feature","id":11226,"geometry":{"type":"Polygon","coordinates":[[[-106.40485042924433,31.929237781032015],[-106.40531518187767,31.929527819727728],[-106.40511778749423,31.929152710210474],[-106.40485042924433,31.929237781032015]]]},"properties":{"OBJECTID":11226,"PIDN":"N49099900400160","CITY_OWNED":" ","STATE_CD":"A1","LAND_ACRES":0.2858,"YR_BLT":"1986","City_Taxes":" ","District_Key(String)":"R-4","Min_Lot_Area(Double - SqFt)":6000,"Min_Lot_Width(Double - Feet)":50,"Min_Lot_Depth":90,"Front_Setback(Double - Feet)":10,"Rear_Setback(Double - Feet)":10,"Side_Setback(Double - Feet)":5,"Max_Density_Factor(Double - SqFt/Unit)":6000,"Current_Area":12568.204635598331,"Lot_Width":138.22183641791344,"Lot_Depth":169.86908282339573,"Shape_Length":616.18183848261833,"Shape_Area":23479.616578476394,"Split_Area_Floor":12000,"Split_Width_Floor":100}},{"type":"Feature","id":11227,"geometry":{"type":"Polygon","coordinates":[[[-106.42077995727372,31.928898124337429],[-106.42137436250052,31.928834942455925],[-106.42097923175481,31.928669626937431],[-106.42077995727372,31.928898124337429]]]},"properties":{"OBJECTID":11227,"PIDN":"C76299902103200","CITY_OWNED":" ","STATE_CD":"A1","LAND_ACRES":0.2218,"YR_BLT":"1987","City_Taxes":" ","District_Key(String)":"R-5","Min_Lot_Area(Double - SqFt)":4500,"Min_Lot_Width(Double - Feet)":45,"Min_Lot_Depth":90,"Front_Setback(Double - Feet)":10,"Rear_Setback(Double - Feet)":10,"Side_Setback(Double - Feet)":5,"Max_Density_Factor(Double - SqFt/Unit)":4500,"Current_Area":9981.2404085953949,"Lot_Width":110.41054032742977,"Lot_Depth":185.4008759111166,"Shape_Length":591.62283247709274,"Shape_Area":20470.210886525143,"Split_Area_Floor":9000,"Split_Width_Floor":90}},{"type":"Feature","id":11228,"geometry":{"type":"Polygon","coordinates":[[[-106.42085229185474,31.929064409523029],[-106.42114992264621,31.929158931652971],[-106.42140814145215,31.928849549126017],[-106.42085229185474,31.929064409523029]]]},"properties":{"OBJECTID":11228,"PIDN":"C76299902103100","CITY_OWNED":" ","STATE_CD":"A1","LAND_ACRES":0.22289999999999999,"YR_BLT":"1987","City_Taxes":" ","District_Key(String)":"R-5","Min_Lot_Area(Double - SqFt)":4500,"Min_Lot_Width(Double - Feet)":45,"Min_Lot_Depth":90,"Front_Setback(Double - Feet)":10,"Rear_Setback(Double - Feet)":10,"Side_Setback(Double - Feet)":5,"Max_Density_Factor(Double - SqFt/Unit)":4500,"Current_Area":9844.9522376059649,"Lot_Width":113.88231816887856,"Lot_Depth":176.4747126698494,"Shape_Length":580.7140616774559,"Shape_Area":20097.349377029212,"Split_Area_Floor":9000,"Split_Width_Floor":90}},{"type":"Feature","id":11229,"geometry":{"type":"Polygon","coordinates":[[[-106.4434874668964,31.928210081165478],[-106.44397398413589,31.928094888768246],[-106.44381508598269,31.927836803684201],[-106.4434874668964,31.928210081165478]]]},"properties":{"OBJECTID":11229,"PIDN":"N42599900101600","CITY_OWNED":" ","STATE_CD":"A1","LAND_ACRES":0.4042,"YR_BLT":"1999","City_Taxes":" ","District_Key(String)":"R-3","Min_Lot_Area(Double - SqFt)":6000,"Min_Lot_Width(Double - Feet)":60,"Min_Lot_Depth":90,"Front_Setback(Double - Feet)":20,"Rear_Setback(Double - Feet)":20,"Side_Setback(Double - Feet)":5,"Max_Density_Factor(Double - SqFt/Unit)":6000,"Current_Area":17211.076106956403,"Lot_Width":136.54106549918652,"Lot_Depth":153.02069133520126,"Shape_Length":579.12351366877556,"Shape_Area":20893.608238330518,"Split_Area_Floor":12000,"Split_Width_Floor":120}},{"type":"Feature","id":11230,"geometry":{"type":"Polygon","coordinates":[[[-106.43338938385065,31.928366298671349],[-106.4339395589149,31.928677590856118],[-106.43389253399063,31.928313851110339],[-106.43338938385065,31.928366298671349]]]},"properties":{"OBJECTID":11230,"PIDN":"N42599904106500","CITY_OWNED":" ","STATE_CD":"A1","LAND_ACRES":0.38319999999999999,"YR_BLT":"1999","City_Taxes":" ","District_Key(String)":"R-3A","Min_Lot_Area(Double - SqFt)":5000,"Min_Lot_Width(Double - Feet)":50,"Min_Lot_Depth":90,"Front_Setback(Double - Feet)":15,"Rear_Setback(Double - Feet)":15,"Side_Setback(Double - Feet)":5,"Max_Density_Factor(Double - SqFt/Unit)":5000,"Current_Area":16708.275046791503,"Lot_Width":164.23359541594982,"Lot_Depth":171.85562741756439,"Shape_Length":672.17844566702843,"Shape_Area":28224.467583250484,"Split_Area_Floor":10000,"Split_Width_Floor":100}},{"type":"Feature","id":11231,"geometry":{"type":"Polygon","coordinates":[[[-106.43339974932746,31.928725366466871],[-106.43381733544248,31.928737795301018],[-106.43338938385065,31.928366298671349],[-106.43339974932746,31.928725366466871]]]},"properties":{"OBJECTID":11231,"PIDN":"N42599904106600","CITY_OWNED":" ","STATE_CD":"A1","LAND_ACRES":0.23089999999999999,"YR_BLT":"2000","City_Taxes":" ","District_Key(String)":"R-3A","Min_Lot_Area(Double - SqFt)":5000,"Min_Lot_Width(Double - Feet)":50,"Min_Lot_Depth":90,"Front_Setback(Double - Feet)":15,"Rear_Setback(Double - Feet)":15,"Side_Setback(Double - Feet)":5,"Max_Density_Factor(Double - SqFt/Unit)":5000,"Current_Area":10393.184220419864,"Lot_Width":129.11752392351627,"Lot_Depth":171.34808249771595,"Shape_Length":600.93121284246445,"Shape_Area":22124.040141147478,"Split_Area_Floor":10000,"Split_Width_Floor":100}},{"type":"Feature","id":11232,"geometry":{"type":"Polygon","coordinates":[[[-106.40018532496252,31.930374336410722],[-106.4005775248706,31.930279679668317],[-106.40041541122311,31.930006913164458],[-106.40018532496252,31.930374336410722]]]},"properties":{"OBJECTID":11232,"PIDN":"P08099900200700","CITY_OWNED":" ","STATE_CD":"A1","LAND_ACRES":0.1991,"YR_BLT":"1998","City_Taxes":" ","District_Key(String)":"R-5","Min_Lot_Area(Double - SqFt)":4500,"Min_Lot_Width(Double - Feet)":45,"Min_Lot_Depth":90,"Front_Setback(Double - Feet)":10,"Rear_Setback(Double - Feet)":10,"Side_Setback(Double - Feet)":5,"Max_Density_Factor(Double - SqFt/Unit)":4500,"Current_Area":10014.074652268393,"Lot_Width":123.37803408503532,"Lot_Depth":149.74740390479565,"Shape_Length":546.25087597966194,"Shape_Area":18475.540303111429,"Split_Area_Floor":9000,"Split_Width_Floor":90}},{"type":"Feature","id":11233,"geometry":{"type":"Polygon","coordinates":[[[-106.43228966102085,31.928914057285866],[-106.43267387525418,31.928567438548512],[-106.43243147920502,31.928569982776988],[-106.43228966102085,31.928914057285866]]]},"properties":{"OBJECTID":11233,"PIDN":"S13799900100600","CITY_OWNED":" ","STATE_CD":"A1","LAND_ACRES":0.2374,"YR_BLT":"2006","City_Taxes":" ","District_Key(String)":"R-3A","Min_Lot_Area(Double - SqFt)":5000,"Min_Lot_Width(Double - Feet)":50,"Min_Lot_Depth":90,"Front_Setback(Double - Feet)":15,"Rear_Setback(Double - Feet)":15,"Side_Setback(Double - Feet)":5,"Max_Density_Factor(Double - SqFt/Unit)":5000,"Current_Area":10704.007722461414,"Lot_Width":132.09127125144005,"Lot_Depth":142.83107917010784,"Shape_Length":549.84470084309578,"Shape_Area":18866.738821794625,"Split_Area_Floor":10000,"Split_Width_Floor":100}},{"type":"Feature","id":11234,"geometry":{"type":"Polygon","coordinates":[[[-106.40955964706659,31.929942323431298],[-106.40993658666767,31.929908041644964],[-106.40993189574317,31.929699470029103],[-106.40955964706659,31.929942323431298]]]},"properties":{"OBJECTID":11234,"PIDN":"C76299900303200","CITY_OWNED":" ","STATE_CD":"A1","LAND_ACRES":0.2152,"YR_BLT":"1993","City_Taxes":" ","District_Key(String)":"R-5","Min_Lot_Area(Double - SqFt)":4500,"Min_Lot_Width(Double - Feet)":45,"Min_Lot_Depth":90,"Front_Setback(Double - Feet)":10,"Rear_Setback(Double - Feet)":10,"Side_Setback(Double - Feet)":5,"Max_Density_Factor(Double - SqFt/Unit)":4500,"Current_Area":9311.440446664621,"Lot_Width":120.14378859102726,"Lot_Depth":131.86915883421898,"Shape_Length":504.02589485049248,"Shape_Area":15843.260340655001,"Split_Area_Floor":9000,"Split_Width_Floor":90}},{"type":"Feature","id":11235,"geometry":{"type":"Polygon","coordinates":[[[-106.44818301913429,31.928244153337818],[-106.44858222267806,31.928106198187802],[-106.44856752764852,31.927873479741329],[-106.44818301913429,31.928244153337818]]]},"properties":{"OBJECTID":11235,"PIDN":"N425999001A0100","CITY_OWNED":" ","STATE_CD":"A1","LAND_ACRES":0.31330000000000002,"YR_BLT":"1998","City_Taxes":" ","District_Key(String)":"R-3","Min_Lot_Area(Double - SqFt)":6000,"Min_Lot_Width(Double - Feet)":60,"Min_Lot_Depth":90,"Front_Setback(Double - Feet)":20,"Rear_Setback(Double - Feet)":20,"Side_Setback(Double - Feet)":5,"Max_Density_Factor(Double - SqFt/Unit)":6000,"Current_Area":14873.504781262716,"Lot_Width":150.00888632237911,"Lot_Depth":153.15290892124176,"Shape_Length":606.32359048724174,"Shape_Area":22974.297304308238,"Split_Area_Floor":12000,"Split_Width_Floor":120}},{"type":"Feature","id":11236,"geometry":{"type":"Polygon","coordinates":[[[-106.44822937488296,31.928300739150316],[-106.44836036415151,31.92846626301947],[-106.44897401541348,31.928125492554841],[-106.44822937488296,31.928300739150316]]]},"properties":{"OBJECTID":11236,"PIDN":"N425999001A0300","CITY_OWNED":" ","STATE_CD":"A1","LAND_ACRES":0.2903,"YR_BLT":"1999","City_Taxes":" ","District_Key(String)":"R-3","Min_Lot_Area(Double - SqFt)":6000,"Min_Lot_Width(Double - Feet)":60,"Min_Lot_Depth":90,"Front_Setback(Double - Feet)":20,"Rear_Setback(Double - Feet)":20,"Side_Setback(Double - Feet)":5,"Max_Density_Factor(Double - SqFt/Unit)":6000,"Current_Area":12937.516322777587,"Lot_Width":127.01221315562725,"Lot_Depth":234.18719565868378,"Shape_Length":722.39881762862206,"Shape_Area":29744.63401331933,"Split_Area_Floor":12000,"Split_Width_Floor":120}},{"type":"Feature","id":11237,"geometry":{"type":"Polygon","coordinates":[[[-106.40025867811242,31.930606969850722],[-106.40063869497214,31.930836785609163],[-106.40074311687567,31.930558294568577],[-106.40025867811242,31.930606969850722]]]},"properties":{"OBJECTID":11237,"PIDN":"P08099900200500","CITY_OWNED":" ","STATE_CD":"A1","LAND_ACRES":0.2535,"YR_BLT":"1999","City_Taxes":" ","District_Key(String)":"R-5","Min_Lot_Area(Double - SqFt)":4500,"Min_Lot_Width(Double - Feet)":45,"Min_Lot_Depth":90,"Front_Setback(Double - Feet)":10,"Rear_Setback(Double - Feet)":10,"Side_Setback(Double - Feet)":5,"Max_Density_Factor(Double - SqFt/Unit)":4500,"Current_Area":10392.87324810682,"Lot_Width":118.69234791398048,"Lot_Depth":151.04070840775967,"Shape_Length":539.4661126434803,"Shape_Area":17927.376311507887,"Split_Area_Floor":9000,"Split_Width_Floor":90}},{"type":"Feature","id":11238,"geometry":{"type":"Polygon","coordinates":[[[-106.44836036415151,31.92846626301947],[-106.44849794639832,31.928637694882852],[-106.4494242421964,31.928120993466152],[-106.44836036415151,31.92846626301947]]]},"properties":{"OBJECTID":11238,"PIDN":"N42599900103600","CITY_OWNED":" ","STATE_CD":"A1","LAND_ACRES":0.47749999999999998,"YR_BLT":"1997","City_Taxes":" ","District_Key(String)":"R-3","Min_Lot_Area(Double - SqFt)":6000,"Min_Lot_Width(Double - Feet)":60,"Min_Lot_Depth":90,"Front_Setback(Double - Feet)":20,"Rear_Setback(Double - Feet)":20,"Side_Setback(Double - Feet)":5,"Max_Density_Factor(Double - SqFt/Unit)":6000,"Current_Area":21476.981056106266,"Lot_Width":177.94255749881268,"Lot_Depth":336.48325091600418,"Shape_Length":1028.8516168296337,"Shape_Area":59874.690223508485,"Split_Area_Floor":12000,"Split_Width_Floor":120}},{"type":"Feature","id":11239,"geometry":{"type":"Polygon","coordinates":[[[-106.42987937414476,31.929499051785971],[-106.43043740254181,31.929420115383355],[-106.43011743033881,31.92923936105278],[-106.42987937414476,31.929499051785971]]]},"properties":{"OBJECTID":11239,"PIDN":"S13799900101900","CITY_OWNED":" ","STATE_CD":"A1","LAND_ACRES":0.28460000000000002,"YR_BLT":"2007","City_Taxes":" ","District_Key(String)":"R-3A","Min_Lot_Area(Double - SqFt)":5000,"Min_Lot_Width(Double - Feet)":50,"Min_Lot_Depth":90,"Front_Setback(Double - Feet)":15,"Rear_Setback(Double - Feet)":15,"Side_Setback(Double - Feet)":5,"Max_Density_Factor(Double - SqFt/Unit)":5000,"Current_Area":12463.979309727642,"Lot_Width":105.80326609313488,"Lot_Depth":194.15315499901772,"Shape_Length":599.91284218430519,"Shape_Area":20542.037921182731,"Split_Area_Floor":10000,"Split_Width_Floor":100}},{"type":"Feature","id":11240,"geometry":{"type":"Polygon","coordinates":[[[-106.43486180709353,31.929069191399059],[-106.43527560277543,31.929323056293182],[-106.43526319624173,31.929043313452219],[-106.43486180709353,31.929069191399059]]]},"properties":{"OBJECTID":11240,"PIDN":"N42599904300900","CITY_OWNED":" ","STATE_CD":"A1","LAND_ACRES":0.23860000000000001,"YR_BLT":"2000","City_Taxes":" ","District_Key(String)":"R-3A","Min_Lot_Area(Double - SqFt)":5000,"Min_Lot_Width(Double - Feet)":50,"Min_Lot_Depth":90,"Front_Setback(Double - Feet)":15,"Rear_Setback(Double - Feet)":15,"Side_Setback(Double - Feet)":5,"Max_Density_Factor(Double - SqFt/Unit)":5000,"Current_Area":10408.895485162881,"Lot_Width":124.86326733231544,"Lot_Depth":133.84717325866222,"Shape_Length":517.42088118195534,"Shape_Area":16712.595376271085,"Split_Area_Floor":10000,"Split_Width_Floor":100}},{"type":"Feature","id":11241,"geometry":{"type":"Polygon","coordinates":[[[-106.40025673109332,31.93089535148269],[-106.40063869497214,31.930836785609163],[-106.40025867811242,31.930606969850722],[-106.40025673109332,31.93089535148269]]]},"properties":{"OBJECTID":11241,"PIDN":"P08099900200400","CITY_OWNED":" ","STATE_CD":"A1","LAND_ACRES":0.25130000000000002,"YR_BLT":"1998","City_Taxes":" ","District_Key(String)":"R-5","Min_Lot_Area(Double - SqFt)":4500,"Min_Lot_Width(Double - Feet)":45,"Min_Lot_Depth":90,"Front_Setback(Double - Feet)":10,"Rear_Setback(Double - Feet)":10,"Side_Setback(Double - Feet)":5,"Max_Density_Factor(Double - SqFt/Unit)":4500,"Current_Area":9858.6441862654865,"Lot_Width":136.38128891587257,"Lot_Depth":138.13915941119194,"Shape_Length":549.04089665412903,"Shape_Area":18839.596610253546,"Split_Area_Floor":9000,"Split_Width_Floor":90}},{"type":"Feature","id":11242,"geometry":{"type":"Polygon","coordinates":[[[-106.44474552490311,31.928582691230108],[-106.44505388779584,31.928952149719468],[-106.44539002060748,31.928607318376162],[-106.44474552490311,31.928582691230108]]]},"properties":{"OBJECTID":11242,"PIDN":"N42599903307000","CITY_OWNED":" ","STATE_CD":"A1","LAND_ACRES":0.38969999999999999,"YR_BLT":"1999","City_Taxes":" ","District_Key(String)":"R-3","Min_Lot_Area(Double - SqFt)":6000,"Min_Lot_Width(Double - Feet)":60,"Min_Lot_Depth":90,"Front_Setback(Double - Feet)":20,"Rear_Setback(Double - Feet)":20,"Side_Setback(Double - Feet)":5,"Max_Density_Factor(Double - SqFt/Unit)":6000,"Current_Area":16539.488894166185,"Lot_Width":139.46035100519657,"Lot_Depth":199.16758066415787,"Shape_Length":677.25586333870888,"Shape_Area":27775.980708279258,"Split_Area_Floor":12000,"Split_Width_Floor":120}},{"type":"Feature","id":11243,"geometry":{"type":"Polygon","coordinates":[[[-106.43466350324334,31.92906935632001],[-106.43430127918813,31.929464350800224],[-106.43477953250041,31.929395487201862],[-106.43466350324334,31.92906935632001]]]},"properties":{"OBJECTID":11243,"PIDN":"N42599904300700","CITY_OWNED":" ","STATE_CD":"A1","LAND_ACRES":0.25269999999999998,"YR_BLT":"2000","City_Taxes":" ","District_Key(String)":"R-3A","Min_Lot_Area(Double - SqFt)":5000,"Min_Lot_Width(Double - Feet)":50,"Min_Lot_Depth":90,"Front_Setback(Double - Feet)":15,"Rear_Setback(Double - Feet)":15,"Side_Setback(Double - Feet)":5,"Max_Density_Factor(Double - SqFt/Unit)":5000,"Current_Area":10893.695109503589,"Lot_Width":137.32288807630539,"Lot_Depth":151.37469725310802,"Shape_Length":577.39517065882683,"Shape_Area":20787.210608473168,"Split_Area_Floor":10000,"Split_Width_Floor":100}},{"type":"Feature","id":11244,"geometry":{"type":"Polygon","coordinates":[[[-106.43428792728362,31.929309452416959],[-106.43460705866728,31.9289955641649],[-106.43427981879417,31.929056569385715],[-106.43428792728362,31.929309452416959]]]},"properties":{"OBJECTID":11244,"PIDN":"N42599904300600","CITY_OWNED":" ","STATE_CD":"A1","LAND_ACRES":0.2455,"YR_BLT":"1999","City_Taxes":" ","District_Key(String)":"R-3A","Min_Lot_Area(Double - SqFt)":5000,"Min_Lot_Width(Double - Feet)":50,"Min_Lot_Depth":90,"Front_Setback(Double - Feet)":15,"Rear_Setback(Double - Feet)":15,"Side_Setback(Double - Feet)":5,"Max_Density_Factor(Double - SqFt/Unit)":5000,"Current_Area":10510.961621427354,"Lot_Width":122.68676251173019,"Lot_Depth":165.35203149914742,"Shape_Length":576.07758802175522,"Shape_Area":20286.50541936803,"Split_Area_Floor":10000,"Split_Width_Floor":100}},{"type":"Feature","id":11245,"geometry":{"type":"Polygon","coordinates":[[[-106.44849794639832,31.928637694882852],[-106.44862895494845,31.928808951911218],[-106.44987026296394,31.928116534000033],[-106.44849794639832,31.928637694882852]]]},"properties":{"OBJECTID":11245,"PIDN":"N42599900103700","CITY_OWNED":" ","STATE_CD":"A1","LAND_ACRES":0.68049999999999999,"YR_BLT":"1996","City_Taxes":" ","District_Key(String)":"R-3","Min_Lot_Area(Double - SqFt)":6000,"Min_Lot_Width(Double - Feet)":60,"Min_Lot_Depth":90,"Front_Setback(Double - Feet)":20,"Rear_Setback(Double - Feet)":20,"Side_Setback(Double - Feet)":5,"Max_Density_Factor(Double - SqFt/Unit)":6000,"Current_Area":29890.296105108904,"Lot_Width":236.34368741512299,"Lot_Depth":435.55129425227642,"Shape_Length":1343.7899633347988,"Shape_Area":102939.79894201228,"Split_Area_Floor":12000,"Split_Width_Floor":120}},{"type":"Feature","id":11246,"geometry":{"type":"Polygon","coordinates":[[[-106.44732329464333,31.928867850790009],[-106.44775355276151,31.928526783003718],[-106.44724435582333,31.928540362662133],[-106.44732329464333,31.928867850790009]]]},"properties":{"OBJECTID":11246,"PIDN":"N42599903305200","CITY_OWNED":" ","STATE_CD":"A1","LAND_ACRES":0.3024,"YR_BLT":"1999","City_Taxes":" ","District_Key(String)":"R-3","Min_Lot_Area(Double - SqFt)":6000,"Min_Lot_Width(Double - Feet)":60,"Min_Lot_Depth":90,"Front_Setback(Double - Feet)":20,"Rear_Setback(Double - Feet)":20,"Side_Setback(Double - Feet)":5,"Max_Density_Factor(Double - SqFt/Unit)":6000,"Current_Area":13117.546277991425,"Lot_Width":130.33372883498669,"Lot_Depth":158.01641625165939,"Shape_Length":576.70029017329216,"Shape_Area":20594.86874722016,"Split_Area_Floor":12000,"Split_Width_Floor":120}},{"type":"Feature","id":11247,"geometry":{"type":"Polygon","coordinates":[[[-106.44521251348552,31.928940693255928],[-106.44583082790818,31.928836303789065],[-106.44539002060748,31.928607318376162],[-106.44521251348552,31.928940693255928]]]},"properties":{"OBJECTID":11247,"PIDN":"N42599903306900","CITY_OWNED":" ","STATE_CD":"A1","LAND_ACRES":0.3856,"YR_BLT":"1999","City_Taxes":" ","District_Key(String)":"R-3","Min_Lot_Area(Double - SqFt)":6000,"Min_Lot_Width(Double - Feet)":60,"Min_Lot_Depth":90,"Front_Setback(Double - Feet)":20,"Rear_Setback(Double - Feet)":20,"Side_Setback(Double - Feet)":5,"Max_Density_Factor(Double - SqFt/Unit)":6000,"Current_Area":16694.758338028441,"Lot_Width":153.4416222423315,"Lot_Depth":193.63379909098148,"Shape_Length":694.15084266662598,"Shape_Area":29711.484253465893,"Split_Area_Floor":12000,"Split_Width_Floor":120}},{"type":"Feature","id":11248,"geometry":{"type":"Polygon","coordinates":[[[-106.43698835527094,31.92936714916824],[-106.43730493773121,31.92942180697705],[-106.43743020588465,31.929134770481323],[-106.43698835527094,31.92936714916824]]]},"properties":{"OBJECTID":11248,"PIDN":"N42599904200600","CITY_OWNED":" ","STATE_CD":"A1","LAND_ACRES":0.2447,"YR_BLT":"1999","City_Taxes":" ","District_Key(String)":"R-3A","Min_Lot_Area(Double - SqFt)":5000,"Min_Lot_Width(Double - Feet)":50,"Min_Lot_Depth":90,"Front_Setback(Double - Feet)":15,"Rear_Setback(Double - Feet)":15,"Side_Setback(Double - Feet)":5,"Max_Density_Factor(Double - SqFt/Unit)":5000,"Current_Area":11129.164366895604,"Lot_Width":127.80912758409977,"Lot_Depth":141.51776158809662,"Shape_Length":538.65377834439278,"Shape_Area":18087.261646229254,"Split_Area_Floor":10000,"Split_Width_Floor":100}},{"type":"Feature","id":11249,"geometry":{"type":"Polygon","coordinates":[[[-106.44457434372568,31.928928388616733],[-106.44505388779584,31.928952149719468],[-106.44474552490311,31.928582691230108],[-106.44457434372568,31.928928388616733]]]},"properties":{"OBJECTID":11249,"PIDN":"N42599903307100","CITY_OWNED":" ","STATE_CD":"A1","LAND_ACRES":0.38329999999999997,"YR_BLT":"2004","City_Taxes":" ","District_Key(String)":"R-3","Min_Lot_Area(Double - SqFt)":6000,"Min_Lot_Width(Double - Feet)":60,"Min_Lot_Depth":90,"Front_Setback(Double - Feet)":20,"Rear_Setback(Double - Feet)":20,"Side_Setback(Double - Feet)":5,"Max_Density_Factor(Double - SqFt/Unit)":6000,"Current_Area":16529.045289002468,"Lot_Width":148.08369334042072,"Lot_Depth":194.6049257516861,"Shape_Length":685.37723818421364,"Shape_Area":28817.816147548026,"Split_Area_Floor":12000,"Split_Width_Floor":120}},{"type":"Feature","id":11250,"geometry":{"type":"Polygon","coordinates":[[[-106.44749676441069,31.928887316398544],[-106.44798549470244,31.928824701415877],[-106.44775355276151,31.928526783003718],[-106.44749676441069,31.928887316398544]]]},"properties":{"OBJECTID":11250,"PIDN":"N42599903305100","CITY_OWNED":" ","STATE_CD":"A1","LAND_ACRES":0.29609999999999997,"YR_BLT":"2000","City_Taxes":" ","District_Key(String)":"R-3","Min_Lot_Area(Double - SqFt)":6000,"Min_Lot_Width(Double - Feet)":60,"Min_Lot_Depth":90,"Front_Setback(Double - Feet)":20,"Rear_Setback(Double - Feet)":20,"Side_Setback(Double - Feet)":5,"Max_Density_Factor(Double - SqFt/Unit)":6000,"Current_Area":13085.249796028938,"Lot_Width":152.65553458034992,"Lot_Depth":180.54294599592686,"Shape_Length":666.39696115255356,"Shape_Area":27560.879935719462,"Split_Area_Floor":12000,"Split_Width_Floor":120}},{"type":"Feature","id":11251,"geometry":{"type":"Polygon","coordinates":[[[-106.43730493773121,31.92942180697705],[-106.43774217386714,31.92950854225888],[-106.4375434263841,31.929132682090945],[-106.43730493773121,31.92942180697705]]]},"properties":{"OBJECTID":11251,"PIDN":"N42599904200700","CITY_OWNED":" ","STATE_CD":"A1","LAND_ACRES":0.2185,"YR_BLT":"2000","City_Taxes":" ","District_Key(String)":"R-3A","Min_Lot_Area(Double - SqFt)":5000,"Min_Lot_Width(Double - Feet)":50,"Min_Lot_Depth":90,"Front_Setback(Double - Feet)":15,"Rear_Setback(Double - Feet)":15,"Side_Setback(Double - Feet)":5,"Max_Density_Factor(Double - SqFt/Unit)":5000,"Current_Area":10057.512963269926,"Lot_Width":133.72086116671562,"Lot_Depth":141.08272308111191,"Shape_Length":549.60716849565506,"Shape_Area":18865.703226151552,"Split_Area_Floor":10000,"Split_Width_Floor":100}},{"type":"Feature","id":11252,"geometry":{"type":"Polygon","coordinates":[[[-106.44879586552507,31.929010945492848],[-106.45004068092459,31.928114830604397],[-106.44862895494845,31.928808951911218],[-106.44879586552507,31.929010945492848]]]},"properties":{"OBJECTID":11252,"PIDN":"N42599900103800","CITY_OWNED":" ","STATE_CD":"A1","LAND_ACRES":1.0771999999999999,"YR_BLT":"1997","City_Taxes":" ","District_Key(String)":"R-3","Min_Lot_Area(Double - SqFt)":6000,"Min_Lot_Width(Double - Feet)":60,"Min_Lot_Depth":90,"Front_Setback(Double - Feet)":20,"Rear_Setback(Double - Feet)":20,"Side_Setback(Double - Feet)":5,"Max_Density_Factor(Double - SqFt/Unit)":6000,"Current_Area":47862.85829497801,"Lot_Width":311.83303774893284,"Lot_Depth":451.21760150790215,"Shape_Length":1526.10127851367,"Shape_Area":140704.55536399659,"Split_Area_Floor":12000,"Split_Width_Floor":120}},{"type":"Feature","id":11253,"geometry":{"type":"Polygon","coordinates":[[[-106.42952599977778,31.929886683310279],[-106.42996809702926,31.929635715780847],[-106.42980876162937,31.929390283996877],[-106.42952599977778,31.929886683310279]]]},"properties":{"OBJECTID":11253,"PIDN":"S13799900105500","CITY_OWNED":" ","STATE_CD":"A1","LAND_ACRES":0.33850000000000002,"YR_BLT":"2006","City_Taxes":" ","District_Key(String)":"R-3A","Min_Lot_Area(Double - SqFt)":5000,"Min_Lot_Width(Double - Feet)":50,"Min_Lot_Depth":90,"Front_Setback(Double - Feet)":15,"Rear_Setback(Double - Feet)":15,"Side_Setback(Double - Feet)":5,"Max_Density_Factor(Double - SqFt/Unit)":5000,"Current_Area":14760.688439102783,"Lot_Width":141.95870558917522,"Lot_Depth":195.43596082925797,"Shape_Length":674.78933283686638,"Shape_Area":27743.836024898214,"Split_Area_Floor":10000,"Split_Width_Floor":100}},{"type":"Feature","id":11254,"geometry":{"type":"Polygon","coordinates":[[[-106.43800946640125,31.929236942667853],[-106.43801928359011,31.929564338503514],[-106.43846870656442,31.929305350591161],[-106.43800946640125,31.929236942667853]]]},"properties":{"OBJECTID":11254,"PIDN":"N42599904201500","CITY_OWNED":" ","STATE_CD":"A1","LAND_ACRES":0.2515,"YR_BLT":"1999","City_Taxes":" ","District_Key(String)":"R-3A","Min_Lot_Area(Double - SqFt)":5000,"Min_Lot_Width(Double - Feet)":50,"Min_Lot_Depth":90,"Front_Setback(Double - Feet)":15,"Rear_Setback(Double - Feet)":15,"Side_Setback(Double - Feet)":5,"Max_Density_Factor(Double - SqFt/Unit)":5000,"Current_Area":10898.444219100897,"Lot_Width":123.21530474722385,"Lot_Depth":144.39505240321159,"Shape_Length":535.2207143008709,"Shape_Area":17791.680385853073,"Split_Area_Floor":10000,"Split_Width_Floor":100}},{"type":"Feature","id":11255,"geometry":{"type":"Polygon","coordinates":[[[-106.43774217386714,31.92950854225888],[-106.43800946640125,31.929236942667853],[-106.4376249414765,31.92906912005758],[-106.43774217386714,31.92950854225888]]]},"properties":{"OBJECTID":11255,"PIDN":"N42599904200800","CITY_OWNED":" ","STATE_CD":"A1","LAND_ACRES":0.38500000000000001,"YR_BLT":"2000","City_Taxes":" ","District_Key(String)":"R-3A","Min_Lot_Area(Double - SqFt)":5000,"Min_Lot_Width(Double - Feet)":50,"Min_Lot_Depth":90,"Front_Setback(Double - Feet)":15,"Rear_Setback(Double - Feet)":15,"Side_Setback(Double - Feet)":5,"Max_Density_Factor(Double - SqFt/Unit)":5000,"Current_Area":15884.649707150847,"Lot_Width":142.29466290771961,"Lot_Depth":186.60067667067051,"Shape_Length":657.79067915678024,"Shape_Area":26552.280385205439,"Split_Area_Floor":10000,"Split_Width_Floor":100}},{"type":"Feature","id":11256,"geometry":{"type":"Polygon","coordinates":[[[-106.44253443392788,31.928957438313859],[-106.44307478561907,31.929297782134608],[-106.44312056091384,31.928947278835675],[-106.44253443392788,31.928957438313859]]]},"properties":{"OBJECTID":11256,"PIDN":"N42599900100700","CITY_OWNED":" ","STATE_CD":"A1","LAND_ACRES":0.34110000000000001,"YR_BLT":"2003","City_Taxes":" ","District_Key(String)":"R-3","Min_Lot_Area(Double - SqFt)":6000,"Min_Lot_Width(Double - Feet)":60,"Min_Lot_Depth":90,"Front_Setback(Double - Feet)":20,"Rear_Setback(Double - Feet)":20,"Side_Setback(Double - Feet)":5,"Max_Density_Factor(Double - SqFt/Unit)":6000,"Current_Area":14962.645248730249,"Lot_Width":143.79236333072186,"Lot_Depth":181.77982017397881,"Shape_Length":651.14436700940132,"Shape_Area":26138.549948650041,"Split_Area_Floor":12000,"Split_Width_Floor":120}},{"type":"Feature","id":11257,"geometry":{"type":"Polygon","coordinates":[[[-106.42963512953003,31.929936419594885],[-106.43010045013017,31.929943152849095],[-106.42996809702926,31.929635715780847],[-106.42963512953003,31.929936419594885]]]},"properties":{"OBJECTID":11257,"PIDN":"S13799900105400","CITY_OWNED":" ","STATE_CD":"A1","LAND_ACRES":0.25219999999999998,"YR_BLT":"2006","City_Taxes":" ","District_Key(String)":"R-3A","Min_Lot_Area(Double - SqFt)":5000,"Min_Lot_Width(Double - Feet)":50,"Min_Lot_Depth":90,"Front_Setback(Double - Feet)":15,"Rear_Setback(Double - Feet)":15,"Side_Setback(Double - Feet)":5,"Max_Density_Factor(Double - SqFt/Unit)":5000,"Current_Area":11092.052504312027,"Lot_Width":137.8071390837431,"Lot_Depth":145.34747834503651,"Shape_Length":566.3092348575592,"Shape_Area":20029.920163765782,"Split_Area_Floor":10000,"Split_Width_Floor":100}},{"type":"Feature","id":11258,"geometry":{"type":"Polygon","coordinates":[[[-106.43801928359011,31.929564338503514],[-106.43844768141861,31.929652900813664],[-106.43855437463986,31.929358986810968],[-106.43801928359011,31.929564338503514]]]},"properties":{"OBJECTID":11258,"PIDN":"N42599904201600","CITY_OWNED":" ","STATE_CD":"A1","LAND_ACRES":0.22969999999999999,"YR_BLT":"1999","City_Taxes":" ","District_Key(String)":"R-3A","Min_Lot_Area(Double - SqFt)":5000,"Min_Lot_Width(Double - Feet)":50,"Min_Lot_Depth":90,"Front_Setback(Double - Feet)":15,"Rear_Setback(Double - Feet)":15,"Side_Setback(Double - Feet)":5,"Max_Density_Factor(Double - SqFt/Unit)":5000,"Current_Area":10192.580830349087,"Lot_Width":125.89115242660046,"Lot_Depth":169.86383348703384,"Shape_Length":591.5099718272686,"Shape_Area":21384.353753282856,"Split_Area_Floor":10000,"Split_Width_Floor":100}},{"type":"Feature","id":11259,"geometry":{"type":"Polygon","coordinates":[[[-106.44321773435354,31.929401195486207],[-106.44350366847547,31.928940139956815],[-106.44312056091384,31.928947278835675],[-106.44321773435354,31.929401195486207]]]},"properties":{"OBJECTID":11259,"PIDN":"N42599900100800","CITY_OWNED":" ","STATE_CD":"A1","LAND_ACRES":0.32400000000000001,"YR_BLT":"1996","City_Taxes":" ","District_Key(String)":"R-3","Min_Lot_Area(Double - SqFt)":6000,"Min_Lot_Width(Double - Feet)":60,"Min_Lot_Depth":90,"Front_Setback(Double - Feet)":20,"Rear_Setback(Double - Feet)":20,"Side_Setback(Double - Feet)":5,"Max_Density_Factor(Double - SqFt/Unit)":6000,"Current_Area":14435.40157257564,"Lot_Width":140.00660975277424,"Lot_Depth":184.54195374250412,"Shape_Length":649.09712699055672,"Shape_Area":25837.093300641289,"Split_Area_Floor":12000,"Split_Width_Floor":120}},{"type":"Feature","id":11260,"geometry":{"type":"Polygon","coordinates":[[[-106.44890069279359,31.929160088193477],[-106.4500608223962,31.928728886166891],[-106.45005037342629,31.928355407637721],[-106.44890069279359,31.929160088193477]]]},"properties":{"OBJECTID":11260,"PIDN":"N42599900103900","CITY_OWNED":" ","STATE_CD":"A1","LAND_ACRES":0.92549999999999999,"YR_BLT":"1999","City_Taxes":" ","District_Key(String)":"R-3","Min_Lot_Area(Double - SqFt)":6000,"Min_Lot_Width(Double - Feet)":60,"Min_Lot_Depth":90,"Front_Setback(Double - Feet)":20,"Rear_Setback(Double - Feet)":20,"Side_Setback(Double - Feet)":5,"Max_Density_Factor(Double - SqFt/Unit)":6000,"Current_Area":40006.502664435247,"Lot_Width":283.09293773770332,"Lot_Depth":399.20851917564869,"Shape_Length":1364.602913826704,"Shape_Area":113013.11246335266,"Split_Area_Floor":12000,"Split_Width_Floor":120}},{"type":"Feature","id":11261,"geometry":{"type":"Polygon","coordinates":[[[-106.44253443392788,31.928957438313859],[-106.44254602068658,31.929504414252524],[-106.44290145830128,31.9294562189136],[-106.44253443392788,31.928957438313859]]]},"properties":{"OBJECTID":11261,"PIDN":"N42599900100600","CITY_OWNED":" ","STATE_CD":"A1","LAND_ACRES":0.33810000000000001,"YR_BLT":"1996","City_Taxes":" ","District_Key(String)":"R-3","Min_Lot_Area(Double - SqFt)":6000,"Min_Lot_Width(Double - Feet)":60,"Min_Lot_Depth":90,"Front_Setback(Double - Feet)":20,"Rear_Setback(Double - Feet)":20,"Side_Setback(Double - Feet)":5,"Max_Density_Factor(Double - SqFt/Unit)":6000,"Current_Area":14706.569299269819,"Lot_Width":128.38589808344841,"Lot_Depth":198.88805367052555,"Shape_Length":654.54790350794792,"Shape_Area":25534.421388559509,"Split_Area_Floor":12000,"Split_Width_Floor":120}},{"type":"Feature","id":11262,"geometry":{"type":"Polygon","coordinates":[[[-106.40957531830863,31.93076772123505],[-106.40996352290161,31.931006830014528],[-106.40995538628997,31.930784739822609],[-106.40957531830863,31.93076772123505]]]},"properties":{"OBJECTID":11262,"PIDN":"C76299900302600","CITY_OWNED":" ","STATE_CD":"A1","LAND_ACRES":0.2152,"YR_BLT":"1993","City_Taxes":" ","District_Key(String)":"R-5","Min_Lot_Area(Double - SqFt)":4500,"Min_Lot_Width(Double - Feet)":45,"Min_Lot_Depth":90,"Front_Setback(Double - Feet)":10,"Rear_Setback(Double - Feet)":10,"Side_Setback(Double - Feet)":5,"Max_Density_Factor(Double - SqFt/Unit)":4500,"Current_Area":9348.83146358046,"Lot_Width":117.40330849587917,"Lot_Depth":131.37145641446114,"Shape_Length":497.54952982068062,"Shape_Area":15423.443624979926,"Split_Area_Floor":9000,"Split_Width_Floor":90}},{"type":"Feature","id":11263,"geometry":{"type":"Polygon","coordinates":[[[-106.4457018468117,31.929078580501542],[-106.44601705625132,31.929360103418507],[-106.44629570185121,31.929113900667002],[-106.4457018468117,31.929078580501542]]]},"properties":{"OBJECTID":11263,"PIDN":"N42599903305800","CITY_OWNED":" ","STATE_CD":"A1","LAND_ACRES":0.37230000000000002,"YR_BLT":"1999","City_Taxes":" ","District_Key(String)":"R-3","Min_Lot_Area(Double - SqFt)":6000,"Min_Lot_Width(Double - Feet)":60,"Min_Lot_Depth":90,"Front_Setback(Double - Feet)":20,"Rear_Setback(Double - Feet)":20,"Side_Setback(Double - Feet)":5,"Max_Density_Factor(Double - SqFt/Unit)":6000,"Current_Area":16234.081700584131,"Lot_Width":143.90916100144386,"Lot_Depth":183.42778274416924,"Shape_Length":654.6738874912262,"Shape_Area":26396.938319068518,"Split_Area_Floor":12000,"Split_Width_Floor":120}},{"type":"Feature","id":11264,"geometry":{"type":"Polygon","coordinates":[[[-106.43901747315751,31.929748611130194],[-106.4391656411851,31.929536047138914],[-106.43873292155378,31.929303794247151],[-106.43901747315751,31.929748611130194]]]},"properties":{"OBJECTID":11264,"PIDN":"N42599904201800","CITY_OWNED":" ","STATE_CD":"A1","LAND_ACRES":0.36409999999999998,"YR_BLT":"2000","City_Taxes":" ","District_Key(String)":"R-3A","Min_Lot_Area(Double - SqFt)":5000,"Min_Lot_Width(Double - Feet)":50,"Min_Lot_Depth":90,"Front_Setback(Double - Feet)":15,"Rear_Setback(Double - Feet)":15,"Side_Setback(Double - Feet)":5,"Max_Density_Factor(Double - SqFt/Unit)":5000,"Current_Area":15758.073375998456,"Lot_Width":154.57679058611393,"Lot_Depth":175.6269453316927,"Shape_Length":660.40747183561325,"Shape_Area":27147.849549815943,"Split_Area_Floor":10000,"Split_Width_Floor":100}},{"type":"Feature","id":11265,"geometry":{"type":"Polygon","coordinates":[[[-106.44682727545865,31.929159329487405],[-106.44692736765251,31.929451991162104],[-106.44751192344266,31.929210724183502],[-106.44682727545865,31.929159329487405]]]},"properties":{"OBJECTID":11265,"PIDN":"N42599903400800","CITY_OWNED":" ","STATE_CD":"A1","LAND_ACRES":0.40550000000000003,"YR_BLT":"1999","City_Taxes":" ","District_Key(String)":"R-3","Min_Lot_Area(Double - SqFt)":6000,"Min_Lot_Width(Double - Feet)":60,"Min_Lot_Depth":90,"Front_Setback(Double - Feet)":20,"Rear_Setback(Double - Feet)":20,"Side_Setback(Double - Feet)":5,"Max_Density_Factor(Double - SqFt/Unit)":6000,"Current_Area":18090.656929698478,"Lot_Width":133.08077058196068,"Lot_Depth":211.06978784501553,"Shape_Length":688.30111685395241,"Shape_Area":28089.330012985625,"Split_Area_Floor":12000,"Split_Width_Floor":120}},{"type":"Feature","id":11266,"geometry":{"type":"Polygon","coordinates":[[[-106.40034579479028,31.931591962459564],[-106.40077504034215,31.931468511094877],[-106.40030548187609,31.931351518418026],[-106.40034579479028,31.931591962459564]]]},"properties":{"OBJECTID":11266,"PIDN":"P08099900301200","CITY_OWNED":" ","STATE_CD":"A1","LAND_ACRES":0.20699999999999999,"YR_BLT":"1998","City_Taxes":" ","District_Key(String)":"R-5","Min_Lot_Area(Double - SqFt)":4500,"Min_Lot_Width(Double - Feet)":45,"Min_Lot_Depth":90,"Front_Setback(Double - Feet)":10,"Rear_Setback(Double - Feet)":10,"Side_Setback(Double - Feet)":5,"Max_Density_Factor(Double - SqFt/Unit)":4500,"Current_Area":9829.598503534944,"Lot_Width":107.79637233912945,"Lot_Depth":143.14407067000866,"Shape_Length":501.88088601827621,"Shape_Area":15430.411540082912,"Split_Area_Floor":9000,"Split_Width_Floor":90}},{"type":"Feature","id":11267,"geometry":{"type":"Polygon","coordinates":[[[-106.44891372233859,31.929188087751292],[-106.4500705097259,31.929067999901648],[-106.4500608223962,31.928728886166891],[-106.44891372233859,31.929188087751292]]]},"properties":{"OBJECTID":11267,"PIDN":"N42599900104000","CITY_OWNED":" ","STATE_CD":"A1","LAND_ACRES":0.78490000000000004,"YR_BLT":"1996","City_Taxes":" ","District_Key(String)":"R-3","Min_Lot_Area(Double - SqFt)":6000,"Min_Lot_Width(Double - Feet)":60,"Min_Lot_Depth":90,"Front_Setback(Double - Feet)":20,"Rear_Setback(Double - Feet)":20,"Side_Setback(Double - Feet)":5,"Max_Density_Factor(Double - SqFt/Unit)":6000,"Current_Area":35007.91698820817,"Lot_Width":216.8775190114975,"Lot_Depth":364.54060950875282,"Shape_Length":1162.8362570405006,"Shape_Area":79060.662969197423,"Split_Area_Floor":12000,"Split_Width_Floor":120}},{"type":"Feature","id":11268,"geometry":{"type":"Polygon","coordinates":[[[-106.43337540095442,31.930009992846919],[-106.43388058844742,31.930141164697513],[-106.43369720497915,31.929819744380321],[-106.43337540095442,31.930009992846919]]]},"properties":{"OBJECTID":11268,"PIDN":"N42599902801300","CITY_OWNED":" ","STATE_CD":"A1","LAND_ACRES":0.32890000000000003,"YR_BLT":"1995","City_Taxes":" ","District_Key(String)":"R-3A","Min_Lot_Area(Double - SqFt)":5000,"Min_Lot_Width(Double - Feet)":50,"Min_Lot_Depth":90,"Front_Setback(Double - Feet)":15,"Rear_Setback(Double - Feet)":15,"Side_Setback(Double - Feet)":5,"Max_Density_Factor(Double - SqFt/Unit)":5000,"Current_Area":13337.442947594556,"Lot_Width":143.64505390822887,"Lot_Depth":153.88584707677364,"Shape_Length":595.06180197000504,"Shape_Area":22104.940799056614,"Split_Area_Floor":10000,"Split_Width_Floor":100}},{"type":"Feature","id":11269,"geometry":{"type":"Polygon","coordinates":[[[-106.44107755771002,31.92989110862969],[-106.44108792293244,31.929578930812664],[-106.440776121713,31.92948711158154],[-106.44107755771002,31.92989110862969]]]},"properties":{"OBJECTID":11269,"PIDN":"N42599904101600","CITY_OWNED":" ","STATE_CD":"A1","LAND_ACRES":0.24440000000000001,"YR_BLT":"1999","City_Taxes":" ","District_Key(String)":"R-3A","Min_Lot_Area(Double - SqFt)":5000,"Min_Lot_Width(Double - Feet)":50,"Min_Lot_Depth":90,"Front_Setback(Double - Feet)":15,"Rear_Setback(Double - Feet)":15,"Side_Setback(Double - Feet)":5,"Max_Density_Factor(Double - SqFt/Unit)":5000,"Current_Area":10744.377300019194,"Lot_Width":116.65987166762352,"Lot_Depth":152.20343574881554,"Shape_Length":537.72661483287811,"Shape_Area":17756.033281828204,"Split_Area_Floor":10000,"Split_Width_Floor":100}},{"type":"Feature","id":11270,"geometry":{"type":"Polygon","coordinates":[[[-106.44957880685523,31.929552961948097],[-106.4500705097259,31.929067999901648],[-106.44899775837712,31.929375827368066],[-106.44957880685523,31.929552961948097]]]},"properties":{"OBJECTID":11270,"PIDN":"N42599900104100","CITY_OWNED":" ","STATE_CD":"A1","LAND_ACRES":0.87,"YR_BLT":"1996","City_Taxes":" ","District_Key(String)":"R-3","Min_Lot_Area(Double - SqFt)":6000,"Min_Lot_Width(Double - Feet)":60,"Min_Lot_Depth":90,"Front_Setback(Double - Feet)":20,"Rear_Setback(Double - Feet)":20,"Side_Setback(Double - Feet)":5,"Max_Density_Factor(Double - SqFt/Unit)":6000,"Current_Area":39790.546977063408,"Lot_Width":171.79493199288845,"Lot_Depth":338.48095032572746,"Shape_Length":1020.5517646372318,"Shape_Area":58149.311842096606,"Split_Area_Floor":12000,"Split_Width_Floor":120}},{"type":"Feature","id":11271,"geometry":{"type":"Polygon","coordinates":[[[-106.4425526538526,31.929892034786359],[-106.44290145830128,31.9294562189136],[-106.44254602068658,31.929504414252524],[-106.4425526538526,31.929892034786359]]]},"properties":{"OBJECTID":11271,"PIDN":"N42599900100500","CITY_OWNED":" ","STATE_CD":"A1","LAND_ACRES":0.35849999999999999,"YR_BLT":"1996","City_Taxes":" ","District_Key(String)":"R-3","Min_Lot_Area(Double - SqFt)":6000,"Min_Lot_Width(Double - Feet)":60,"Min_Lot_Depth":90,"Front_Setback(Double - Feet)":20,"Rear_Setback(Double - Feet)":20,"Side_Setback(Double - Feet)":5,"Max_Density_Factor(Double - SqFt/Unit)":6000,"Current_Area":12284.022614693264,"Lot_Width":137.36816357076168,"Lot_Depth":155.31989933550358,"Shape_Length":585.37612581253052,"Shape_Area":21336.009337713695,"Split_Area_Floor":12000,"Split_Width_Floor":120}},{"type":"Feature","id":11272,"geometry":{"type":"Polygon","coordinates":[[[-106.43726760868776,31.930099743575035],[-106.43772241691615,31.930135824865523],[-106.43771801067678,31.929848849402223],[-106.43726760868776,31.930099743575035]]]},"properties":{"OBJECTID":11272,"PIDN":"N42599901803000","CITY_OWNED":" ","STATE_CD":"A1","LAND_ACRES":0.26169999999999999,"YR_BLT":"1995","City_Taxes":" ","District_Key(String)":"R-3A","Min_Lot_Area(Double - SqFt)":5000,"Min_Lot_Width(Double - Feet)":50,"Min_Lot_Depth":90,"Front_Setback(Double - Feet)":15,"Rear_Setback(Double - Feet)":15,"Side_Setback(Double - Feet)":5,"Max_Density_Factor(Double - SqFt/Unit)":5000,"Current_Area":11370.839681935338,"Lot_Width":128.70020191371441,"Lot_Depth":144.5354720801115,"Shape_Length":546.47134798765182,"Shape_Area":18601.744440404382,"Split_Area_Floor":10000,"Split_Width_Floor":100}},{"type":"Feature","id":11273,"geometry":{"type":"Polygon","coordinates":[[[-106.44297173487794,31.929942770480768],[-106.44313346379289,31.929575827201248],[-106.44267466896055,31.929907281683796],[-106.44297173487794,31.929942770480768]]]},"properties":{"OBJECTID":11273,"PIDN":"N42599900100400","CITY_OWNED":" ","STATE_CD":"A1","LAND_ACRES":0.2843,"YR_BLT":"1997","City_Taxes":" ","District_Key(String)":"R-3","Min_Lot_Area(Double - SqFt)":6000,"Min_Lot_Width(Double - Feet)":60,"Min_Lot_Depth":90,"Front_Setback(Double - Feet)":20,"Rear_Setback(Double - Feet)":20,"Side_Setback(Double - Feet)":5,"Max_Density_Factor(Double - SqFt/Unit)":6000,"Current_Area":12889.959371027915,"Lot_Width":140.90851083397865,"Lot_Depth":182.53014674782753,"Shape_Length":646.87731516361237,"Shape_Area":25720.051160543968,"Split_Area_Floor":12000,"Split_Width_Floor":120}},{"type":"Feature","id":11274,"geometry":{"type":"Polygon","coordinates":[[[-106.44694738717101,31.929794840323009],[-106.44743413700455,31.929752209576122],[-106.44720718212912,31.929366632694389],[-106.44694738717101,31.929794840323009]]]},"properties":{"OBJECTID":11274,"PIDN":"N42599903402500","CITY_OWNED":" ","STATE_CD":"A1","LAND_ACRES":0.37209999999999999,"YR_BLT":"1999","City_Taxes":" ","District_Key(String)":"R-3","Min_Lot_Area(Double - SqFt)":6000,"Min_Lot_Width(Double - Feet)":60,"Min_Lot_Depth":90,"Front_Setback(Double - Feet)":20,"Rear_Setback(Double - Feet)":20,"Side_Setback(Double - Feet)":5,"Max_Density_Factor(Double - SqFt/Unit)":6000,"Current_Area":15922.215327428157,"Lot_Width":151.64110091328621,"Lot_Depth":183.11938442289829,"Shape_Length":669.520970672369,"Shape_Area":27768.42505245157,"Split_Area_Floor":12000,"Split_Width_Floor":120}},{"type":"Feature","id":11275,"geometry":{"type":"Polygon","coordinates":[[[-106.42911965253602,31.930783518666427],[-106.42950195211067,31.930681702548206],[-106.42924611869057,31.930472123751485],[-106.42911965253602,31.930783518666427]]]},"properties":{"OBJECTID":11275,"PIDN":"S13799900602700","CITY_OWNED":" ","STATE_CD":"A1","LAND_ACRES":0.25700000000000001,"YR_BLT":"2007","City_Taxes":" ","District_Key(String)":"R-3A","Min_Lot_Area(Double - SqFt)":5000,"Min_Lot_Width(Double - Feet)":50,"Min_Lot_Depth":90,"Front_Setback(Double - Feet)":15,"Rear_Setback(Double - Feet)":15,"Side_Setback(Double - Feet)":5,"Max_Density_Factor(Double - SqFt/Unit)":5000,"Current_Area":11051.504028531745,"Lot_Width":114.61000700294971,"Lot_Depth":151.9780425131321,"Shape_Length":533.17609903216362,"Shape_Area":17418.204516724658,"Split_Area_Floor":10000,"Split_Width_Floor":100}},{"type":"Feature","id":11276,"geometry":{"type":"Polygon","coordinates":[[[-106.41076706212853,31.931570040413142],[-106.41106016973234,31.931275527206225],[-106.41076363407778,31.931279706886119],[-106.41076706212853,31.931570040413142]]]},"properties":{"OBJECTID":11276,"PIDN":"C76299900504600","CITY_OWNED":" ","STATE_CD":"A1","LAND_ACRES":0.21379999999999999,"YR_BLT":"1988","City_Taxes":" ","District_Key(String)":"R-5","Min_Lot_Area(Double - SqFt)":4500,"Min_Lot_Width(Double - Feet)":45,"Min_Lot_Depth":90,"Front_Setback(Double - Feet)":10,"Rear_Setback(Double - Feet)":10,"Side_Setback(Double - Feet)":5,"Max_Density_Factor(Double - SqFt/Unit)":4500,"Current_Area":9384.3599431156508,"Lot_Width":106.09132325649261,"Lot_Depth":141.1417780816555,"Shape_Length":494.46620267629623,"Shape_Area":14973.918003457058,"Split_Area_Floor":9000,"Split_Width_Floor":90}},{"type":"Feature","id":11277,"geometry":{"type":"Polygon","coordinates":[[[-106.44922492139109,31.92988687644355],[-106.44957880685523,31.929552961948097],[-106.44905680783998,31.929565888472805],[-106.44922492139109,31.92988687644355]]]},"properties":{"OBJECTID":11277,"PIDN":"N42599900104200","CITY_OWNED":" ","STATE_CD":"A1","LAND_ACRES":0.2964,"YR_BLT":"1996","City_Taxes":" ","District_Key(String)":"R-3","Min_Lot_Area(Double - SqFt)":6000,"Min_Lot_Width(Double - Feet)":60,"Min_Lot_Depth":90,"Front_Setback(Double - Feet)":20,"Rear_Setback(Double - Feet)":20,"Side_Setback(Double - Feet)":5,"Max_Density_Factor(Double - SqFt/Unit)":6000,"Current_Area":13353.478639050212,"Lot_Width":128.46562233567238,"Lot_Depth":161.96752382814884,"Shape_Length":580.86629232764244,"Shape_Area":20807.258746750987,"Split_Area_Floor":12000,"Split_Width_Floor":120}},{"type":"Feature","id":11278,"geometry":{"type":"Polygon","coordinates":[[[-106.41232078892932,31.931254323141868],[-106.41233674994885,31.931644292081199],[-106.41266035883413,31.931383336365275],[-106.41232078892932,31.931254323141868]]]},"properties":{"OBJECTID":11278,"PIDN":"C76299900500600","CITY_OWNED":" ","STATE_CD":"A1","LAND_ACRES":0.21379999999999999,"YR_BLT":"1988","City_Taxes":" ","District_Key(String)":"R-5","Min_Lot_Area(Double - SqFt)":4500,"Min_Lot_Width(Double - Feet)":45,"Min_Lot_Depth":90,"Front_Setback(Double - Feet)":10,"Rear_Setback(Double - Feet)":10,"Side_Setback(Double - Feet)":5,"Max_Density_Factor(Double - SqFt/Unit)":4500,"Current_Area":9461.6743981070395,"Lot_Width":105.43548466265202,"Lot_Depth":141.9301623404026,"Shape_Length":494.73129400610924,"Shape_Area":14964.47545460923,"Split_Area_Floor":9000,"Split_Width_Floor":90}},{"type":"Feature","id":11279,"geometry":{"type":"Polygon","coordinates":[[[-106.41199721250436,31.931405823549731],[-106.41233674994885,31.931644292081199],[-106.41232078892932,31.931254323141868],[-106.41199721250436,31.931405823549731]]]},"properties":{"OBJECTID":11279,"PIDN":"C76299900503900","CITY_OWNED":" ","STATE_CD":"A1","LAND_ACRES":0.21379999999999999,"YR_BLT":"1989","City_Taxes":" ","District_Key(String)":"R-5","Min_Lot_Area(Double - SqFt)":4500,"Min_Lot_Width(Double - Feet)":45,"Min_Lot_Depth":90,"Front_Setback(Double - Feet)":10,"Rear_Setback(Double - Feet)":10,"Side_Setback(Double - Feet)":5,"Max_Density_Factor(Double - SqFt/Unit)":4500,"Current_Area":9741.8215616285343,"Lot_Width":103.25044967234135,"Lot_Depth":152.22443309426308,"Shape_Length":510.94976553320885,"Shape_Area":15717.241168099903,"Split_Area_Floor":9000,"Split_Width_Floor":90}},{"type":"Feature","id":11280,"geometry":{"type":"Polygon","coordinates":[[[-106.4340417211956,31.930591963372706],[-106.43447643377961,31.930573339467884],[-106.43445316365829,31.930240692459314],[-106.4340417211956,31.930591963372706]]]},"properties":{"OBJECTID":11280,"PIDN":"N42599902901900","CITY_OWNED":" ","STATE_CD":"A1","LAND_ACRES":0.2215,"YR_BLT":"1996","City_Taxes":" ","District_Key(String)":"R-3A","Min_Lot_Area(Double - SqFt)":5000,"Min_Lot_Width(Double - Feet)":50,"Min_Lot_Depth":90,"Front_Setback(Double - Feet)":15,"Rear_Setback(Double - Feet)":15,"Side_Setback(Double - Feet)":5,"Max_Density_Factor(Double - SqFt/Unit)":5000,"Current_Area":10202.483785828586,"Lot_Width":135.58404642343521,"Lot_Depth":146.37733191251755,"Shape_Length":563.92275667190552,"Shape_Area":19846.430965365365,"Split_Area_Floor":10000,"Split_Width_Floor":100}},{"type":"Feature","id":11281,"geometry":{"type":"Polygon","coordinates":[[[-106.41468141928651,31.931212748943551],[-106.41468776051903,31.931602594376809],[-106.41501275493928,31.931353655851236],[-106.41468141928651,31.931212748943551]]]},"properties":{"OBJECTID":11281,"PIDN":"C76299901004800","CITY_OWNED":" ","STATE_CD":"A1","LAND_ACRES":0.21379999999999999,"YR_BLT":"1987","City_Taxes":" ","District_Key(String)":"R-5","Min_Lot_Area(Double - SqFt)":4500,"Min_Lot_Width(Double - Feet)":45,"Min_Lot_Depth":90,"Front_Setback(Double - Feet)":10,"Rear_Setback(Double - Feet)":10,"Side_Setback(Double - Feet)":5,"Max_Density_Factor(Double - SqFt/Unit)":4500,"Current_Area":9134.4287774251243,"Lot_Width":105.62774150073528,"Lot_Depth":141.72215750813484,"Shape_Length":494.69979801774025,"Shape_Area":14969.791418195757,"Split_Area_Floor":9000,"Split_Width_Floor":90}},{"type":"Feature","id":11282,"geometry":{"type":"Polygon","coordinates":[[[-106.41435740094659,31.93136650051623],[-106.41468776051903,31.931602594376809],[-106.41468141928651,31.931212748943551],[-106.41435740094659,31.93136650051623]]]},"properties":{"OBJECTID":11282,"PIDN":"C76299901008100","CITY_OWNED":" ","STATE_CD":"A1","LAND_ACRES":0.219,"YR_BLT":"1987","City_Taxes":" ","District_Key(String)":"R-5","Min_Lot_Area(Double - SqFt)":4500,"Min_Lot_Width(Double - Feet)":45,"Min_Lot_Depth":90,"Front_Setback(Double - Feet)":10,"Rear_Setback(Double - Feet)":10,"Side_Setback(Double - Feet)":5,"Max_Density_Factor(Double - SqFt/Unit)":4500,"Current_Area":9232.9472638072457,"Lot_Width":103.43319208920002,"Lot_Depth":143.3632303327322,"Shape_Length":493.59284484386444,"Shape_Area":14828.516541533716,"Split_Area_Floor":9000,"Split_Width_Floor":90}},{"type":"Feature","id":11283,"geometry":{"type":"Polygon","coordinates":[[[-106.41670050977109,31.931330347089496],[-106.41703102962433,31.931555050586883],[-106.41702250217021,31.93117079452923],[-106.41670050977109,31.931330347089496]]]},"properties":{"OBJECTID":11283,"PIDN":"C76299901003600","CITY_OWNED":" ","STATE_CD":"A1","LAND_ACRES":0.21379999999999999,"YR_BLT":"1986","City_Taxes":" ","District_Key(String)":"R-5","Min_Lot_Area(Double - SqFt)":4500,"Min_Lot_Width(Double - Feet)":45,"Min_Lot_Depth":90,"Front_Setback(Double - Feet)":10,"Rear_Setback(Double - Feet)":10,"Side_Setback(Double - Feet)":5,"Max_Density_Factor(Double - SqFt/Unit)":4500,"Current_Area":9386.0189663585716,"Lot_Width":102.92203824222088,"Lot_Depth":143.54466041922569,"Shape_Length":492.93339732289314,"Shape_Area":14773.909029134156,"Split_Area_Floor":9000,"Split_Width_Floor":90}},{"type":"Feature","id":11284,"geometry":{"type":"Polygon","coordinates":[[[-106.45006773493408,31.93005989597928],[-106.45007734809096,31.929540615122384],[-106.4492925902741,31.929908476596275],[-106.45006773493408,31.93005989597928]]]},"properties":{"OBJECTID":11284,"PIDN":"N42599900104300","CITY_OWNED":" ","STATE_CD":"A1","LAND_ACRES":0.85199999999999998,"YR_BLT":"1997","City_Taxes":" ","District_Key(String)":"R-3","Min_Lot_Area(Double - SqFt)":6000,"Min_Lot_Width(Double - Feet)":60,"Min_Lot_Depth":90,"Front_Setback(Double - Feet)":20,"Rear_Setback(Double - Feet)":20,"Side_Setback(Double - Feet)":5,"Max_Density_Factor(Double - SqFt/Unit)":6000,"Current_Area":37285.506956065328,"Lot_Width":192.54521858692169,"Lot_Depth":250.46275366842747,"Shape_Length":886.01594451069832,"Shape_Area":48225.40565296969,"Split_Area_Floor":12000,"Split_Width_Floor":120}},{"type":"Feature","id":11285,"geometry":{"type":"Polygon","coordinates":[[[-106.44703974655219,31.930007179751467],[-106.44743997800475,31.930200473298132],[-106.44743413700455,31.929752209576122],[-106.44703974655219,31.930007179751467]]]},"properties":{"OBJECTID":11285,"PIDN":"N42599903402400","CITY_OWNED":" ","STATE_CD":"A1","LAND_ACRES":0.31040000000000001,"YR_BLT":"1999","City_Taxes":" ","District_Key(String)":"R-3","Min_Lot_Area(Double - SqFt)":6000,"Min_Lot_Width(Double - Feet)":60,"Min_Lot_Depth":90,"Front_Setback(Double - Feet)":20,"Rear_Setback(Double - Feet)":20,"Side_Setback(Double - Feet)":5,"Max_Density_Factor(Double - SqFt/Unit)":6000,"Current_Area":13630.289120609654,"Lot_Width":135.51318041980267,"Lot_Depth":162.93241691589355,"Shape_Length":596.89119467139244,"Shape_Area":22079.490009757992,"Split_Area_Floor":12000,"Split_Width_Floor":120}},{"type":"Feature","id":11286,"geometry":{"type":"Polygon","coordinates":[[[-106.4190524809852,31.931277293595002],[-106.41938636653089,31.931519569744374],[-106.41937782669328,31.931130206541788],[-106.4190524809852,31.931277293595002]]]},"properties":{"OBJECTID":11286,"PIDN":"C76299901701700","CITY_OWNED":" ","STATE_CD":"A1","LAND_ACRES":0.21379999999999999,"YR_BLT":"1987","City_Taxes":" ","District_Key(String)":"R-5","Min_Lot_Area(Double - SqFt)":4500,"Min_Lot_Width(Double - Feet)":45,"Min_Lot_Depth":90,"Front_Setback(Double - Feet)":10,"Rear_Setback(Double - Feet)":10,"Side_Setback(Double - Feet)":5,"Max_Density_Factor(Double - SqFt/Unit)":4500,"Current_Area":9610.712523979284,"Lot_Width":103.71403141319752,"Lot_Depth":149.01545000076294,"Shape_Length":505.45896282792091,"Shape_Area":15454.993062430891,"Split_Area_Floor":9000,"Split_Width_Floor":90}},{"type":"Feature","id":11287,"geometry":{"type":"Polygon","coordinates":[[[-106.42634986305147,31.931081605038052],[-106.42689178102992,31.931267321458172],[-106.42669171034406,31.93091609494455],[-106.42634986305147,31.931081605038052]]]},"properties":{"OBJECTID":11287,"PIDN":"S13799900106885","CITY_OWNED":" ","STATE_CD":"A1","LAND_ACRES":0.30449999999999999,"YR_BLT":"2014","City_Taxes":" ","District_Key(String)":"R-3A","Min_Lot_Area(Double - SqFt)":5000,"Min_Lot_Width(Double - Feet)":50,"Min_Lot_Depth":90,"Front_Setback(Double - Feet)":15,"Rear_Setback(Double - Feet)":15,"Side_Setback(Double - Feet)":5,"Max_Density_Factor(Double - SqFt/Unit)":5000,"Current_Area":13060.309924313275,"Lot_Width":138.86914482712746,"Lot_Depth":180.1728679984808,"Shape_Length":638.08402565121651,"Shape_Area":25020.452099999948,"Split_Area_Floor":10000,"Split_Width_Floor":100}},{"type":"Feature","id":11288,"geometry":{"type":"Polygon","coordinates":[[[-106.43431304066556,31.931134675598997],[-106.43449183595934,31.930868506284504],[-106.43410410879839,31.930739429612412],[-106.43431304066556,31.931134675598997]]]},"properties":{"OBJECTID":11288,"PIDN":"N42599902901700","CITY_OWNED":" ","STATE_CD":"A1","LAND_ACRES":0.28670000000000001,"YR_BLT":"1995","City_Taxes":" ","District_Key(String)":"R-3A","Min_Lot_Area(Double - SqFt)":5000,"Min_Lot_Width(Double - Feet)":50,"Min_Lot_Depth":90,"Front_Setback(Double - Feet)":15,"Rear_Setback(Double - Feet)":15,"Side_Setback(Double - Feet)":5,"Max_Density_Factor(Double - SqFt/Unit)":5000,"Current_Area":12254.594448597702,"Lot_Width":137.99873974919319,"Lot_Depth":154.02692291140556,"Shape_Length":584.05132532119751,"Shape_Area":21255.521249220099,"Split_Area_Floor":10000,"Split_Width_Floor":100}},{"type":"Feature","id":11289,"geometry":{"type":"Polygon","coordinates":[[[-106.44699606105391,31.930553740949819],[-106.44675551581992,31.930068829557658],[-106.44656352511451,31.930353200686238],[-106.44699606105391,31.930553740949819]]]},"properties":{"OBJECTID":11289,"PIDN":"N42599903402200","CITY_OWNED":" ","STATE_CD":"A1","LAND_ACRES":0.34210000000000002,"YR_BLT":"1999","City_Taxes":" ","District_Key(String)":"R-3","Min_Lot_Area(Double - SqFt)":6000,"Min_Lot_Width(Double - Feet)":60,"Min_Lot_Depth":90,"Front_Setback(Double - Feet)":20,"Rear_Setback(Double - Feet)":20,"Side_Setback(Double - Feet)":5,"Max_Density_Factor(Double - SqFt/Unit)":6000,"Current_Area":15007.688676155334,"Lot_Width":135.96429499983788,"Lot_Depth":187.56622591614723,"Shape_Length":647.06104183197021,"Shape_Area":25502.309672469277,"Split_Area_Floor":12000,"Split_Width_Floor":120}},{"type":"Feature","id":11290,"geometry":{"type":"Polygon","coordinates":[[[-106.43468330518948,31.931153098370508],[-106.4348864545366,31.930804856292948],[-106.43449396450364,31.930933813782399],[-106.43468330518948,31.931153098370508]]]},"properties":{"OBJECTID":11290,"PIDN":"N42599902902500","CITY_OWNED":" ","STATE_CD":"A1","LAND_ACRES":0.25480000000000003,"YR_BLT":"1995","City_Taxes":" ","District_Key(String)":"R-3A","Min_Lot_Area(Double - SqFt)":5000,"Min_Lot_Width(Double - Feet)":50,"Min_Lot_Depth":90,"Front_Setback(Double - Feet)":15,"Rear_Setback(Double - Feet)":15,"Side_Setback(Double - Feet)":5,"Max_Density_Factor(Double - SqFt/Unit)":5000,"Current_Area":11306.105642350072,"Lot_Width":126.29338258504868,"Lot_Depth":142.89571158587933,"Shape_Length":538.378188341856,"Shape_Area":18046.78277307823,"Split_Area_Floor":10000,"Split_Width_Floor":100}},{"type":"Feature","id":11291,"geometry":{"type":"Polygon","coordinates":[[[-106.4189127089374,31.931814695071839],[-106.41939421128599,31.931877246028293],[-106.41938739666492,31.931566565939988],[-106.4189127089374,31.931814695071839]]]},"properties":{"OBJECTID":11291,"PIDN":"P60599900800300","CITY_OWNED":" ","STATE_CD":"A1","LAND_ACRES":0.32840000000000003,"YR_BLT":"2000","City_Taxes":" ","District_Key(String)":"R-3A","Min_Lot_Area(Double - SqFt)":5000,"Min_Lot_Width(Double - Feet)":50,"Min_Lot_Depth":90,"Front_Setback(Double - Feet)":15,"Rear_Setback(Double - Feet)":15,"Side_Setback(Double - Feet)":5,"Max_Density_Factor(Double - SqFt/Unit)":5000,"Current_Area":13492.256566915732,"Lot_Width":117.53782266378403,"Lot_Depth":151.98755691945553,"Shape_Length":539.05075916647911,"Shape_Area":17864.286512300743,"Split_Area_Floor":10000,"Split_Width_Floor":100}},{"type":"Feature","id":11292,"geometry":{"type":"Polygon","coordinates":[[[-106.44950372095353,31.930511574173661],[-106.44907869231568,31.930185680015114],[-106.44900714729444,31.9304250324045],[-106.44950372095353,31.930511574173661]]]},"properties":{"OBJECTID":11292,"PIDN":"N42599900104500","CITY_OWNED":" ","STATE_CD":"A1","LAND_ACRES":0.3453,"YR_BLT":"1996","City_Taxes":" ","District_Key(String)":"R-3","Min_Lot_Area(Double - SqFt)":6000,"Min_Lot_Width(Double - Feet)":60,"Min_Lot_Depth":90,"Front_Setback(Double - Feet)":20,"Rear_Setback(Double - Feet)":20,"Side_Setback(Double - Feet)":5,"Max_Density_Factor(Double - SqFt/Unit)":6000,"Current_Area":15223.322066042127,"Lot_Width":144.63947449624538,"Lot_Depth":176.7358669936657,"Shape_Length":642.75068297982216,"Shape_Area":25562.982926602126,"Split_Area_Floor":12000,"Split_Width_Floor":120}},{"type":"Feature","id":11293,"geometry":{"type":"Polygon","coordinates":[[[-106.44701595439804,31.930562964813411],[-106.44743997800475,31.930200473298132],[-106.44703974655219,31.930007179751467],[-106.44701595439804,31.930562964813411]]]},"properties":{"OBJECTID":11293,"PIDN":"N42599903402300","CITY_OWNED":" ","STATE_CD":"A1","LAND_ACRES":0.5323,"YR_BLT":"1999","City_Taxes":" ","District_Key(String)":"R-3","Min_Lot_Area(Double - SqFt)":6000,"Min_Lot_Width(Double - Feet)":60,"Min_Lot_Depth":90,"Front_Setback(Double - Feet)":20,"Rear_Setback(Double - Feet)":20,"Side_Setback(Double - Feet)":5,"Max_Density_Factor(Double - SqFt/Unit)":6000,"Current_Area":22699.364840484384,"Lot_Width":156.29201024770737,"Lot_Depth":238.80956175923347,"Shape_Length":790.20314401388168,"Shape_Area":37324.026473724625,"Split_Area_Floor":12000,"Split_Width_Floor":120}},{"type":"Feature","id":11294,"geometry":{"type":"Polygon","coordinates":[[[-106.43539331965708,31.931204891150127],[-106.4355291723123,31.931046489589111],[-106.43505802203417,31.930877336556396],[-106.43539331965708,31.931204891150127]]]},"properties":{"OBJECTID":11294,"PIDN":"N42599902902700","CITY_OWNED":" ","STATE_CD":"A1","LAND_ACRES":0.30470000000000003,"YR_BLT":"1995","City_Taxes":" ","District_Key(String)":"R-3A","Min_Lot_Area(Double - SqFt)":5000,"Min_Lot_Width(Double - Feet)":50,"Min_Lot_Depth":90,"Front_Setback(Double - Feet)":15,"Rear_Setback(Double - Feet)":15,"Side_Setback(Double - Feet)":5,"Max_Density_Factor(Double - SqFt/Unit)":5000,"Current_Area":13354.269813857281,"Lot_Width":142.58173583447933,"Lot_Depth":145.23199300467968,"Shape_Length":575.62745767831802,"Shape_Area":20707.42966130819,"Split_Area_Floor":10000,"Split_Width_Floor":100}},{"type":"Feature","id":11295,"geometry":{"type":"Polygon","coordinates":[[[-106.43577255379093,31.931214262780941],[-106.43588944652086,31.930846720233234],[-106.4355266183878,31.930981856801004],[-106.43577255379093,31.931214262780941]]]},"properties":{"OBJECTID":11295,"PIDN":"N42599902903800","CITY_OWNED":" ","STATE_CD":"A1","LAND_ACRES":0.29409999999999997,"YR_BLT":"1996","City_Taxes":" ","District_Key(String)":"R-3A","Min_Lot_Area(Double - SqFt)":5000,"Min_Lot_Width(Double - Feet)":50,"Min_Lot_Depth":90,"Front_Setback(Double - Feet)":15,"Rear_Setback(Double - Feet)":15,"Side_Setback(Double - Feet)":5,"Max_Density_Factor(Double - SqFt/Unit)":5000,"Current_Area":12404.536262236128,"Lot_Width":133.14704342186451,"Lot_Depth":139.82583583891392,"Shape_Length":545.94575852155685,"Shape_Area":18617.396635942368,"Split_Area_Floor":10000,"Split_Width_Floor":100}},{"type":"Feature","id":11296,"geometry":{"type":"Polygon","coordinates":[[[-106.43647015305362,31.931207178586337],[-106.43659130965824,31.931005019659711],[-106.43616180476289,31.930836995329653],[-106.43647015305362,31.931207178586337]]]},"properties":{"OBJECTID":11296,"PIDN":"N42599902904000","CITY_OWNED":" ","STATE_CD":"A1","LAND_ACRES":0.34860000000000002,"YR_BLT":"1996","City_Taxes":" ","District_Key(String)":"R-3A","Min_Lot_Area(Double - SqFt)":5000,"Min_Lot_Width(Double - Feet)":50,"Min_Lot_Depth":90,"Front_Setback(Double - Feet)":15,"Rear_Setback(Double - Feet)":15,"Side_Setback(Double - Feet)":5,"Max_Density_Factor(Double - SqFt/Unit)":5000,"Current_Area":15065.116794885313,"Lot_Width":141.51185609400272,"Lot_Depth":165.18339666724205,"Shape_Length":613.39050552248955,"Shape_Area":23375.409058293328,"Split_Area_Floor":10000,"Split_Width_Floor":100}},{"type":"Feature","id":11297,"geometry":{"type":"Polygon","coordinates":[[[-106.39076303579914,31.933366463411073],[-106.39108435794688,31.932985177014707],[-106.3907597302123,31.933038083986968],[-106.39076303579914,31.933366463411073]]]},"properties":{"OBJECTID":11297,"PIDN":"S67099900100400","CITY_OWNED":" ","STATE_CD":"A1","LAND_ACRES":0.1966,"YR_BLT":"2001","City_Taxes":" ","District_Key(String)":"R-5","Min_Lot_Area(Double - SqFt)":4500,"Min_Lot_Width(Double - Feet)":45,"Min_Lot_Depth":90,"Front_Setback(Double - Feet)":10,"Rear_Setback(Double - Feet)":10,"Side_Setback(Double - Feet)":5,"Max_Density_Factor(Double - SqFt/Unit)":4500,"Current_Area":9426.1862197624378,"Lot_Width":116.79897899925709,"Lot_Depth":134.97020249068737,"Shape_Length":503.53836297988892,"Shape_Area":15764.38184623527,"Split_Area_Floor":9000,"Split_Width_Floor":90}},{"type":"Feature","id":11298,"geometry":{"type":"Polygon","coordinates":[[[-106.43772639950615,31.931191934199749],[-106.43774819102222,31.930849988013037],[-106.43743039410673,31.930798242010503],[-106.43772639950615,31.931191934199749]]]},"properties":{"OBJECTID":11298,"PIDN":"N42599901802500","CITY_OWNED":" ","STATE_CD":"A1","LAND_ACRES":0.25890000000000002,"YR_BLT":"1996","City_Taxes":" ","District_Key(String)":"R-3A","Min_Lot_Area(Double - SqFt)":5000,"Min_Lot_Width(Double - Feet)":50,"Min_Lot_Depth":90,"Front_Setback(Double - Feet)":15,"Rear_Setback(Double - Feet)":15,"Side_Setback(Double - Feet)":5,"Max_Density_Factor(Double - SqFt/Unit)":5000,"Current_Area":11115.869538956673,"Lot_Width":119.86852666735649,"Lot_Depth":148.13126541674137,"Shape_Length":535.99958416819572,"Shape_Area":17756.276538875925,"Split_Area_Floor":10000,"Split_Width_Floor":100}},{"type":"Feature","id":11299,"geometry":{"type":"Polygon","coordinates":[[[-106.43856511547418,31.931179960414749],[-106.43870228031582,31.930832040364869],[-106.43839163493485,31.930780282242825],[-106.43856511547418,31.931179960414749]]]},"properties":{"OBJECTID":11299,"PIDN":"N42599901804300","CITY_OWNED":" ","STATE_CD":"A1","LAND_ACRES":0.26550000000000001,"YR_BLT":"1996","City_Taxes":" ","District_Key(String)":"R-3A","Min_Lot_Area(Double - SqFt)":5000,"Min_Lot_Width(Double - Feet)":50,"Min_Lot_Depth":90,"Front_Setback(Double - Feet)":15,"Rear_Setback(Double - Feet)":15,"Side_Setback(Double - Feet)":5,"Max_Density_Factor(Double - SqFt/Unit)":5000,"Current_Area":11238.075525977025,"Lot_Width":117.84786142408848,"Lot_Depth":148.94195933640003,"Shape_Length":533.57964152097702,"Shape_Area":17552.491384108293,"Split_Area_Floor":10000,"Split_Width_Floor":100}},{"type":"Feature","id":11300,"geometry":{"type":"Polygon","coordinates":[[[-106.4388650859112,31.93117341057669],[-106.43906058509351,31.930813292488661],[-106.43869277604828,31.931021092839057],[-106.4388650859112,31.93117341057669]]]},"properties":{"OBJECTID":11300,"PIDN":"N42599901804800","CITY_OWNED":" ","STATE_CD":"A1","LAND_ACRES":0.26729999999999998,"YR_BLT":"1996","City_Taxes":" ","District_Key(String)":"R-3A","Min_Lot_Area(Double - SqFt)":5000,"Min_Lot_Width(Double - Feet)":50,"Min_Lot_Depth":90,"Front_Setback(Double - Feet)":15,"Rear_Setback(Double - Feet)":15,"Side_Setback(Double - Feet)":5,"Max_Density_Factor(Double - SqFt/Unit)":5000,"Current_Area":11791.117298955951,"Lot_Width":129.89639376103878,"Lot_Depth":146.58435250818729,"Shape_Length":552.96149253845215,"Shape_Area":19040.778772610411,"Split_Area_Floor":10000,"Split_Width_Floor":100}},{"type":"Feature","id":11301,"geometry":{"type":"Polygon","coordinates":[[[-106.39415462771491,31.933022419515769],[-106.39471436741019,31.933343021165793],[-106.39457812348326,31.932935239439338],[-106.39415462771491,31.933022419515769]]]},"properties":{"OBJECTID":11301,"PIDN":"S67099900300280","CITY_OWNED":" ","STATE_CD":"A1","LAND_ACRES":0.25219999999999998,"YR_BLT":"2000","City_Taxes":" ","District_Key(String)":"R-5","Min_Lot_Area(Double - SqFt)":4500,"Min_Lot_Width(Double - Feet)":45,"Min_Lot_Depth":90,"Front_Setback(Double - Feet)":10,"Rear_Setback(Double - Feet)":10,"Side_Setback(Double - Feet)":5,"Max_Density_Factor(Double - SqFt/Unit)":4500,"Current_Area":12209.711847782399,"Lot_Width":155.0800704061985,"Lot_Depth":167.04691000282764,"Shape_Length":644.25396081805229,"Shape_Area":25905.646564376417,"Split_Area_Floor":9000,"Split_Width_Floor":90}},{"type":"Feature","id":11302,"geometry":{"type":"Polygon","coordinates":[[[-106.39419326043644,31.933347199234589],[-106.39471436741019,31.933343021165793],[-106.39415462771491,31.933022419515769],[-106.39419326043644,31.933347199234589]]]},"properties":{"OBJECTID":11302,"PIDN":"S67099900300290","CITY_OWNED":" ","STATE_CD":"A1","LAND_ACRES":0.25750000000000001,"YR_BLT":"2000","City_Taxes":" ","District_Key(String)":"R-5","Min_Lot_Area(Double - SqFt)":4500,"Min_Lot_Width(Double - Feet)":45,"Min_Lot_Depth":90,"Front_Setback(Double - Feet)":10,"Rear_Setback(Double - Feet)":10,"Side_Setback(Double - Feet)":5,"Max_Density_Factor(Double - SqFt/Unit)":4500,"Current_Area":11377.680235078376,"Lot_Width":125.91969566047192,"Lot_Depth":198.23910483717918,"Shape_Length":648.3176009953022,"Shape_Area":24962.207749101988,"Split_Area_Floor":9000,"Split_Width_Floor":90}},{"type":"Feature","id":11303,"geometry":{"type":"Polygon","coordinates":[[[-106.44955912512128,31.930864548058913],[-106.4500858879756,31.930911864398269],[-106.45007859210017,31.930516718949171],[-106.44955912512128,31.930864548058913]]]},"properties":{"OBJECTID":11303,"PIDN":"N42599900104900","CITY_OWNED":" ","STATE_CD":"A1","LAND_ACRES":0.44600000000000001,"YR_BLT":"1996","City_Taxes":" ","District_Key(String)":"R-3","Min_Lot_Area(Double - SqFt)":6000,"Min_Lot_Width(Double - Feet)":60,"Min_Lot_Depth":90,"Front_Setback(Double - Feet)":20,"Rear_Setback(Double - Feet)":20,"Side_Setback(Double - Feet)":5,"Max_Density_Factor(Double - SqFt/Unit)":6000,"Current_Area":19605.48287196791,"Lot_Width":155.98984549939632,"Lot_Depth":167.87696082890034,"Shape_Length":647.73361265659332,"Shape_Area":26187.101182608374,"Split_Area_Floor":12000,"Split_Width_Floor":120}},{"type":"Feature","id":11304,"geometry":{"type":"Polygon","coordinates":[[[-106.40839719332099,31.933177201463078],[-106.40886944552295,31.933169743116892],[-106.40886777572672,31.932891762809156],[-106.40839719332099,31.933177201463078]]]},"properties":{"OBJECTID":11304,"PIDN":"P60599900501000","CITY_OWNED":" ","STATE_CD":"A1","LAND_ACRES":0.23219999999999999,"YR_BLT":"1998","City_Taxes":" ","District_Key(String)":"R-3A","Min_Lot_Area(Double - SqFt)":5000,"Min_Lot_Width(Double - Feet)":50,"Min_Lot_Depth":90,"Front_Setback(Double - Feet)":15,"Rear_Setback(Double - Feet)":15,"Side_Setback(Double - Feet)":5,"Max_Density_Factor(Double - SqFt/Unit)":5000,"Current_Area":10500.038258392933,"Lot_Width":117.00731191039085,"Lot_Depth":151.44687557220459,"Shape_Length":536.90837496519089,"Shape_Area":17720.391807931097,"Split_Area_Floor":10000,"Split_Width_Floor":100}},{"type":"Feature","id":11305,"geometry":{"type":"Polygon","coordinates":[[[-106.44188162269401,31.93162042001379],[-106.44223537110261,31.931241919251441],[-106.44187427596005,31.931321030635921],[-106.44188162269401,31.93162042001379]]]},"properties":{"OBJECTID":11305,"PIDN":"N42599900200800","CITY_OWNED":" ","STATE_CD":"A1","LAND_ACRES":0.31019999999999998,"YR_BLT":"1990","City_Taxes":" ","District_Key(String)":"R-3","Min_Lot_Area(Double - SqFt)":6000,"Min_Lot_Width(Double - Feet)":60,"Min_Lot_Depth":90,"Front_Setback(Double - Feet)":20,"Rear_Setback(Double - Feet)":20,"Side_Setback(Double - Feet)":5,"Max_Density_Factor(Double - SqFt/Unit)":6000,"Current_Area":13488.582365247807,"Lot_Width":139.87012708187103,"Lot_Depth":139.92426082491875,"Shape_Length":559.58877581357956,"Shape_Area":19571.224143418254,"Split_Area_Floor":12000,"Split_Width_Floor":120}},{"type":"Feature","id":11306,"geometry":{"type":"Polygon","coordinates":[[[-106.4448691369504,31.931528137530261],[-106.44514071345687,31.931283159091539],[-106.44489404567992,31.931091964728033],[-106.4448691369504,31.931528137530261]]]},"properties":{"OBJECTID":11306,"PIDN":"N42599900300500","CITY_OWNED":" ","STATE_CD":"A1","LAND_ACRES":0.30880000000000002,"YR_BLT":"1989","City_Taxes":" ","District_Key(String)":"R-3","Min_Lot_Area(Double - SqFt)":6000,"Min_Lot_Width(Double - Feet)":60,"Min_Lot_Depth":90,"Front_Setback(Double - Feet)":20,"Rear_Setback(Double - Feet)":20,"Side_Setback(Double - Feet)":5,"Max_Density_Factor(Double - SqFt/Unit)":6000,"Current_Area":13251.984991829957,"Lot_Width":123.43019933998585,"Lot_Depth":174.49210508167744,"Shape_Length":595.84460884332657,"Shape_Area":21537.595313485202,"Split_Area_Floor":12000,"Split_Width_Floor":120}},{"type":"Feature","id":11307,"geometry":{"type":"Polygon","coordinates":[[[-106.41257307314837,31.933086474030677],[-106.41307221435244,31.933073747727757],[-106.41273092719017,31.932785891629553],[-106.41257307314837,31.933086474030677]]]},"properties":{"OBJECTID":11307,"PIDN":"P60599900601400","CITY_OWNED":" ","STATE_CD":"A1","LAND_ACRES":0.25219999999999998,"YR_BLT":"1998","City_Taxes":" ","District_Key(String)":"R-3A","Min_Lot_Area(Double - SqFt)":5000,"Min_Lot_Width(Double - Feet)":50,"Min_Lot_Depth":90,"Front_Setback(Double - Feet)":15,"Rear_Setback(Double - Feet)":15,"Side_Setback(Double - Feet)":5,"Max_Density_Factor(Double - SqFt/Unit)":5000,"Current_Area":10633.691439859414,"Lot_Width":110.350172996521,"Lot_Depth":154.8779710829258,"Shape_Length":530.45628815889359,"Shape_Area":17090.810902351037,"Split_Area_Floor":10000,"Split_Width_Floor":100}},{"type":"Feature","id":11308,"geometry":{"type":"Polygon","coordinates":[[[-106.4498484509608,31.931418327045318],[-106.4500858879756,31.930911864398269],[-106.44964555677829,31.930956982884243],[-106.4498484509608,31.931418327045318]]]},"properties":{"OBJECTID":11308,"PIDN":"N42599900105000","CITY_OWNED":" ","STATE_CD":"A1","LAND_ACRES":0.44309999999999999,"YR_BLT":"1996","City_Taxes":" ","District_Key(String)":"R-3","Min_Lot_Area(Double - SqFt)":6000,"Min_Lot_Width(Double - Feet)":60,"Min_Lot_Depth":90,"Front_Setback(Double - Feet)":20,"Rear_Setback(Double - Feet)":20,"Side_Setback(Double - Feet)":5,"Max_Density_Factor(Double - SqFt/Unit)":6000,"Current_Area":21743.180503474239,"Lot_Width":155.58170983195305,"Lot_Depth":183.17712709307671,"Shape_Length":677.51767385005951,"Shape_Area":28499.010635245846,"Split_Area_Floor":12000,"Split_Width_Floor":120}},{"type":"Feature","id":11309,"geometry":{"type":"Polygon","coordinates":[[[-106.4450553381358,31.931615449829241],[-106.44549741631927,31.931381149803833],[-106.44514071345687,31.931283159091539],[-106.4450553381358,31.931615449829241]]]},"properties":{"OBJECTID":11309,"PIDN":"N42599900300800","CITY_OWNED":" ","STATE_CD":"A1","LAND_ACRES":0.34510000000000002,"YR_BLT":"1988","City_Taxes":" ","District_Key(String)":"R-3","Min_Lot_Area(Double - SqFt)":6000,"Min_Lot_Width(Double - Feet)":60,"Min_Lot_Depth":90,"Front_Setback(Double - Feet)":20,"Rear_Setback(Double - Feet)":20,"Side_Setback(Double - Feet)":5,"Max_Density_Factor(Double - SqFt/Unit)":6000,"Current_Area":14940.39937899753,"Lot_Width":146.38684633374214,"Lot_Depth":175.47241808474064,"Shape_Length":643.71852883696556,"Shape_Area":25686.853901981085,"Split_Area_Floor":12000,"Split_Width_Floor":120}},{"type":"Feature","id":11310,"geometry":{"type":"Polygon","coordinates":[[[-106.44187655373898,31.93188471034215],[-106.44234669833426,31.931992542649851],[-106.44221238453829,31.931639834257169],[-106.44187655373898,31.93188471034215]]]},"properties":{"OBJECTID":11310,"PIDN":"N42599900201600","CITY_OWNED":" ","STATE_CD":"A1","LAND_ACRES":0.3629,"YR_BLT":"1988","City_Taxes":" ","District_Key(String)":"R-3","Min_Lot_Area(Double - SqFt)":6000,"Min_Lot_Width(Double - Feet)":60,"Min_Lot_Depth":90,"Front_Setback(Double - Feet)":20,"Rear_Setback(Double - Feet)":20,"Side_Setback(Double - Feet)":5,"Max_Density_Factor(Double - SqFt/Unit)":6000,"Current_Area":15870.853186363689,"Lot_Width":143.48888625204563,"Lot_Depth":167.09448207914829,"Shape_Length":621.16673666238785,"Shape_Area":23976.201132399387,"Split_Area_Floor":12000,"Split_Width_Floor":120}},{"type":"Feature","id":11311,"geometry":{"type":"Polygon","coordinates":[[[-106.41729107348419,31.93323939374433],[-106.4176080805848,31.932944397114998],[-106.41712486612629,31.932958264136449],[-106.41729107348419,31.93323939374433]]]},"properties":{"OBJECTID":11311,"PIDN":"C74299900100200","CITY_OWNED":" ","STATE_CD":"A1","LAND_ACRES":0.17799999999999999,"YR_BLT":"2004","City_Taxes":" ","District_Key(String)":"R-3A","Min_Lot_Area(Double - SqFt)":5000,"Min_Lot_Width(Double - Feet)":50,"Min_Lot_Depth":90,"Front_Setback(Double - Feet)":15,"Rear_Setback(Double - Feet)":15,"Side_Setback(Double - Feet)":5,"Max_Density_Factor(Double - SqFt/Unit)":5000,"Current_Area":13537.056533593703,"Lot_Width":107.08705617487431,"Lot_Depth":151.91078542172909,"Shape_Length":517.99568319320679,"Shape_Area":16267.678812025979,"Split_Area_Floor":10000,"Split_Width_Floor":100}},{"type":"Feature","id":11312,"geometry":{"type":"Polygon","coordinates":[[[-106.44565158896557,31.931898308170091],[-106.44602331811086,31.931695128633514],[-106.4457759578771,31.931504147150822],[-106.44565158896557,31.931898308170091]]]},"properties":{"OBJECTID":11312,"PIDN":"N42599900301000","CITY_OWNED":" ","STATE_CD":"A1","LAND_ACRES":0.3155,"YR_BLT":"1988","City_Taxes":" ","District_Key(String)":"R-3","Min_Lot_Area(Double - SqFt)":6000,"Min_Lot_Width(Double - Feet)":60,"Min_Lot_Depth":90,"Front_Setback(Double - Feet)":20,"Rear_Setback(Double - Feet)":20,"Side_Setback(Double - Feet)":5,"Max_Density_Factor(Double - SqFt/Unit)":6000,"Current_Area":13948.675559961353,"Lot_Width":127.54830132424831,"Lot_Depth":175.58331024646759,"Shape_Length":606.26322314143181,"Shape_Area":22395.352962825425,"Split_Area_Floor":12000,"Split_Width_Floor":120}},{"type":"Feature","id":11313,"geometry":{"type":"Polygon","coordinates":[[[-106.41677670535938,31.9333326635704],[-106.41712486612629,31.932958264136449],[-106.41672395656451,31.932969767487172],[-106.41677670535938,31.9333326635704]]]},"properties":{"OBJECTID":11313,"PIDN":"C74299900100100","CITY_OWNED":" ","STATE_CD":"A1","LAND_ACRES":0.19900000000000001,"YR_BLT":"2006","City_Taxes":" ","District_Key(String)":"R-3A","Min_Lot_Area(Double - SqFt)":5000,"Min_Lot_Width(Double - Feet)":50,"Min_Lot_Depth":90,"Front_Setback(Double - Feet)":15,"Rear_Setback(Double - Feet)":15,"Side_Setback(Double - Feet)":5,"Max_Density_Factor(Double - SqFt/Unit)":5000,"Current_Area":12988.243760389336,"Lot_Width":129.32027941942215,"Lot_Depth":143.83632649481297,"Shape_Length":546.31321182847023,"Shape_Area":18600.953932972447,"Split_Area_Floor":10000,"Split_Width_Floor":100}},{"type":"Feature","id":11314,"geometry":{"type":"Polygon","coordinates":[[[-106.44961848556461,31.93175604526748],[-106.45010239455583,31.93180585724237],[-106.45009519051693,31.93141569772154],[-106.44961848556461,31.93175604526748]]]},"properties":{"OBJECTID":11314,"PIDN":"N42599900106000","CITY_OWNED":" ","STATE_CD":"A1","LAND_ACRES":0.42480000000000001,"YR_BLT":"1996","City_Taxes":" ","District_Key(String)":"R-3","Min_Lot_Area(Double - SqFt)":6000,"Min_Lot_Width(Double - Feet)":60,"Min_Lot_Depth":90,"Front_Setback(Double - Feet)":20,"Rear_Setback(Double - Feet)":20,"Side_Setback(Double - Feet)":5,"Max_Density_Factor(Double - SqFt/Unit)":6000,"Current_Area":18053.010170646387,"Lot_Width":152.26117841899395,"Lot_Depth":160.2913460880518,"Shape_Length":625.10504901409149,"Shape_Area":24406.149245733563,"Split_Area_Floor":12000,"Split_Width_Floor":120}},{"type":"Feature","id":11315,"geometry":{"type":"Polygon","coordinates":[[[-106.44585172010417,31.931995791527577],[-106.44637569183656,31.931786172334341],[-106.44602331811086,31.931695128633514],[-106.44585172010417,31.931995791527577]]]},"properties":{"OBJECTID":11315,"PIDN":"N42599900301300","CITY_OWNED":" ","STATE_CD":"A1","LAND_ACRES":0.3377,"YR_BLT":"1988","City_Taxes":" ","District_Key(String)":"R-3","Min_Lot_Area(Double - SqFt)":6000,"Min_Lot_Width(Double - Feet)":60,"Min_Lot_Depth":90,"Front_Setback(Double - Feet)":20,"Rear_Setback(Double - Feet)":20,"Side_Setback(Double - Feet)":5,"Max_Density_Factor(Double - SqFt/Unit)":6000,"Current_Area":14838.507090232499,"Lot_Width":143.80286200344563,"Lot_Depth":176.12596008181572,"Shape_Length":639.85764417052269,"Shape_Area":25327.417132869719,"Split_Area_Floor":12000,"Split_Width_Floor":120}},{"type":"Feature","id":11316,"geometry":{"type":"Polygon","coordinates":[[[-106.44211086361503,31.932580395031941],[-106.44225310014369,31.932186880030077],[-106.44189473550838,31.932368891659515],[-106.44211086361503,31.932580395031941]]]},"properties":{"OBJECTID":11316,"PIDN":"N42599900201800","CITY_OWNED":" ","STATE_CD":"A1","LAND_ACRES":0.30449999999999999,"YR_BLT":"1991","City_Taxes":" ","District_Key(String)":"R-3","Min_Lot_Area(Double - SqFt)":6000,"Min_Lot_Width(Double - Feet)":60,"Min_Lot_Depth":90,"Front_Setback(Double - Feet)":20,"Rear_Setback(Double - Feet)":20,"Side_Setback(Double - Feet)":5,"Max_Density_Factor(Double - SqFt/Unit)":6000,"Current_Area":13094.73253445547,"Lot_Width":142.60831059515476,"Lot_Depth":143.29236432909966,"Shape_Length":571.80134984850883,"Shape_Area":20434.681998158318,"Split_Area_Floor":12000,"Split_Width_Floor":120}},{"type":"Feature","id":11317,"geometry":{"type":"Polygon","coordinates":[[[-106.44666312768258,31.932373144977593],[-106.44688719428504,31.932137729166154],[-106.4466481846619,31.931919782250823],[-106.44666312768258,31.932373144977593]]]},"properties":{"OBJECTID":11317,"PIDN":"N42599900301500","CITY_OWNED":" ","STATE_CD":"A1","LAND_ACRES":0.31690000000000002,"YR_BLT":"1988","City_Taxes":" ","District_Key(String)":"R-3","Min_Lot_Area(Double - SqFt)":6000,"Min_Lot_Width(Double - Feet)":60,"Min_Lot_Depth":90,"Front_Setback(Double - Feet)":20,"Rear_Setback(Double - Feet)":20,"Side_Setback(Double - Feet)":5,"Max_Density_Factor(Double - SqFt/Unit)":6000,"Current_Area":13749.248489938411,"Lot_Width":128.14672534167767,"Lot_Depth":174.20864108204842,"Shape_Length":604.71073284745216,"Shape_Area":22324.266880888164,"Split_Area_Floor":12000,"Split_Width_Floor":120}},{"type":"Feature","id":11318,"geometry":{"type":"Polygon","coordinates":[[[-106.4289407594421,31.932995105565908],[-106.4293298408554,31.933325918526467],[-106.42931898639459,31.932894557594743],[-106.4289407594421,31.932995105565908]]]},"properties":{"OBJECTID":11318,"PIDN":"S13799901200650","CITY_OWNED":" ","STATE_CD":"A1","LAND_ACRES":0.25030000000000002,"YR_BLT":"2013","City_Taxes":" ","District_Key(String)":"R-3A","Min_Lot_Area(Double - SqFt)":5000,"Min_Lot_Width(Double - Feet)":50,"Min_Lot_Depth":90,"Front_Setback(Double - Feet)":15,"Rear_Setback(Double - Feet)":15,"Side_Setback(Double - Feet)":5,"Max_Density_Factor(Double - SqFt/Unit)":5000,"Current_Area":10902.614466413424,"Lot_Width":119.1706934273243,"Lot_Depth":160.20735675096512,"Shape_Length":558.75610035657883,"Shape_Area":19092.021796171237,"Split_Area_Floor":10000,"Split_Width_Floor":100}},{"type":"Feature","id":11319,"geometry":{"type":"Polygon","coordinates":[[[-106.42900633636145,31.933331837221562],[-106.4293298408554,31.933325918526467],[-106.4289407594421,31.932995105565908],[-106.42900633636145,31.933331837221562]]]},"properties":{"OBJECTID":11319,"PIDN":"S13799901200750","CITY_OWNED":" ","STATE_CD":"A1","LAND_ACRES":0.23499999999999999,"YR_BLT":"2013","City_Taxes":" ","District_Key(String)":"R-3A","Min_Lot_Area(Double - SqFt)":5000,"Min_Lot_Width(Double - Feet)":50,"Min_Lot_Depth":90,"Front_Setback(Double - Feet)":15,"Rear_Setback(Double - Feet)":15,"Side_Setback(Double - Feet)":5,"Max_Density_Factor(Double - SqFt/Unit)":5000,"Current_Area":10236.436070583391,"Lot_Width":126.78124250471592,"Lot_Depth":151.35435608029366,"Shape_Length":556.27119717001915,"Shape_Area":19188.893322360833,"Split_Area_Floor":10000,"Split_Width_Floor":100}},{"type":"Feature","id":11320,"geometry":{"type":"Polygon","coordinates":[[[-106.44686822166753,31.932470692982331],[-106.44725762902156,31.932198975370092],[-106.44688719428504,31.932137729166154],[-106.44686822166753,31.932470692982331]]]},"properties":{"OBJECTID":11320,"PIDN":"N42599900301800","CITY_OWNED":" ","STATE_CD":"A1","LAND_ACRES":0.34310000000000002,"YR_BLT":"1988","City_Taxes":" ","District_Key(String)":"R-3","Min_Lot_Area(Double - SqFt)":6000,"Min_Lot_Width(Double - Feet)":60,"Min_Lot_Depth":90,"Front_Setback(Double - Feet)":20,"Rear_Setback(Double - Feet)":20,"Side_Setback(Double - Feet)":5,"Max_Density_Factor(Double - SqFt/Unit)":6000,"Current_Area":14621.920793661104,"Lot_Width":139.30287100374699,"Lot_Depth":178.74570550024509,"Shape_Length":636.09715300798416,"Shape_Area":24899.789955774391,"Split_Area_Floor":12000,"Split_Width_Floor":120}},{"type":"Feature","id":11321,"geometry":{"type":"Polygon","coordinates":[[[-106.44942927042096,31.932296590197339],[-106.45011362251986,31.932413950162186],[-106.44962833613367,31.931951410181686],[-106.44942927042096,31.932296590197339]]]},"properties":{"OBJECTID":11321,"PIDN":"N42599900106200","CITY_OWNED":" ","STATE_CD":"A1","LAND_ACRES":0.40029999999999999,"YR_BLT":"1996","City_Taxes":" ","District_Key(String)":"R-3","Min_Lot_Area(Double - SqFt)":6000,"Min_Lot_Width(Double - Feet)":60,"Min_Lot_Depth":90,"Front_Setback(Double - Feet)":20,"Rear_Setback(Double - Feet)":20,"Side_Setback(Double - Feet)":5,"Max_Density_Factor(Double - SqFt/Unit)":6000,"Current_Area":17662.150270861923,"Lot_Width":176.2929545044899,"Lot_Depth":210.34406749904156,"Shape_Length":773.27404400706291,"Shape_Area":37082.177121897883,"Split_Area_Floor":12000,"Split_Width_Floor":120}},{"type":"Feature","id":11322,"geometry":{"type":"Polygon","coordinates":[[[-106.44191012075639,31.932894944399528],[-106.44233346634422,31.93290206784469],[-106.44211086361503,31.932580395031941],[-106.44191012075639,31.932894944399528]]]},"properties":{"OBJECTID":11322,"PIDN":"N42599900202500","CITY_OWNED":" ","STATE_CD":"A1","LAND_ACRES":0.3075,"YR_BLT":"1990","City_Taxes":" ","District_Key(String)":"R-3","Min_Lot_Area(Double - SqFt)":6000,"Min_Lot_Width(Double - Feet)":60,"Min_Lot_Depth":90,"Front_Setback(Double - Feet)":20,"Rear_Setback(Double - Feet)":20,"Side_Setback(Double - Feet)":5,"Max_Density_Factor(Double - SqFt/Unit)":6000,"Current_Area":13260.338405424271,"Lot_Width":131.00105033814907,"Lot_Depth":152.29529908299446,"Shape_Length":566.59269884228706,"Shape_Area":19950.844141434827,"Split_Area_Floor":12000,"Split_Width_Floor":120}},{"type":"Feature","id":11323,"geometry":{"type":"Polygon","coordinates":[[[-106.43433847315092,31.933360148240116],[-106.43472442189666,31.93312546524897],[-106.43433004627123,31.933056658446905],[-106.43433847315092,31.933360148240116]]]},"properties":{"OBJECTID":11323,"PIDN":"N42599902202100","CITY_OWNED":" ","STATE_CD":"A1","LAND_ACRES":0.2409,"YR_BLT":"1995","City_Taxes":" ","District_Key(String)":"R-3A","Min_Lot_Area(Double - SqFt)":5000,"Min_Lot_Width(Double - Feet)":50,"Min_Lot_Depth":90,"Front_Setback(Double - Feet)":15,"Rear_Setback(Double - Feet)":15,"Side_Setback(Double - Feet)":5,"Max_Density_Factor(Double - SqFt/Unit)":5000,"Current_Area":10906.625003923717,"Lot_Width":120.45809242129326,"Lot_Depth":134.3009124994278,"Shape_Length":509.51800984144211,"Shape_Area":16177.631730120092,"Split_Area_Floor":10000,"Split_Width_Floor":100}},{"type":"Feature","id":11324,"geometry":{"type":"Polygon","coordinates":[[[-106.42891312879667,31.93362624308298],[-106.42933571836244,31.933559465248344],[-106.4293298408554,31.933325918526467],[-106.42891312879667,31.93362624308298]]]},"properties":{"OBJECTID":11324,"PIDN":"S13799901201650","CITY_OWNED":" ","STATE_CD":"A1","LAND_ACRES":0.29709999999999998,"YR_BLT":"2012","City_Taxes":" ","District_Key(String)":"R-3A","Min_Lot_Area(Double - SqFt)":5000,"Min_Lot_Width(Double - Feet)":50,"Min_Lot_Depth":90,"Front_Setback(Double - Feet)":15,"Rear_Setback(Double - Feet)":15,"Side_Setback(Double - Feet)":5,"Max_Density_Factor(Double - SqFt/Unit)":5000,"Current_Area":12880.839638101412,"Lot_Width":132.75826467573643,"Lot_Depth":135.07256449759007,"Shape_Length":535.66165834665298,"Shape_Area":17931.999268001542,"Split_Area_Floor":10000,"Split_Width_Floor":100}},{"type":"Feature","id":11325,"geometry":{"type":"Polygon","coordinates":[[[-106.43504516451856,31.933255852466647],[-106.4354582200075,31.933476151890176],[-106.43544923406238,31.933126072558579],[-106.43504516451856,31.933255852466647]]]},"properties":{"OBJECTID":11325,"PIDN":"N42599902201700","CITY_OWNED":" ","STATE_CD":"A1","LAND_ACRES":0.25540000000000002,"YR_BLT":"1995","City_Taxes":" ","District_Key(String)":"R-3A","Min_Lot_Area(Double - SqFt)":5000,"Min_Lot_Width(Double - Feet)":50,"Min_Lot_Depth":90,"Front_Setback(Double - Feet)":15,"Rear_Setback(Double - Feet)":15,"Side_Setback(Double - Feet)":5,"Max_Density_Factor(Double - SqFt/Unit)":5000,"Current_Area":10590.828808113369,"Lot_Width":127.76057125627995,"Lot_Depth":132.30124458670616,"Shape_Length":520.12363168597221,"Shape_Area":16902.882586314394,"Split_Area_Floor":10000,"Split_Width_Floor":100}},{"type":"Feature","id":11326,"geometry":{"type":"Polygon","coordinates":[[[-106.43108421336676,31.933738833110613],[-106.43139940918348,31.933358934180504],[-106.43107540276569,31.933364480485821],[-106.43108421336676,31.933738833110613]]]},"properties":{"OBJECTID":11326,"PIDN":"S13799900801300","CITY_OWNED":" ","STATE_CD":"A1","LAND_ACRES":0.23619999999999999,"YR_BLT":"2007","City_Taxes":" ","District_Key(String)":"R-3A","Min_Lot_Area(Double - SqFt)":5000,"Min_Lot_Width(Double - Feet)":50,"Min_Lot_Depth":90,"Front_Setback(Double - Feet)":15,"Rear_Setback(Double - Feet)":15,"Side_Setback(Double - Feet)":5,"Max_Density_Factor(Double - SqFt/Unit)":5000,"Current_Area":10226.989857889515,"Lot_Width":120.38821065425873,"Lot_Depth":140.74643765389919,"Shape_Length":522.26929661631584,"Shape_Area":16944.211785114108,"Split_Area_Floor":10000,"Split_Width_Floor":100}},{"type":"Feature","id":11327,"geometry":{"type":"Polygon","coordinates":[[[-106.43452190084869,31.933606670566515],[-106.43476312106942,31.933233839882174],[-106.43433949543048,31.933387823357155],[-106.43452190084869,31.933606670566515]]]},"properties":{"OBJECTID":11327,"PIDN":"N42599902202000","CITY_OWNED":" ","STATE_CD":"A1","LAND_ACRES":0.32569999999999999,"YR_BLT":"1995","City_Taxes":" ","District_Key(String)":"R-3A","Min_Lot_Area(Double - SqFt)":5000,"Min_Lot_Width(Double - Feet)":50,"Min_Lot_Depth":90,"Front_Setback(Double - Feet)":15,"Rear_Setback(Double - Feet)":15,"Side_Setback(Double - Feet)":5,"Max_Density_Factor(Double - SqFt/Unit)":5000,"Current_Area":13780.539458957532,"Lot_Width":133.83011291921139,"Lot_Depth":159.17684701085091,"Shape_Length":586.01391986012459,"Shape_Area":21302.655409586212,"Split_Area_Floor":10000,"Split_Width_Floor":100}},{"type":"Feature","id":11328,"geometry":{"type":"Polygon","coordinates":[[[-106.43516378086871,31.933598639870468],[-106.4354582200075,31.933476151890176],[-106.43504516451856,31.933255852466647],[-106.43516378086871,31.933598639870468]]]},"properties":{"OBJECTID":11328,"PIDN":"N42599902201800","CITY_OWNED":" ","STATE_CD":"A1","LAND_ACRES":0.29430000000000001,"YR_BLT":"1995","City_Taxes":" ","District_Key(String)":"R-3A","Min_Lot_Area(Double - SqFt)":5000,"Min_Lot_Width(Double - Feet)":50,"Min_Lot_Depth":90,"Front_Setback(Double - Feet)":15,"Rear_Setback(Double - Feet)":15,"Side_Setback(Double - Feet)":5,"Max_Density_Factor(Double - SqFt/Unit)":5000,"Current_Area":12504.577748647047,"Lot_Width":129.6860923320055,"Lot_Depth":153.23427358269691,"Shape_Length":565.84073182940483,"Shape_Area":19872.354152273423,"Split_Area_Floor":10000,"Split_Width_Floor":100}},{"type":"Feature","id":11329,"geometry":{"type":"Polygon","coordinates":[[[-106.43108694703547,31.933854994276363],[-106.43151451493895,31.933847676235612],[-106.43158272917179,31.933533939330573],[-106.43108694703547,31.933854994276363]]]},"properties":{"OBJECTID":11329,"PIDN":"S13799900801200","CITY_OWNED":" ","STATE_CD":"A1","LAND_ACRES":0.31580000000000003,"YR_BLT":"2007","City_Taxes":" ","District_Key(String)":"R-3A","Min_Lot_Area(Double - SqFt)":5000,"Min_Lot_Width(Double - Feet)":50,"Min_Lot_Depth":90,"Front_Setback(Double - Feet)":15,"Rear_Setback(Double - Feet)":15,"Side_Setback(Double - Feet)":5,"Max_Density_Factor(Double - SqFt/Unit)":5000,"Current_Area":13671.036018779636,"Lot_Width":137.3547121733427,"Lot_Depth":159.98163542151451,"Shape_Length":594.67269518971443,"Shape_Area":21974.231486342775,"Split_Area_Floor":10000,"Split_Width_Floor":100}},{"type":"Feature","id":11330,"geometry":{"type":"Polygon","coordinates":[[[-106.43221979059753,31.933835603323129],[-106.43268898053995,31.93382756990496],[-106.43238971455817,31.933487899735269],[-106.43221979059753,31.933835603323129]]]},"properties":{"OBJECTID":11330,"PIDN":"S13799900800800","CITY_OWNED":" ","STATE_CD":"A1","LAND_ACRES":0.27839999999999998,"YR_BLT":"2007","City_Taxes":" ","District_Key(String)":"R-3A","Min_Lot_Area(Double - SqFt)":5000,"Min_Lot_Width(Double - Feet)":50,"Min_Lot_Depth":90,"Front_Setback(Double - Feet)":15,"Rear_Setback(Double - Feet)":15,"Side_Setback(Double - Feet)":5,"Max_Density_Factor(Double - SqFt/Unit)":5000,"Current_Area":12054.931569587399,"Lot_Width":128.47513675689697,"Lot_Depth":145.50430217385292,"Shape_Length":547.95887786149979,"Shape_Area":18693.685120502614,"Split_Area_Floor":10000,"Split_Width_Floor":100}},{"type":"Feature","id":11331,"geometry":{"type":"Polygon","coordinates":[[[-106.43268898053995,31.93382756990496],[-106.43279207731825,31.933399580810132],[-106.43247728412528,31.933361508637706],[-106.43268898053995,31.93382756990496]]]},"properties":{"OBJECTID":11331,"PIDN":"S13799900800700","CITY_OWNED":" ","STATE_CD":"A1","LAND_ACRES":0.32740000000000002,"YR_BLT":"2007","City_Taxes":" ","District_Key(String)":"R-3A","Min_Lot_Area(Double - SqFt)":5000,"Min_Lot_Width(Double - Feet)":50,"Min_Lot_Depth":90,"Front_Setback(Double - Feet)":15,"Rear_Setback(Double - Feet)":15,"Side_Setback(Double - Feet)":5,"Max_Density_Factor(Double - SqFt/Unit)":5000,"Current_Area":14176.263962352768,"Lot_Width":126.40394666790962,"Lot_Depth":174.11809007823467,"Shape_Length":601.04407349228859,"Shape_Area":22009.213772167459,"Split_Area_Floor":10000,"Split_Width_Floor":100}},{"type":"Feature","id":11332,"geometry":{"type":"Polygon","coordinates":[[[-106.42902041439893,31.934153451036323],[-106.42934504525739,31.93393007963806],[-106.42900743104096,31.933804841062344],[-106.42902041439893,31.934153451036323]]]},"properties":{"OBJECTID":11332,"PIDN":"S13799901201850","CITY_OWNED":" ","STATE_CD":"A1","LAND_ACRES":0.28089999999999998,"YR_BLT":"2012","City_Taxes":" ","District_Key(String)":"R-3A","Min_Lot_Area(Double - SqFt)":5000,"Min_Lot_Width(Double - Feet)":50,"Min_Lot_Depth":90,"Front_Setback(Double - Feet)":15,"Rear_Setback(Double - Feet)":15,"Side_Setback(Double - Feet)":5,"Max_Density_Factor(Double - SqFt/Unit)":5000,"Current_Area":12233.56815882495,"Lot_Width":129.90229925513268,"Lot_Depth":130.27073684334755,"Shape_Length":520.34607219696045,"Shape_Area":16922.468241611172,"Split_Area_Floor":10000,"Split_Width_Floor":100}},{"type":"Feature","id":11333,"geometry":{"type":"Polygon","coordinates":[[[-106.41936808015551,31.934826488742292],[-106.41971836601964,31.934656337730424],[-106.41951538951105,31.934394252762306],[-106.41936808015551,31.934826488742292]]]},"properties":{"OBJECTID":11333,"PIDN":"S13899900100330","CITY_OWNED":" ","STATE_CD":"A1","LAND_ACRES":0.24940000000000001,"YR_BLT":"2007","City_Taxes":" ","District_Key(String)":"R-3A","Min_Lot_Area(Double - SqFt)":5000,"Min_Lot_Width(Double - Feet)":50,"Min_Lot_Depth":90,"Front_Setback(Double - Feet)":15,"Rear_Setback(Double - Feet)":15,"Side_Setback(Double - Feet)":5,"Max_Density_Factor(Double - SqFt/Unit)":5000,"Current_Area":10860.29246776969,"Lot_Width":111.89511741697788,"Lot_Depth":170.86645616590977,"Shape_Length":565.5231471657753,"Shape_Area":19119.122175307377,"Split_Area_Floor":10000,"Split_Width_Floor":100}},{"type":"Feature","id":11334,"geometry":{"type":"Polygon","coordinates":[[[-106.41215763105406,31.935125734852281],[-106.41254085086541,31.934995243752027],[-106.41248037674488,31.934829122311221],[-106.41215763105406,31.935125734852281]]]},"properties":{"OBJECTID":11334,"PIDN":"C74299900201600","CITY_OWNED":" ","STATE_CD":"A1","LAND_ACRES":0.2034,"YR_BLT":"2004","City_Taxes":" ","District_Key(String)":"R-5","Min_Lot_Area(Double - SqFt)":4500,"Min_Lot_Width(Double - Feet)":45,"Min_Lot_Depth":90,"Front_Setback(Double - Feet)":10,"Rear_Setback(Double - Feet)":10,"Side_Setback(Double - Feet)":5,"Max_Density_Factor(Double - SqFt/Unit)":4500,"Current_Area":9833.9525771421577,"Lot_Width":121.30520357191563,"Lot_Depth":137.91475041210651,"Shape_Length":518.43990796804428,"Shape_Area":16729.776874310515,"Split_Area_Floor":9000,"Split_Width_Floor":90}},{"type":"Feature","id":11335,"geometry":{"type":"Polygon","coordinates":[[[-106.40899937931914,31.935427215804349],[-106.40907315249055,31.934968123926069],[-106.40872146627422,31.935214074351673],[-106.40899937931914,31.935427215804349]]]},"properties":{"OBJECTID":11335,"PIDN":"C74299900605500","CITY_OWNED":" ","STATE_CD":"A1","LAND_ACRES":0.3226,"YR_BLT":"2004","City_Taxes":" ","District_Key(String)":"R-5","Min_Lot_Area(Double - SqFt)":4500,"Min_Lot_Width(Double - Feet)":45,"Min_Lot_Depth":90,"Front_Setback(Double - Feet)":10,"Rear_Setback(Double - Feet)":10,"Side_Setback(Double - Feet)":5,"Max_Density_Factor(Double - SqFt/Unit)":4500,"Current_Area":14022.831581834584,"Lot_Width":141.22347083687782,"Lot_Depth":165.70340874791145,"Shape_Length":613.85375916957855,"Shape_Area":23401.21051288192,"Split_Area_Floor":9000,"Split_Width_Floor":90}},{"type":"Feature","id":11336,"geometry":{"type":"Polygon","coordinates":[[[-106.40967433966611,31.9354420505076],[-106.41004834899678,31.93510934987059],[-106.40964561271321,31.935166926958622],[-106.40967433966611,31.9354420505076]]]},"properties":{"OBJECTID":11336,"PIDN":"C74299900603700","CITY_OWNED":" ","STATE_CD":"A1","LAND_ACRES":0.21829999999999999,"YR_BLT":"2004","City_Taxes":" ","District_Key(String)":"R-5","Min_Lot_Area(Double - SqFt)":4500,"Min_Lot_Width(Double - Feet)":45,"Min_Lot_Depth":90,"Front_Setback(Double - Feet)":10,"Rear_Setback(Double - Feet)":10,"Side_Setback(Double - Feet)":5,"Max_Density_Factor(Double - SqFt/Unit)":4500,"Current_Area":9776.7080053954141,"Lot_Width":122.21858759224415,"Lot_Depth":125.90165108442307,"Shape_Length":496.24047735333443,"Shape_Area":15387.52197106972,"Split_Area_Floor":9000,"Split_Width_Floor":90}},{"type":"Feature","id":11337,"geometry":{"type":"Polygon","coordinates":[[[-106.42716914259728,31.934631917245898],[-106.4275895043922,31.934150593206297],[-106.42708861028832,31.934368444400942],[-106.42716914259728,31.934631917245898]]]},"properties":{"OBJECTID":11337,"PIDN":"S13799903001950","CITY_OWNED":" ","STATE_CD":"A1","LAND_ACRES":0.29649999999999999,"YR_BLT":"2015","City_Taxes":" ","District_Key(String)":"R-3A","Min_Lot_Area(Double - SqFt)":5000,"Min_Lot_Width(Double - Feet)":50,"Min_Lot_Depth":90,"Front_Setback(Double - Feet)":15,"Rear_Setback(Double - Feet)":15,"Side_Setback(Double - Feet)":5,"Max_Density_Factor(Double - SqFt/Unit)":5000,"Current_Area":12861.048684691423,"Lot_Width":159.50460225343704,"Lot_Depth":173.8126444965601,"Shape_Length":666.63449349999428,"Shape_Area":27723.916727041869,"Split_Area_Floor":10000,"Split_Width_Floor":100}},{"type":"Feature","id":11338,"geometry":{"type":"Polygon","coordinates":[[[-106.42728481846025,31.934643325938978],[-106.42765725949232,31.934627469710147],[-106.42764575212794,31.934144353671094],[-106.42728481846025,31.934643325938978]]]},"properties":{"OBJECTID":11338,"PIDN":"S13799903002050","CITY_OWNED":" ","STATE_CD":"A1","LAND_ACRES":0.30430000000000001,"YR_BLT":"2013","City_Taxes":" ","District_Key(String)":"R-3A","Min_Lot_Area(Double - SqFt)":5000,"Min_Lot_Width(Double - Feet)":50,"Min_Lot_Depth":90,"Front_Setback(Double - Feet)":15,"Rear_Setback(Double - Feet)":15,"Side_Setback(Double - Feet)":5,"Max_Density_Factor(Double - SqFt/Unit)":5000,"Current_Area":13196.011051470599,"Lot_Width":121.74811609089375,"Lot_Depth":204.0346969217062,"Shape_Length":651.56562602519989,"Shape_Area":24840.839967394208,"Split_Area_Floor":10000,"Split_Width_Floor":100}},{"type":"Feature","id":11339,"geometry":{"type":"Polygon","coordinates":[[[-106.43517870620614,31.934447239666195],[-106.43547404078332,31.934200040916803],[-106.43511813914226,31.934082460536608],[-106.43517870620614,31.934447239666195]]]},"properties":{"OBJECTID":11339,"PIDN":"N42599902203400","CITY_OWNED":" ","STATE_CD":"A1","LAND_ACRES":0.30869999999999997,"YR_BLT":"1995","City_Taxes":" ","District_Key(String)":"R-3A","Min_Lot_Area(Double - SqFt)":5000,"Min_Lot_Width(Double - Feet)":50,"Min_Lot_Depth":90,"Front_Setback(Double - Feet)":15,"Rear_Setback(Double - Feet)":15,"Side_Setback(Double - Feet)":5,"Max_Density_Factor(Double - SqFt/Unit)":5000,"Current_Area":13002.952946667909,"Lot_Width":136.16672241687775,"Lot_Depth":137.1194764226675,"Shape_Length":546.5723976790905,"Shape_Area":18671.109683992978,"Split_Area_Floor":10000,"Split_Width_Floor":100}},{"type":"Feature","id":11340,"geometry":{"type":"Polygon","coordinates":[[[-106.41851494367792,31.935243233591073],[-106.41887986151575,31.935092951547151],[-106.41870567903638,31.934786909332452],[-106.41851494367792,31.935243233591073]]]},"properties":{"OBJECTID":11340,"PIDN":"S13899900100440","CITY_OWNED":" ","STATE_CD":"A1","LAND_ACRES":0.28120000000000001,"YR_BLT":"2007","City_Taxes":" ","District_Key(String)":"R-3A","Min_Lot_Area(Double - SqFt)":5000,"Min_Lot_Width(Double - Feet)":50,"Min_Lot_Depth":90,"Front_Setback(Double - Feet)":15,"Rear_Setback(Double - Feet)":15,"Side_Setback(Double - Feet)":5,"Max_Density_Factor(Double - SqFt/Unit)":5000,"Current_Area":12247.550942109991,"Lot_Width":116.03159208595753,"Lot_Depth":180.94484807550907,"Shape_Length":593.9528803229332,"Shape_Area":20995.318801953024,"Split_Area_Floor":10000,"Split_Width_Floor":100}},{"type":"Feature","id":11341,"geometry":{"type":"Polygon","coordinates":[[[-106.41782696452087,31.935241339168641],[-106.41840341917526,31.935266494605621],[-106.41820984861275,31.935027349790499],[-106.41782696452087,31.935241339168641]]]},"properties":{"OBJECTID":11341,"PIDN":"S13899900100460","CITY_OWNED":" ","STATE_CD":"A1","LAND_ACRES":0.24759999999999999,"YR_BLT":"2006","City_Taxes":" ","District_Key(String)":"R-3A","Min_Lot_Area(Double - SqFt)":5000,"Min_Lot_Width(Double - Feet)":50,"Min_Lot_Depth":90,"Front_Setback(Double - Feet)":15,"Rear_Setback(Double - Feet)":15,"Side_Setback(Double - Feet)":5,"Max_Density_Factor(Double - SqFt/Unit)":5000,"Current_Area":10781.18301575383,"Lot_Width":118.35737483203411,"Lot_Depth":182.06558075547218,"Shape_Length":600.84591117501259,"Shape_Area":21548.804185487399,"Split_Area_Floor":10000,"Split_Width_Floor":100}},{"type":"Feature","id":11342,"geometry":{"type":"Polygon","coordinates":[[[-106.4350446595024,31.934756042908901],[-106.4354830973671,31.934688359564554],[-106.43547937899555,31.934443019810832],[-106.4350446595024,31.934756042908901]]]},"properties":{"OBJECTID":11342,"PIDN":"N42599902204700","CITY_OWNED":" ","STATE_CD":"A1","LAND_ACRES":0.31090000000000001,"YR_BLT":"1995","City_Taxes":" ","District_Key(String)":"R-3A","Min_Lot_Area(Double - SqFt)":5000,"Min_Lot_Width(Double - Feet)":50,"Min_Lot_Depth":90,"Front_Setback(Double - Feet)":15,"Rear_Setback(Double - Feet)":15,"Side_Setback(Double - Feet)":5,"Max_Density_Factor(Double - SqFt/Unit)":5000,"Current_Area":13276.922624425044,"Lot_Width":137.31862300634384,"Lot_Depth":140.90818275511265,"Shape_Length":556.45361152291298,"Shape_Area":19349.317626258315,"Split_Area_Floor":10000,"Split_Width_Floor":100}},{"type":"Feature","id":11343,"geometry":{"type":"Polygon","coordinates":[[[-106.41761748793068,31.935662336048154],[-106.41795476170877,31.935432990780562],[-106.41781269373881,31.93521993747007],[-106.41761748793068,31.935662336048154]]]},"properties":{"OBJECTID":11343,"PIDN":"S13899900100560","CITY_OWNED":" ","STATE_CD":"A1","LAND_ACRES":0.27900000000000003,"YR_BLT":"2009","City_Taxes":" ","District_Key(String)":"R-3A","Min_Lot_Area(Double - SqFt)":5000,"Min_Lot_Width(Double - Feet)":50,"Min_Lot_Depth":90,"Front_Setback(Double - Feet)":15,"Rear_Setback(Double - Feet)":15,"Side_Setback(Double - Feet)":5,"Max_Density_Factor(Double - SqFt/Unit)":5000,"Current_Area":12189.162301798384,"Lot_Width":111.71696817874908,"Lot_Depth":169.24047516286373,"Shape_Length":561.91488668322563,"Shape_Area":18907.032778326022,"Split_Area_Floor":10000,"Split_Width_Floor":100}},{"type":"Feature","id":11344,"geometry":{"type":"Polygon","coordinates":[[[-106.41715296760619,31.935539847421872],[-106.41749346420859,31.935725387202822],[-106.41758739827623,31.935328274696122],[-106.41715296760619,31.935539847421872]]]},"properties":{"OBJECTID":11344,"PIDN":"S13899900100570","CITY_OWNED":" ","STATE_CD":"A1","LAND_ACRES":0.2505,"YR_BLT":"2008","City_Taxes":" ","District_Key(String)":"R-3A","Min_Lot_Area(Double - SqFt)":5000,"Min_Lot_Width(Double - Feet)":50,"Min_Lot_Depth":90,"Front_Setback(Double - Feet)":15,"Rear_Setback(Double - Feet)":15,"Side_Setback(Double - Feet)":5,"Max_Density_Factor(Double - SqFt/Unit)":5000,"Current_Area":10903.879860559449,"Lot_Width":141.46001891791821,"Lot_Depth":142.6614600867033,"Shape_Length":568.24295800924301,"Shape_Area":20180.892842722882,"Split_Area_Floor":10000,"Split_Width_Floor":100}},{"type":"Feature","id":11345,"geometry":{"type":"Polygon","coordinates":[[[-106.44193679920399,31.934395461873127],[-106.44248125140997,31.93460498701435],[-106.44234490204325,31.934291365531678],[-106.44193679920399,31.934395461873127]]]},"properties":{"OBJECTID":11345,"PIDN":"N42599900204000","CITY_OWNED":" ","STATE_CD":"A1","LAND_ACRES":0.29980000000000001,"YR_BLT":"1988","City_Taxes":" ","District_Key(String)":"R-3","Min_Lot_Area(Double - SqFt)":6000,"Min_Lot_Width(Double - Feet)":60,"Min_Lot_Depth":90,"Front_Setback(Double - Feet)":20,"Rear_Setback(Double - Feet)":20,"Side_Setback(Double - Feet)":5,"Max_Density_Factor(Double - SqFt/Unit)":6000,"Current_Area":13160.508094093353,"Lot_Width":145.89144051074982,"Lot_Depth":164.47276817262173,"Shape_Length":620.72841736674309,"Shape_Area":23995.169073494388,"Split_Area_Floor":12000,"Split_Width_Floor":120}},{"type":"Feature","id":11346,"geometry":{"type":"Polygon","coordinates":[[[-106.41692298008149,31.935681480952461],[-106.41749346420859,31.935725387202822],[-106.41715296760619,31.935539847421872],[-106.41692298008149,31.935681480952461]]]},"properties":{"OBJECTID":11346,"PIDN":"S13899900100580","CITY_OWNED":" ","STATE_CD":"A1","LAND_ACRES":0.30270000000000002,"YR_BLT":"2007","City_Taxes":" ","District_Key(String)":"R-3A","Min_Lot_Area(Double - SqFt)":5000,"Min_Lot_Width(Double - Feet)":50,"Min_Lot_Depth":90,"Front_Setback(Double - Feet)":15,"Rear_Setback(Double - Feet)":15,"Side_Setback(Double - Feet)":5,"Max_Density_Factor(Double - SqFt/Unit)":5000,"Current_Area":12538.482791541985,"Lot_Width":111.52930450439453,"Lot_Depth":180.69747324287891,"Shape_Length":584.45355549454689,"Shape_Area":20153.063516479724,"Split_Area_Floor":10000,"Split_Width_Floor":100}},{"type":"Feature","id":11347,"geometry":{"type":"Polygon","coordinates":[[[-106.42852622766783,31.93539669103653],[-106.4288533866409,31.935390704990567],[-106.42874180365271,31.934919958598503],[-106.42852622766783,31.93539669103653]]]},"properties":{"OBJECTID":11347,"PIDN":"S13799901203250","CITY_OWNED":" ","STATE_CD":"A1","LAND_ACRES":0.36520000000000002,"YR_BLT":"2012","City_Taxes":" ","District_Key(String)":"R-3A","Min_Lot_Area(Double - SqFt)":5000,"Min_Lot_Width(Double - Feet)":50,"Min_Lot_Depth":90,"Front_Setback(Double - Feet)":15,"Rear_Setback(Double - Feet)":15,"Side_Setback(Double - Feet)":5,"Max_Density_Factor(Double - SqFt/Unit)":5000,"Current_Area":15911.190200451281,"Lot_Width":114.1214909106493,"Lot_Depth":175.25063374638557,"Shape_Length":578.74424931406975,"Shape_Area":19999.863606173672,"Split_Area_Floor":10000,"Split_Width_Floor":100}},{"type":"Feature","id":11348,"geometry":{"type":"Polygon","coordinates":[[[-106.42900662078218,31.935070739893302],[-106.42938155922063,31.935381039467632],[-106.42937054411988,31.934943336216133],[-106.42900662078218,31.935070739893302]]]},"properties":{"OBJECTID":11348,"PIDN":"S13799901203050","CITY_OWNED":" ","STATE_CD":"A1","LAND_ACRES":0.25519999999999998,"YR_BLT":"2012","City_Taxes":" ","District_Key(String)":"R-3A","Min_Lot_Area(Double - SqFt)":5000,"Min_Lot_Width(Double - Feet)":50,"Min_Lot_Depth":90,"Front_Setback(Double - Feet)":15,"Rear_Setback(Double - Feet)":15,"Side_Setback(Double - Feet)":5,"Max_Density_Factor(Double - SqFt/Unit)":5000,"Current_Area":11115.712680527491,"Lot_Width":115.27240724861622,"Lot_Depth":162.54691898822784,"Shape_Length":555.63865247368813,"Shape_Area":18737.174642618829,"Split_Area_Floor":10000,"Split_Width_Floor":100}},{"type":"Feature","id":11349,"geometry":{"type":"Polygon","coordinates":[[[-106.4288533866409,31.935390704990567],[-106.42938155922063,31.935381039467632],[-106.42900662078218,31.935070739893302],[-106.4288533866409,31.935390704990567]]]},"properties":{"OBJECTID":11349,"PIDN":"S13799901203150","CITY_OWNED":" ","STATE_CD":"A1","LAND_ACRES":0.25900000000000001,"YR_BLT":"2012","City_Taxes":" ","District_Key(String)":"R-3A","Min_Lot_Area(Double - SqFt)":5000,"Min_Lot_Width(Double - Feet)":50,"Min_Lot_Depth":90,"Front_Setback(Double - Feet)":15,"Rear_Setback(Double - Feet)":15,"Side_Setback(Double - Feet)":5,"Max_Density_Factor(Double - SqFt/Unit)":5000,"Current_Area":11280.677304918061,"Lot_Width":119.08932875096798,"Lot_Depth":163.80577474832535,"Shape_Length":565.79020699858665,"Shape_Area":19507.519760310326,"Split_Area_Floor":10000,"Split_Width_Floor":100}},{"type":"Feature","id":11350,"geometry":{"type":"Polygon","coordinates":[[[-106.44193679920399,31.934395461873127],[-106.44194649072503,31.93487467849555],[-106.44237227835508,31.934739904952444],[-106.44193679920399,31.934395461873127]]]},"properties":{"OBJECTID":11350,"PIDN":"N42599900204100","CITY_OWNED":" ","STATE_CD":"A1","LAND_ACRES":0.3246,"YR_BLT":"1992","City_Taxes":" ","District_Key(String)":"R-3","Min_Lot_Area(Double - SqFt)":6000,"Min_Lot_Width(Double - Feet)":60,"Min_Lot_Depth":90,"Front_Setback(Double - Feet)":20,"Rear_Setback(Double - Feet)":20,"Side_Setback(Double - Feet)":5,"Max_Density_Factor(Double - SqFt/Unit)":6000,"Current_Area":14242.82490092634,"Lot_Width":145.58829149603844,"Lot_Depth":174.24243366718292,"Shape_Length":639.66145032644272,"Shape_Area":25367.658223716968,"Split_Area_Floor":12000,"Split_Width_Floor":120}},{"type":"Feature","id":11351,"geometry":{"type":"Polygon","coordinates":[[[-106.43545061994737,31.93540641283138],[-106.43549555648397,31.935055677514384],[-106.4351347419212,31.93493203289405],[-106.43545061994737,31.93540641283138]]]},"properties":{"OBJECTID":11351,"PIDN":"N42599902204900","CITY_OWNED":" ","STATE_CD":"A1","LAND_ACRES":0.3735,"YR_BLT":"1995","City_Taxes":" ","District_Key(String)":"R-3A","Min_Lot_Area(Double - SqFt)":5000,"Min_Lot_Width(Double - Feet)":50,"Min_Lot_Depth":90,"Front_Setback(Double - Feet)":15,"Rear_Setback(Double - Feet)":15,"Side_Setback(Double - Feet)":5,"Max_Density_Factor(Double - SqFt/Unit)":5000,"Current_Area":15831.893587123497,"Lot_Width":137.350775167346,"Lot_Depth":180.12562398612499,"Shape_Length":634.95279830694199,"Shape_Area":24740.394081996161,"Split_Area_Floor":10000,"Split_Width_Floor":100}},{"type":"Feature","id":11352,"geometry":{"type":"Polygon","coordinates":[[[-106.42783930322989,31.935650727342512],[-106.42823509385708,31.93597877763241],[-106.42834426627634,31.935642209323511],[-106.42783930322989,31.935650727342512]]]},"properties":{"OBJECTID":11352,"PIDN":"S13799902501300","CITY_OWNED":" ","STATE_CD":"A1","LAND_ACRES":0.27810000000000001,"YR_BLT":"2008","City_Taxes":" ","District_Key(String)":"R-3A","Min_Lot_Area(Double - SqFt)":5000,"Min_Lot_Width(Double - Feet)":50,"Min_Lot_Depth":90,"Front_Setback(Double - Feet)":15,"Rear_Setback(Double - Feet)":15,"Side_Setback(Double - Feet)":5,"Max_Density_Factor(Double - SqFt/Unit)":5000,"Current_Area":12577.755910447901,"Lot_Width":128.64934898912907,"Lot_Depth":156.59286266565323,"Shape_Length":570.48442330956459,"Shape_Area":20145.569838280382,"Split_Area_Floor":10000,"Split_Width_Floor":100}},{"type":"Feature","id":11353,"geometry":{"type":"Polygon","coordinates":[[[-106.42615807171292,31.935917314266145],[-106.4261632268865,31.936139184666025],[-106.42668628686353,31.935755543901326],[-106.42615807171292,31.935917314266145]]]},"properties":{"OBJECTID":11353,"PIDN":"S13799900108445","CITY_OWNED":" ","STATE_CD":"A1","LAND_ACRES":0.24879999999999999,"YR_BLT":"2013","City_Taxes":" ","District_Key(String)":"R-3A","Min_Lot_Area(Double - SqFt)":5000,"Min_Lot_Width(Double - Feet)":50,"Min_Lot_Depth":90,"Front_Setback(Double - Feet)":15,"Rear_Setback(Double - Feet)":15,"Side_Setback(Double - Feet)":5,"Max_Density_Factor(Double - SqFt/Unit)":5000,"Current_Area":10801.758599259649,"Lot_Width":139.91212174296379,"Lot_Depth":169.67026433348656,"Shape_Length":619.1647721529007,"Shape_Area":23738.926679587617,"Split_Area_Floor":10000,"Split_Width_Floor":100}},{"type":"Feature","id":11354,"geometry":{"type":"Polygon","coordinates":[[[-106.42768672934311,31.935969044107409],[-106.42807768799571,31.93599373408566],[-106.42783930322989,31.935650727342512],[-106.42768672934311,31.935969044107409]]]},"properties":{"OBJECTID":11354,"PIDN":"S13799902501400","CITY_OWNED":" ","STATE_CD":"A1","LAND_ACRES":0.27500000000000002,"YR_BLT":"2008","City_Taxes":" ","District_Key(String)":"R-3A","Min_Lot_Area(Double - SqFt)":5000,"Min_Lot_Width(Double - Feet)":50,"Min_Lot_Depth":90,"Front_Setback(Double - Feet)":15,"Rear_Setback(Double - Feet)":15,"Side_Setback(Double - Feet)":5,"Max_Density_Factor(Double - SqFt/Unit)":5000,"Current_Area":11941.845437835018,"Lot_Width":120.61557242274284,"Lot_Depth":159.11418308317661,"Shape_Length":559.45951101183891,"Shape_Area":19191.648273154453,"Split_Area_Floor":10000,"Split_Width_Floor":100}},{"type":"Feature","id":11355,"geometry":{"type":"Polygon","coordinates":[[[-106.42714734780419,31.936143952568756],[-106.42749143459783,31.93569151388343],[-106.42704224731261,31.93586037340987],[-106.42714734780419,31.936143952568756]]]},"properties":{"OBJECTID":11355,"PIDN":"S13799902503700","CITY_OWNED":" ","STATE_CD":"A1","LAND_ACRES":0.27079999999999999,"YR_BLT":"2008","City_Taxes":" ","District_Key(String)":"R-3A","Min_Lot_Area(Double - SqFt)":5000,"Min_Lot_Width(Double - Feet)":50,"Min_Lot_Depth":90,"Front_Setback(Double - Feet)":15,"Rear_Setback(Double - Feet)":15,"Side_Setback(Double - Feet)":5,"Max_Density_Factor(Double - SqFt/Unit)":5000,"Current_Area":11688.361134836347,"Lot_Width":142.50890132784843,"Lot_Depth":162.18635542690754,"Shape_Length":609.39051350951195,"Shape_Area":23112.999322256521,"Split_Area_Floor":10000,"Split_Width_Floor":100}},{"type":"Feature","id":11356,"geometry":{"type":"Polygon","coordinates":[[[-106.43905324148072,31.935534634917087],[-106.439498189822,31.935481639389661],[-106.43949113492012,31.935227235149622],[-106.43905324148072,31.935534634917087]]]},"properties":{"OBJECTID":11356,"PIDN":"N42599901403700","CITY_OWNED":" ","STATE_CD":"A1","LAND_ACRES":0.27889999999999998,"YR_BLT":"1992","City_Taxes":" ","District_Key(String)":"R-3A","Min_Lot_Area(Double - SqFt)":5000,"Min_Lot_Width(Double - Feet)":50,"Min_Lot_Depth":90,"Front_Setback(Double - Feet)":15,"Rear_Setback(Double - Feet)":15,"Side_Setback(Double - Feet)":5,"Max_Density_Factor(Double - SqFt/Unit)":5000,"Current_Area":12173.732452420831,"Lot_Width":132.41344907879829,"Lot_Depth":141.78186866641045,"Shape_Length":548.39063549041748,"Shape_Area":18773.826246956607,"Split_Area_Floor":10000,"Split_Width_Floor":100}},{"type":"Feature","id":11357,"geometry":{"type":"Polygon","coordinates":[[[-106.42725951548638,31.936148837424177],[-106.42768912088707,31.936072191883518],[-106.42767958248133,31.935660872022474],[-106.42725951548638,31.936148837424177]]]},"properties":{"OBJECTID":11357,"PIDN":"S13799902503600","CITY_OWNED":" ","STATE_CD":"A1","LAND_ACRES":0.37890000000000001,"YR_BLT":"2008","City_Taxes":" ","District_Key(String)":"R-3A","Min_Lot_Area(Double - SqFt)":5000,"Min_Lot_Width(Double - Feet)":50,"Min_Lot_Depth":90,"Front_Setback(Double - Feet)":15,"Rear_Setback(Double - Feet)":15,"Side_Setback(Double - Feet)":5,"Max_Density_Factor(Double - SqFt/Unit)":5000,"Current_Area":16385.289690578717,"Lot_Width":139.84486466646194,"Lot_Depth":195.59901824593544,"Shape_Length":670.88776582479477,"Shape_Area":27353.518235495663,"Split_Area_Floor":10000,"Split_Width_Floor":100}},{"type":"Feature","id":11358,"geometry":{"type":"Polygon","coordinates":[[[-106.4266487565024,31.936150204404406],[-106.42704055064776,31.936239256366644],[-106.42704224731261,31.93586037340987],[-106.4266487565024,31.936150204404406]]]},"properties":{"OBJECTID":11358,"PIDN":"S13799902503800","CITY_OWNED":" ","STATE_CD":"A1","LAND_ACRES":0.34239999999999998,"YR_BLT":"2010","City_Taxes":" ","District_Key(String)":"R-3A","Min_Lot_Area(Double - SqFt)":5000,"Min_Lot_Width(Double - Feet)":50,"Min_Lot_Depth":90,"Front_Setback(Double - Feet)":15,"Rear_Setback(Double - Feet)":15,"Side_Setback(Double - Feet)":5,"Max_Density_Factor(Double - SqFt/Unit)":5000,"Current_Area":10820.383200123129,"Lot_Width":137.60307124257088,"Lot_Depth":154.57318165898323,"Shape_Length":584.35250580310822,"Shape_Area":21269.744528011921,"Split_Area_Floor":10000,"Split_Width_Floor":100}},{"type":"Feature","id":11359,"geometry":{"type":"Polygon","coordinates":[[[-106.4433081635967,31.935322794973683],[-106.44383377770829,31.935628693838062],[-106.44390245022666,31.935313258325124],[-106.4433081635967,31.935322794973683]]]},"properties":{"OBJECTID":11359,"PIDN":"N42599900804400","CITY_OWNED":" ","STATE_CD":"A1","LAND_ACRES":0.47199999999999998,"YR_BLT":"1992","City_Taxes":" ","District_Key(String)":"R-3","Min_Lot_Area(Double - SqFt)":6000,"Min_Lot_Width(Double - Feet)":60,"Min_Lot_Depth":90,"Front_Setback(Double - Feet)":20,"Rear_Setback(Double - Feet)":20,"Side_Setback(Double - Feet)":5,"Max_Density_Factor(Double - SqFt/Unit)":6000,"Current_Area":20658.895737569099,"Lot_Width":184.28276792168617,"Lot_Depth":191.31293758749962,"Shape_Length":751.19141101837158,"Shape_Area":35255.677677853222,"Split_Area_Floor":12000,"Split_Width_Floor":120}},{"type":"Feature","id":11360,"geometry":{"type":"Polygon","coordinates":[[[-106.4432380636573,31.935729749270255],[-106.44368545922912,31.935661593956052],[-106.4433081635967,31.935322794973683],[-106.4432380636573,31.935729749270255]]]},"properties":{"OBJECTID":11360,"PIDN":"N42599900804500","CITY_OWNED":" ","STATE_CD":"A1","LAND_ACRES":0.29570000000000002,"YR_BLT":"1993","City_Taxes":" ","District_Key(String)":"R-3","Min_Lot_Area(Double - SqFt)":6000,"Min_Lot_Width(Double - Feet)":60,"Min_Lot_Depth":90,"Front_Setback(Double - Feet)":20,"Rear_Setback(Double - Feet)":20,"Side_Setback(Double - Feet)":5,"Max_Density_Factor(Double - SqFt/Unit)":6000,"Current_Area":12857.803653660865,"Lot_Width":139.95050749182701,"Lot_Depth":176.28376816213131,"Shape_Length":632.46855130791664,"Shape_Area":24671.002816861856,"Split_Area_Floor":12000,"Split_Width_Floor":120}},{"type":"Feature","id":11361,"geometry":{"type":"Polygon","coordinates":[[[-106.42635591795681,31.936625731908027],[-106.42674385554724,31.936400933467379],[-106.42656949778667,31.936204454453282],[-106.42635591795681,31.936625731908027]]]},"properties":{"OBJECTID":11361,"PIDN":"S13799902504500","CITY_OWNED":" ","STATE_CD":"A1","LAND_ACRES":0.27160000000000001,"YR_BLT":"2009","City_Taxes":" ","District_Key(String)":"R-3A","Min_Lot_Area(Double - SqFt)":5000,"Min_Lot_Width(Double - Feet)":50,"Min_Lot_Depth":90,"Front_Setback(Double - Feet)":15,"Rear_Setback(Double - Feet)":15,"Side_Setback(Double - Feet)":5,"Max_Density_Factor(Double - SqFt/Unit)":5000,"Current_Area":12274.763597198111,"Lot_Width":124.64837275445461,"Lot_Depth":163.98786100745201,"Shape_Length":577.27246752381325,"Shape_Area":20440.820026062571,"Split_Area_Floor":10000,"Split_Width_Floor":100}},{"type":"Feature","id":11362,"geometry":{"type":"Polygon","coordinates":[[[-106.43927998321163,31.936059226655441],[-106.43950614861234,31.935804742054021],[-106.4391273742293,31.935695398874778],[-106.43927998321163,31.936059226655441]]]},"properties":{"OBJECTID":11362,"PIDN":"N42599901403500","CITY_OWNED":" ","STATE_CD":"A1","LAND_ACRES":0.28000000000000003,"YR_BLT":"1993","City_Taxes":" ","District_Key(String)":"R-3A","Min_Lot_Area(Double - SqFt)":5000,"Min_Lot_Width(Double - Feet)":50,"Min_Lot_Depth":90,"Front_Setback(Double - Feet)":15,"Rear_Setback(Double - Feet)":15,"Side_Setback(Double - Feet)":5,"Max_Density_Factor(Double - SqFt/Unit)":5000,"Current_Area":12113.113947594227,"Lot_Width":138.06698109209538,"Lot_Depth":138.18377874791622,"Shape_Length":552.50151968002319,"Shape_Area":19078.61716762284,"Split_Area_Floor":10000,"Split_Width_Floor":100}},{"type":"Feature","id":11363,"geometry":{"type":"Polygon","coordinates":[[[-106.4439236502778,31.935853719206126],[-106.44430834516015,31.935935014609697],[-106.44443689503372,31.935567861975954],[-106.4439236502778,31.935853719206126]]]},"properties":{"OBJECTID":11363,"PIDN":"N42599900804200","CITY_OWNED":" ","STATE_CD":"A1","LAND_ACRES":0.3039,"YR_BLT":"1992","City_Taxes":" ","District_Key(String)":"R-3","Min_Lot_Area(Double - SqFt)":6000,"Min_Lot_Width(Double - Feet)":60,"Min_Lot_Depth":90,"Front_Setback(Double - Feet)":20,"Rear_Setback(Double - Feet)":20,"Side_Setback(Double - Feet)":5,"Max_Density_Factor(Double - SqFt/Unit)":6000,"Current_Area":14138.678567256979,"Lot_Width":147.01086084544659,"Lot_Depth":164.69717717170715,"Shape_Length":623.41607603430748,"Shape_Area":24212.273794827703,"Split_Area_Floor":12000,"Split_Width_Floor":120}},{"type":"Feature","id":11364,"geometry":{"type":"Polygon","coordinates":[[[-106.4253590682513,31.936899154884248],[-106.42554257457309,31.936511545589244],[-106.42511242596623,31.936518615475599],[-106.4253590682513,31.936899154884248]]]},"properties":{"OBJECTID":11364,"PIDN":"S13799902505100","CITY_OWNED":" ","STATE_CD":"A1","LAND_ACRES":0.29599999999999999,"YR_BLT":"2009","City_Taxes":" ","District_Key(String)":"R-3A","Min_Lot_Area(Double - SqFt)":5000,"Min_Lot_Width(Double - Feet)":50,"Min_Lot_Depth":90,"Front_Setback(Double - Feet)":15,"Rear_Setback(Double - Feet)":15,"Side_Setback(Double - Feet)":5,"Max_Density_Factor(Double - SqFt/Unit)":5000,"Current_Area":13197.603354588557,"Lot_Width":133.38752849400043,"Lot_Depth":142.77366457879543,"Shape_Length":552.32238614559174,"Shape_Area":19044.226252196935,"Split_Area_Floor":10000,"Split_Width_Floor":100}},{"type":"Feature","id":11365,"geometry":{"type":"Polygon","coordinates":[[[-106.42487813395459,31.936802965908576],[-106.4253590682513,31.936899154884248],[-106.42511242596623,31.936518615475599],[-106.42487813395459,31.936802965908576]]]},"properties":{"OBJECTID":11365,"PIDN":"S13799902505200","CITY_OWNED":" ","STATE_CD":"A1","LAND_ACRES":0.34560000000000002,"YR_BLT":"2008","City_Taxes":" ","District_Key(String)":"R-3A","Min_Lot_Area(Double - SqFt)":5000,"Min_Lot_Width(Double - Feet)":50,"Min_Lot_Depth":90,"Front_Setback(Double - Feet)":15,"Rear_Setback(Double - Feet)":15,"Side_Setback(Double - Feet)":5,"Max_Density_Factor(Double - SqFt/Unit)":5000,"Current_Area":15329.14959871547,"Lot_Width":147.06269800662994,"Lot_Depth":172.53049482405186,"Shape_Length":639.1863856613636,"Shape_Area":25372.800057243971,"Split_Area_Floor":10000,"Split_Width_Floor":100}},{"type":"Feature","id":11366,"geometry":{"type":"Polygon","coordinates":[[[-106.44383834446856,31.937073189061255],[-106.44402492884234,31.936723088371195],[-106.44371519164166,31.936636198304527],[-106.44383834446856,31.937073189061255]]]},"properties":{"OBJECTID":11366,"PIDN":"N42599900901600","CITY_OWNED":" ","STATE_CD":"A1","LAND_ACRES":0.3105,"YR_BLT":"1992","City_Taxes":"7513.37","District_Key(String)":"R-3","Min_Lot_Area(Double - SqFt)":6000,"Min_Lot_Width(Double - Feet)":60,"Min_Lot_Depth":90,"Front_Setback(Double - Feet)":20,"Rear_Setback(Double - Feet)":20,"Side_Setback(Double - Feet)":5,"Max_Density_Factor(Double - SqFt/Unit)":6000,"Current_Area":13989.012723577183,"Lot_Width":127.64869484305382,"Lot_Depth":166.56790833175182,"Shape_Length":588.43320634961128,"Shape_Area":21262.17610128555,"Split_Area_Floor":12000,"Split_Width_Floor":120}},{"type":"Feature","id":11367,"geometry":{"type":"Polygon","coordinates":[[[-106.44668839197165,31.937682646875967],[-106.44690882620891,31.93754732403578],[-106.44643069320541,31.937341858653767],[-106.44668839197165,31.937682646875967]]]},"properties":{"OBJECTID":11367,"PIDN":"N42599900900200","CITY_OWNED":" ","STATE_CD":"A1","LAND_ACRES":0.36099999999999999,"YR_BLT":"1993","City_Taxes":"7709.56","District_Key(String)":"R-3","Min_Lot_Area(Double - SqFt)":6000,"Min_Lot_Width(Double - Feet)":60,"Min_Lot_Depth":90,"Front_Setback(Double - Feet)":20,"Rear_Setback(Double - Feet)":20,"Side_Setback(Double - Feet)":5,"Max_Density_Factor(Double - SqFt/Unit)":6000,"Current_Area":15920.635461218892,"Lot_Width":154.99968999624252,"Lot_Depth":167.58660708367825,"Shape_Length":645.17259415984154,"Shape_Area":25975.872145492231,"Split_Area_Floor":12000,"Split_Width_Floor":120}},{"type":"Feature","id":11368,"geometry":{"type":"Polygon","coordinates":[[[-106.43164620687024,31.940606199481262],[-106.43208676197487,31.940895638073446],[-106.43207662627721,31.940459477612823],[-106.43164620687024,31.940606199481262]]]},"properties":{"OBJECTID":11368,"PIDN":"S13799901902000","CITY_OWNED":" ","STATE_CD":"A1","LAND_ACRES":0.31590000000000001,"YR_BLT":"2008","City_Taxes":"9121.72","District_Key(String)":"R-3A","Min_Lot_Area(Double - SqFt)":5000,"Min_Lot_Width(Double - Feet)":50,"Min_Lot_Depth":90,"Front_Setback(Double - Feet)":15,"Rear_Setback(Double - Feet)":15,"Side_Setback(Double - Feet)":5,"Max_Density_Factor(Double - SqFt/Unit)":5000,"Current_Area":13673.061078781591,"Lot_Width":136.24939942359924,"Lot_Depth":163.07578934729099,"Shape_Length":598.65037754178047,"Shape_Area":22218.978359097782,"Split_Area_Floor":10000,"Split_Width_Floor":100}},{"type":"Feature","id":11369,"geometry":{"type":"Polygon","coordinates":[[[-106.447185152401,31.941429829426131],[-106.44768446085109,31.941399436739776],[-106.44726833664284,31.94120194875681],[-106.447185152401,31.941429829426131]]]},"properties":{"OBJECTID":11369,"PIDN":"N42599903209425","CITY_OWNED":" ","STATE_CD":"A1","LAND_ACRES":0.28249999999999997,"YR_BLT":"2004","City_Taxes":"9320.92","District_Key(String)":"R-3A","Min_Lot_Area(Double - SqFt)":5000,"Min_Lot_Width(Double - Feet)":50,"Min_Lot_Depth":90,"Front_Setback(Double - Feet)":15,"Rear_Setback(Double - Feet)":15,"Side_Setback(Double - Feet)":5,"Max_Density_Factor(Double - SqFt/Unit)":5000,"Current_Area":12303.779994230472,"Lot_Width":146.97542783617973,"Lot_Depth":155.26806217432022,"Shape_Length":604.48698002099991,"Shape_Area":22820.58986736527,"Split_Area_Floor":10000,"Split_Width_Floor":100}},{"type":"Feature","id":11370,"geometry":{"type":"Polygon","coordinates":[[[-106.44438413187163,31.935731746125878],[-106.44474493291078,31.936066552360291],[-106.44485795337935,31.935764416751418],[-106.44438413187163,31.935731746125878]]]},"properties":{"OBJECTID":11370,"PIDN":"N42599900803700","CITY_OWNED":" ","STATE_CD":"A1","LAND_ACRES":0.35970000000000002,"YR_BLT":"1993","City_Taxes":" ","District_Key(String)":"R-3","Min_Lot_Area(Double - SqFt)":6000,"Min_Lot_Width(Double - Feet)":60,"Min_Lot_Depth":90,"Front_Setback(Double - Feet)":20,"Rear_Setback(Double - Feet)":20,"Side_Setback(Double - Feet)":5,"Max_Density_Factor(Double - SqFt/Unit)":6000,"Current_Area":15635.675539816533,"Lot_Width":146.12241117656231,"Lot_Depth":190.13150949776173,"Shape_Length":672.50784134864807,"Shape_Area":27782.474608452401,"Split_Area_Floor":12000,"Split_Width_Floor":120}},{"type":"Feature","id":11371,"geometry":{"type":"Polygon","coordinates":[[[-106.44474493291078,31.936066552360291],[-106.44535550304752,31.935997779244691],[-106.44485795337935,31.935764416751418],[-106.44474493291078,31.936066552360291]]]},"properties":{"OBJECTID":11371,"PIDN":"N42599900803600","CITY_OWNED":" ","STATE_CD":"A1","LAND_ACRES":0.29770000000000002,"YR_BLT":"1994","City_Taxes":" ","District_Key(String)":"R-3","Min_Lot_Area(Double - SqFt)":6000,"Min_Lot_Width(Double - Feet)":60,"Min_Lot_Depth":90,"Front_Setback(Double - Feet)":20,"Rear_Setback(Double - Feet)":20,"Side_Setback(Double - Feet)":5,"Max_Density_Factor(Double - SqFt/Unit)":6000,"Current_Area":13149.44773052975,"Lot_Width":140.04630783200264,"Lot_Depth":190.50880533456802,"Shape_Length":661.11022633314133,"Shape_Area":26680.05479659198,"Split_Area_Floor":12000,"Split_Width_Floor":120}},{"type":"Feature","id":11372,"geometry":{"type":"Polygon","coordinates":[[[-106.44481765425209,31.936284693654155],[-106.44518024922907,31.936381974230375],[-106.44535550304752,31.935997779244691],[-106.44481765425209,31.936284693654155]]]},"properties":{"OBJECTID":11372,"PIDN":"N42599900803500","CITY_OWNED":" ","STATE_CD":"A1","LAND_ACRES":0.27460000000000001,"YR_BLT":"1993","City_Taxes":" ","District_Key(String)":"R-3","Min_Lot_Area(Double - SqFt)":6000,"Min_Lot_Width(Double - Feet)":60,"Min_Lot_Depth":90,"Front_Setback(Double - Feet)":20,"Rear_Setback(Double - Feet)":20,"Side_Setback(Double - Feet)":5,"Max_Density_Factor(Double - SqFt/Unit)":6000,"Current_Area":12206.182355899049,"Lot_Width":136.57453000545502,"Lot_Depth":172.3398784250021,"Shape_Length":617.82881686091423,"Shape_Area":23537.23789709192,"Split_Area_Floor":12000,"Split_Width_Floor":120}},{"type":"Feature","id":11373,"geometry":{"type":"Polygon","coordinates":[[[-106.4135204286294,31.937540453744575],[-106.413789103977,31.937859582093665],[-106.41406322088416,31.937691648371384],[-106.4135204286294,31.937540453744575]]]},"properties":{"OBJECTID":11373,"PIDN":"S13899900100990","CITY_OWNED":" ","STATE_CD":"A1","LAND_ACRES":0.2344,"YR_BLT":"2008","City_Taxes":" ","District_Key(String)":"R-3A","Min_Lot_Area(Double - SqFt)":5000,"Min_Lot_Width(Double - Feet)":50,"Min_Lot_Depth":90,"Front_Setback(Double - Feet)":15,"Rear_Setback(Double - Feet)":15,"Side_Setback(Double - Feet)":5,"Max_Density_Factor(Double - SqFt/Unit)":5000,"Current_Area":10213.81186801377,"Lot_Width":120.48007400333881,"Lot_Depth":166.47899775207043,"Shape_Length":573.91814351081848,"Shape_Area":20057.401969171122,"Split_Area_Floor":10000,"Split_Width_Floor":100}},{"type":"Feature","id":11374,"geometry":{"type":"Polygon","coordinates":[[[-106.44524568565379,31.936237117857804],[-106.44551357092611,31.936498013011789],[-106.44576798577233,31.936190316879976],[-106.44524568565379,31.936237117857804]]]},"properties":{"OBJECTID":11374,"PIDN":"N42599900803200","CITY_OWNED":" ","STATE_CD":"A1","LAND_ACRES":0.3891,"YR_BLT":"1993","City_Taxes":" ","District_Key(String)":"R-3","Min_Lot_Area(Double - SqFt)":6000,"Min_Lot_Width(Double - Feet)":60,"Min_Lot_Depth":90,"Front_Setback(Double - Feet)":20,"Rear_Setback(Double - Feet)":20,"Side_Setback(Double - Feet)":5,"Max_Density_Factor(Double - SqFt/Unit)":6000,"Current_Area":17114.143923508709,"Lot_Width":162.72638058662415,"Lot_Depth":184.4048149138689,"Shape_Length":694.2623910009861,"Shape_Area":30007.528093680216,"Split_Area_Floor":12000,"Split_Width_Floor":120}},{"type":"Feature","id":11375,"geometry":{"type":"Polygon","coordinates":[[[-106.41313818914712,31.937786557962585],[-106.41340130382771,31.938009187742864],[-106.4135204286294,31.937540453744575],[-106.41313818914712,31.937786557962585]]]},"properties":{"OBJECTID":11375,"PIDN":"S13899900101210","CITY_OWNED":" ","STATE_CD":"A1","LAND_ACRES":0.2319,"YR_BLT":"2008","City_Taxes":" ","District_Key(String)":"R-3A","Min_Lot_Area(Double - SqFt)":5000,"Min_Lot_Width(Double - Feet)":50,"Min_Lot_Depth":90,"Front_Setback(Double - Feet)":15,"Rear_Setback(Double - Feet)":15,"Side_Setback(Double - Feet)":5,"Max_Density_Factor(Double - SqFt/Unit)":5000,"Current_Area":10097.189532360848,"Lot_Width":123.296341329813,"Lot_Depth":174.95634301006794,"Shape_Length":596.50536867976189,"Shape_Area":21571.476985585181,"Split_Area_Floor":10000,"Split_Width_Floor":100}},{"type":"Feature","id":11376,"geometry":{"type":"Polygon","coordinates":[[[-106.413474065358,31.938019144565924],[-106.413789103977,31.937859582093665],[-106.4135204286294,31.937540453744575],[-106.413474065358,31.938019144565924]]]},"properties":{"OBJECTID":11376,"PIDN":"S13899900101200","CITY_OWNED":" ","STATE_CD":"A1","LAND_ACRES":0.24329999999999999,"YR_BLT":"2008","City_Taxes":" ","District_Key(String)":"R-3A","Min_Lot_Area(Double - SqFt)":5000,"Min_Lot_Width(Double - Feet)":50,"Min_Lot_Depth":90,"Front_Setback(Double - Feet)":15,"Rear_Setback(Double - Feet)":15,"Side_Setback(Double - Feet)":5,"Max_Density_Factor(Double - SqFt/Unit)":5000,"Current_Area":10600.507633618325,"Lot_Width":123.1008036583662,"Lot_Depth":178.19682209193707,"Shape_Length":602.59525150060654,"Shape_Area":21936.172008884358,"Split_Area_Floor":10000,"Split_Width_Floor":100}},{"type":"Feature","id":11377,"geometry":{"type":"Polygon","coordinates":[[[-106.44566955957495,31.936465953235725],[-106.44623298627789,31.936337061557325],[-106.44576798577233,31.936190316879976],[-106.44566955957495,31.936465953235725]]]},"properties":{"OBJECTID":11377,"PIDN":"N42599900803100","CITY_OWNED":" ","STATE_CD":"A1","LAND_ACRES":0.3019,"YR_BLT":"1994","City_Taxes":" ","District_Key(String)":"R-3","Min_Lot_Area(Double - SqFt)":6000,"Min_Lot_Width(Double - Feet)":60,"Min_Lot_Depth":90,"Front_Setback(Double - Feet)":20,"Rear_Setback(Double - Feet)":20,"Side_Setback(Double - Feet)":5,"Max_Density_Factor(Double - SqFt/Unit)":6000,"Current_Area":13269.070817176562,"Lot_Width":132.52401316165924,"Lot_Depth":177.10594500601292,"Shape_Length":619.25991633534431,"Shape_Area":23470.790586984953,"Split_Area_Floor":12000,"Split_Width_Floor":120}},{"type":"Feature","id":11378,"geometry":{"type":"Polygon","coordinates":[[[-106.44743328466784,31.936296423973634],[-106.44789005588467,31.936392592432131],[-106.44775441552883,31.936093598536836],[-106.44743328466784,31.936296423973634]]]},"properties":{"OBJECTID":11378,"PIDN":"N42599903200400","CITY_OWNED":" ","STATE_CD":"A1","LAND_ACRES":0.30869999999999997,"YR_BLT":"1995","City_Taxes":" ","District_Key(String)":"R-3","Min_Lot_Area(Double - SqFt)":6000,"Min_Lot_Width(Double - Feet)":60,"Min_Lot_Depth":90,"Front_Setback(Double - Feet)":20,"Rear_Setback(Double - Feet)":20,"Side_Setback(Double - Feet)":5,"Max_Density_Factor(Double - SqFt/Unit)":6000,"Current_Area":13293.819176898091,"Lot_Width":139.57025891542435,"Lot_Depth":147.07221242785454,"Shape_Length":573.28494268655777,"Shape_Area":20526.90676781995,"Split_Area_Floor":12000,"Split_Width_Floor":120}},{"type":"Feature","id":11379,"geometry":{"type":"Polygon","coordinates":[[[-106.44964517944722,31.93637971316203],[-106.45015302808845,31.936066196747277],[-106.44953906734615,31.936073614229645],[-106.44964517944722,31.93637971316203]]]},"properties":{"OBJECTID":11379,"PIDN":"N42599903202700","CITY_OWNED":" ","STATE_CD":"A1","LAND_ACRES":0.32290000000000002,"YR_BLT":"1993","City_Taxes":" ","District_Key(String)":"R-3","Min_Lot_Area(Double - SqFt)":6000,"Min_Lot_Width(Double - Feet)":60,"Min_Lot_Depth":90,"Front_Setback(Double - Feet)":20,"Rear_Setback(Double - Feet)":20,"Side_Setback(Double - Feet)":5,"Max_Density_Factor(Double - SqFt/Unit)":6000,"Current_Area":13950.167793902603,"Lot_Width":124.47645708918571,"Lot_Depth":190.33295266330242,"Shape_Length":629.61881950497627,"Shape_Area":23691.97161485158,"Split_Area_Floor":12000,"Split_Width_Floor":120}},{"type":"Feature","id":11380,"geometry":{"type":"Polygon","coordinates":[[[-106.44918635185113,31.936334689653659],[-106.44954504106791,31.936457409011478],[-106.44953906734615,31.936073614229645],[-106.44918635185113,31.936334689653659]]]},"properties":{"OBJECTID":11380,"PIDN":"N42599903202600","CITY_OWNED":" ","STATE_CD":"A1","LAND_ACRES":0.35680000000000001,"YR_BLT":"1994","City_Taxes":" ","District_Key(String)":"R-3","Min_Lot_Area(Double - SqFt)":6000,"Min_Lot_Width(Double - Feet)":60,"Min_Lot_Depth":90,"Front_Setback(Double - Feet)":20,"Rear_Setback(Double - Feet)":20,"Side_Setback(Double - Feet)":5,"Max_Density_Factor(Double - SqFt/Unit)":6000,"Current_Area":14972.069724652989,"Lot_Width":141.22904825210571,"Lot_Depth":143.69328217208385,"Shape_Length":569.84466084837914,"Shape_Area":20293.665481384673,"Split_Area_Floor":12000,"Split_Width_Floor":120}},{"type":"Feature","id":11381,"geometry":{"type":"Polygon","coordinates":[[[-106.44874705261238,31.936402118126583],[-106.44919127238724,31.936496880498712],[-106.44917863179276,31.936079031704548],[-106.44874705261238,31.936402118126583]]]},"properties":{"OBJECTID":11381,"PIDN":"N42599903200900","CITY_OWNED":" ","STATE_CD":"A1","LAND_ACRES":0.37859999999999999,"YR_BLT":"1995","City_Taxes":" ","District_Key(String)":"R-3","Min_Lot_Area(Double - SqFt)":6000,"Min_Lot_Width(Double - Feet)":60,"Min_Lot_Depth":90,"Front_Setback(Double - Feet)":20,"Rear_Setback(Double - Feet)":20,"Side_Setback(Double - Feet)":5,"Max_Density_Factor(Double - SqFt/Unit)":6000,"Current_Area":16771.881232080188,"Lot_Width":140.14735749363899,"Lot_Depth":156.00493733584881,"Shape_Length":592.3045896589756,"Shape_Area":21863.679723579953,"Split_Area_Floor":12000,"Split_Width_Floor":120}},{"type":"Feature","id":11382,"geometry":{"type":"Polygon","coordinates":[[[-106.44980688552752,31.936403715960733],[-106.45020814608887,31.93649030873517],[-106.45019514676603,31.936066971773872],[-106.44980688552752,31.936403715960733]]]},"properties":{"OBJECTID":11382,"PIDN":"N42599903202800","CITY_OWNED":" ","STATE_CD":"A1","LAND_ACRES":0.30719999999999997,"YR_BLT":"1995","City_Taxes":" ","District_Key(String)":"R-3","Min_Lot_Area(Double - SqFt)":6000,"Min_Lot_Width(Double - Feet)":60,"Min_Lot_Depth":90,"Front_Setback(Double - Feet)":20,"Rear_Setback(Double - Feet)":20,"Side_Setback(Double - Feet)":5,"Max_Density_Factor(Double - SqFt/Unit)":6000,"Current_Area":12992.518732705816,"Lot_Width":127.00302682816982,"Lot_Depth":168.66304850578308,"Shape_Length":591.33215066790581,"Shape_Area":21420.717674300879,"Split_Area_Floor":12000,"Split_Width_Floor":120}},{"type":"Feature","id":11383,"geometry":{"type":"Polygon","coordinates":[[[-106.44619846066888,31.936435626576991],[-106.44660895811241,31.936711158590754],[-106.44669377467547,31.936426024397722],[-106.44619846066888,31.936435626576991]]]},"properties":{"OBJECTID":11383,"PIDN":"N42599900802800","CITY_OWNED":" ","STATE_CD":"A1","LAND_ACRES":0.29509999999999997,"YR_BLT":"1993","City_Taxes":" ","District_Key(String)":"R-3","Min_Lot_Area(Double - SqFt)":6000,"Min_Lot_Width(Double - Feet)":60,"Min_Lot_Depth":90,"Front_Setback(Double - Feet)":20,"Rear_Setback(Double - Feet)":20,"Side_Setback(Double - Feet)":5,"Max_Density_Factor(Double - SqFt/Unit)":6000,"Current_Area":13087.618631656967,"Lot_Width":147.08796040713787,"Lot_Depth":153.62338042259216,"Shape_Length":601.42268165946007,"Shape_Area":22596.149697208915,"Split_Area_Floor":12000,"Split_Width_Floor":120}},{"type":"Feature","id":11384,"geometry":{"type":"Polygon","coordinates":[[[-106.44662211006488,31.936715815295223],[-106.44715978185596,31.936501451417413],[-106.44669377467547,31.936426024397722],[-106.44662211006488,31.936715815295223]]]},"properties":{"OBJECTID":11384,"PIDN":"N42599900802700","CITY_OWNED":" ","STATE_CD":"A1","LAND_ACRES":0.3256,"YR_BLT":"1994","City_Taxes":" ","District_Key(String)":"R-3","Min_Lot_Area(Double - SqFt)":6000,"Min_Lot_Width(Double - Feet)":60,"Min_Lot_Depth":90,"Front_Setback(Double - Feet)":20,"Rear_Setback(Double - Feet)":20,"Side_Setback(Double - Feet)":5,"Max_Density_Factor(Double - SqFt/Unit)":6000,"Current_Area":14401.822282752264,"Lot_Width":133.73988999426365,"Lot_Depth":174.81690758466721,"Shape_Length":617.11359515786171,"Shape_Area":23379.993989510745,"Split_Area_Floor":12000,"Split_Width_Floor":120}},{"type":"Feature","id":11385,"geometry":{"type":"Polygon","coordinates":[[[-106.44310644228284,31.936960696115758],[-106.44341371462114,31.936576386801079],[-106.44307454103661,31.936547667255724],[-106.44310644228284,31.936960696115758]]]},"properties":{"OBJECTID":11385,"PIDN":"N42599900901800","CITY_OWNED":" ","STATE_CD":"A1","LAND_ACRES":0.34239999999999998,"YR_BLT":"1992","City_Taxes":" ","District_Key(String)":"R-3","Min_Lot_Area(Double - SqFt)":6000,"Min_Lot_Width(Double - Feet)":60,"Min_Lot_Depth":90,"Front_Setback(Double - Feet)":20,"Rear_Setback(Double - Feet)":20,"Side_Setback(Double - Feet)":5,"Max_Density_Factor(Double - SqFt/Unit)":6000,"Current_Area":14706.965943596057,"Lot_Width":153.50658275187016,"Lot_Depth":155.00329892337322,"Shape_Length":617.01976335048676,"Shape_Area":23794.026732993658,"Split_Area_Floor":12000,"Split_Width_Floor":120}},{"type":"Feature","id":11386,"geometry":{"type":"Polygon","coordinates":[[[-106.44407010002446,31.937130894138132],[-106.44437364897227,31.936782020740214],[-106.44402492884234,31.936723088371195],[-106.44407010002446,31.937130894138132]]]},"properties":{"OBJECTID":11386,"PIDN":"N42599900901300","CITY_OWNED":" ","STATE_CD":"A1","LAND_ACRES":0.36020000000000002,"YR_BLT":"1993","City_Taxes":" ","District_Key(String)":"R-3","Min_Lot_Area(Double - SqFt)":6000,"Min_Lot_Width(Double - Feet)":60,"Min_Lot_Depth":90,"Front_Setback(Double - Feet)":20,"Rear_Setback(Double - Feet)":20,"Side_Setback(Double - Feet)":5,"Max_Density_Factor(Double - SqFt/Unit)":6000,"Current_Area":15587.719783798162,"Lot_Width":156.54200975596905,"Lot_Depth":164.2585297524929,"Shape_Length":641.6010790169239,"Shape_Area":25713.360367015877,"Split_Area_Floor":12000,"Split_Width_Floor":120}},{"type":"Feature","id":11387,"geometry":{"type":"Polygon","coordinates":[[[-106.44912408151733,31.936950407656411],[-106.44919127238724,31.936496880498712],[-106.44883545642737,31.936513592093064],[-106.44912408151733,31.936950407656411]]]},"properties":{"OBJECTID":11387,"PIDN":"N42599903201000","CITY_OWNED":" ","STATE_CD":"A1","LAND_ACRES":0.4476,"YR_BLT":"1994","City_Taxes":" ","District_Key(String)":"R-3","Min_Lot_Area(Double - SqFt)":6000,"Min_Lot_Width(Double - Feet)":60,"Min_Lot_Depth":90,"Front_Setback(Double - Feet)":20,"Rear_Setback(Double - Feet)":20,"Side_Setback(Double - Feet)":5,"Max_Density_Factor(Double - SqFt/Unit)":6000,"Current_Area":19711.570737165996,"Lot_Width":165.99999608099461,"Lot_Depth":171.91665092110634,"Shape_Length":675.83329400420189,"Shape_Area":28538.163379161371,"Split_Area_Floor":12000,"Split_Width_Floor":120}},{"type":"Feature","id":11388,"geometry":{"type":"Polygon","coordinates":[[[-106.44478380675389,31.937298140401865],[-106.44498596651621,31.937002916533732],[-106.44468706410507,31.936869181174313],[-106.44478380675389,31.937298140401865]]]},"properties":{"OBJECTID":11388,"PIDN":"N42599900901100","CITY_OWNED":" ","STATE_CD":"A1","LAND_ACRES":0.32669999999999999,"YR_BLT":"1993","City_Taxes":" ","District_Key(String)":"R-3","Min_Lot_Area(Double - SqFt)":6000,"Min_Lot_Width(Double - Feet)":60,"Min_Lot_Depth":90,"Front_Setback(Double - Feet)":20,"Rear_Setback(Double - Feet)":20,"Side_Setback(Double - Feet)":5,"Max_Density_Factor(Double - SqFt/Unit)":6000,"Current_Area":14034.438924616068,"Lot_Width":125.29305648803711,"Lot_Depth":167.47702725231647,"Shape_Length":585.54016748070717,"Shape_Area":20983.70863597302,"Split_Area_Floor":12000,"Split_Width_Floor":120}},{"type":"Feature","id":11389,"geometry":{"type":"Polygon","coordinates":[[[-106.44503057593877,31.937355091871872],[-106.44533938655798,31.93701703060232],[-106.44498480938505,31.937006455265035],[-106.44503057593877,31.937355091871872]]]},"properties":{"OBJECTID":11389,"PIDN":"N42599900900800","CITY_OWNED":" ","STATE_CD":"A1","LAND_ACRES":0.33090000000000003,"YR_BLT":"1993","City_Taxes":" ","District_Key(String)":"R-3","Min_Lot_Area(Double - SqFt)":6000,"Min_Lot_Width(Double - Feet)":60,"Min_Lot_Depth":90,"Front_Setback(Double - Feet)":20,"Rear_Setback(Double - Feet)":20,"Side_Setback(Double - Feet)":5,"Max_Density_Factor(Double - SqFt/Unit)":6000,"Current_Area":14240.429680164765,"Lot_Width":137.43771724402905,"Lot_Depth":162.03051583468914,"Shape_Length":598.93646615743637,"Shape_Area":22269.104220192177,"Split_Area_Floor":12000,"Split_Width_Floor":120}},{"type":"Feature","id":11390,"geometry":{"type":"Polygon","coordinates":[[[-106.44586551546546,31.937538536207089],[-106.44563856680055,31.937093094336351],[-106.4455950261635,31.937475450788611],[-106.44586551546546,31.937538536207089]]]},"properties":{"OBJECTID":11390,"PIDN":"N42599900900600","CITY_OWNED":" ","STATE_CD":"A1","LAND_ACRES":0.32050000000000001,"YR_BLT":"1993","City_Taxes":" ","District_Key(String)":"R-3","Min_Lot_Area(Double - SqFt)":6000,"Min_Lot_Width(Double - Feet)":60,"Min_Lot_Depth":90,"Front_Setback(Double - Feet)":20,"Rear_Setback(Double - Feet)":20,"Side_Setback(Double - Feet)":5,"Max_Density_Factor(Double - SqFt/Unit)":6000,"Current_Area":13880.880210684358,"Lot_Width":127.63524341583252,"Lot_Depth":166.10268616676331,"Shape_Length":587.47585916519165,"Shape_Area":21200.556780918472,"Split_Area_Floor":12000,"Split_Width_Floor":120}},{"type":"Feature","id":11391,"geometry":{"type":"Polygon","coordinates":[[[-106.44616237843178,31.937590136516746],[-106.44630241060341,31.937245423985008],[-106.44591874327941,31.937368250566678],[-106.44616237843178,31.937590136516746]]]},"properties":{"OBJECTID":11391,"PIDN":"N42599900900300","CITY_OWNED":" ","STATE_CD":"A1","LAND_ACRES":0.37590000000000001,"YR_BLT":"1993","City_Taxes":" ","District_Key(String)":"R-3","Min_Lot_Area(Double - SqFt)":6000,"Min_Lot_Width(Double - Feet)":60,"Min_Lot_Depth":90,"Front_Setback(Double - Feet)":20,"Rear_Setback(Double - Feet)":20,"Side_Setback(Double - Feet)":5,"Max_Density_Factor(Double - SqFt/Unit)":6000,"Current_Area":15994.445521312386,"Lot_Width":139.64801467955112,"Lot_Depth":177.71847659349442,"Shape_Length":634.73298254609108,"Shape_Area":24818.03242815577,"Split_Area_Floor":12000,"Split_Width_Floor":120}},{"type":"Feature","id":11392,"geometry":{"type":"Polygon","coordinates":[[[-106.44453116894898,31.9377010704974],[-106.44503057593877,31.937355091871872],[-106.44478380675389,31.937298140401865],[-106.44453116894898,31.9377010704974]]]},"properties":{"OBJECTID":11392,"PIDN":"N42599900903200","CITY_OWNED":" ","STATE_CD":"A1","LAND_ACRES":0.28910000000000002,"YR_BLT":"2001","City_Taxes":" ","District_Key(String)":"R-3","Min_Lot_Area(Double - SqFt)":6000,"Min_Lot_Width(Double - Feet)":60,"Min_Lot_Depth":90,"Front_Setback(Double - Feet)":20,"Rear_Setback(Double - Feet)":20,"Side_Setback(Double - Feet)":5,"Max_Density_Factor(Double - SqFt/Unit)":6000,"Current_Area":12698.17346462901,"Lot_Width":161.60925683379173,"Lot_Depth":178.17779324948788,"Shape_Length":679.57410016655922,"Shape_Area":28795.18075133473,"Split_Area_Floor":12000,"Split_Width_Floor":120}},{"type":"Feature","id":11393,"geometry":{"type":"Polygon","coordinates":[[[-106.44485386984422,31.937604509542652],[-106.4452911286712,31.937736154285588],[-106.44532337612891,31.937418847187548],[-106.44485386984422,31.937604509542652]]]},"properties":{"OBJECTID":11393,"PIDN":"N42599900903400","CITY_OWNED":" ","STATE_CD":"A1","LAND_ACRES":0.3387,"YR_BLT":"2002","City_Taxes":" ","District_Key(String)":"R-3","Min_Lot_Area(Double - SqFt)":6000,"Min_Lot_Width(Double - Feet)":60,"Min_Lot_Depth":90,"Front_Setback(Double - Feet)":20,"Rear_Setback(Double - Feet)":20,"Side_Setback(Double - Feet)":5,"Max_Density_Factor(Double - SqFt/Unit)":6000,"Current_Area":14854.822216635956,"Lot_Width":149.14471484720707,"Lot_Depth":158.11582550406456,"Shape_Length":614.52108070254326,"Shape_Area":23582.139707634458,"Split_Area_Floor":12000,"Split_Width_Floor":120}},{"type":"Feature","id":11394,"geometry":{"type":"Polygon","coordinates":[[[-106.4452911286712,31.937736154285588],[-106.44586971885276,31.937539515893206],[-106.44532337612891,31.937418847187548],[-106.4452911286712,31.937736154285588]]]},"properties":{"OBJECTID":11394,"PIDN":"N42599900903500","CITY_OWNED":" ","STATE_CD":"A1","LAND_ACRES":0.34620000000000001,"YR_BLT":"2002","City_Taxes":" ","District_Key(String)":"R-3","Min_Lot_Area(Double - SqFt)":6000,"Min_Lot_Width(Double - Feet)":60,"Min_Lot_Depth":90,"Front_Setback(Double - Feet)":20,"Rear_Setback(Double - Feet)":20,"Side_Setback(Double - Feet)":5,"Max_Density_Factor(Double - SqFt/Unit)":6000,"Current_Area":15211.776573959507,"Lot_Width":145.52333100140095,"Lot_Depth":183.15416124463081,"Shape_Length":657.35498449206352,"Shape_Area":26653.20363108637,"Split_Area_Floor":12000,"Split_Width_Floor":120}},{"type":"Feature","id":11395,"geometry":{"type":"Polygon","coordinates":[[[-106.41073428965875,31.939460105966987],[-106.41133709319585,31.939383883406393],[-106.41107869852939,31.93920548230534],[-106.41073428965875,31.939460105966987]]]},"properties":{"OBJECTID":11395,"PIDN":"S13899900101370","CITY_OWNED":" ","STATE_CD":"A1","LAND_ACRES":0.25530000000000003,"YR_BLT":"2007","City_Taxes":" ","District_Key(String)":"R-3A","Min_Lot_Area(Double - SqFt)":5000,"Min_Lot_Width(Double - Feet)":50,"Min_Lot_Depth":90,"Front_Setback(Double - Feet)":15,"Rear_Setback(Double - Feet)":15,"Side_Setback(Double - Feet)":5,"Max_Density_Factor(Double - SqFt/Unit)":5000,"Current_Area":11119.193833952531,"Lot_Width":102.934177339077,"Lot_Depth":188.23978099226952,"Shape_Length":582.34791666269302,"Shape_Area":19376.306998927284,"Split_Area_Floor":10000,"Split_Width_Floor":100}},{"type":"Feature","id":11396,"geometry":{"type":"Polygon","coordinates":[[[-106.44580265460934,31.937897395886559],[-106.44613747136195,31.937988587148951],[-106.44616237843178,31.937590136516746],[-106.44580265460934,31.937897395886559]]]},"properties":{"OBJECTID":11396,"PIDN":"N42599900904000","CITY_OWNED":" ","STATE_CD":"A1","LAND_ACRES":0.3609,"YR_BLT":"2003","City_Taxes":" ","District_Key(String)":"R-3","Min_Lot_Area(Double - SqFt)":6000,"Min_Lot_Width(Double - Feet)":60,"Min_Lot_Depth":90,"Front_Setback(Double - Feet)":20,"Rear_Setback(Double - Feet)":20,"Side_Setback(Double - Feet)":5,"Max_Density_Factor(Double - SqFt/Unit)":6000,"Current_Area":15740.736320082273,"Lot_Width":132.65065333247185,"Lot_Depth":167.68896909058094,"Shape_Length":600.67924484610558,"Shape_Area":22244.05130651424,"Split_Area_Floor":12000,"Split_Width_Floor":120}},{"type":"Feature","id":11397,"geometry":{"type":"Polygon","coordinates":[[[-106.44297206330337,31.938121980936604],[-106.44361822342536,31.93785340175835],[-106.4430899879369,31.937800276044992],[-106.44297206330337,31.938121980936604]]]},"properties":{"OBJECTID":11397,"PIDN":"N42599904904900","CITY_OWNED":" ","STATE_CD":"A1","LAND_ACRES":0.3947,"YR_BLT":"2002","City_Taxes":" ","District_Key(String)":"R-3","Min_Lot_Area(Double - SqFt)":6000,"Min_Lot_Width(Double - Feet)":60,"Min_Lot_Depth":90,"Front_Setback(Double - Feet)":20,"Rear_Setback(Double - Feet)":20,"Side_Setback(Double - Feet)":5,"Max_Density_Factor(Double - SqFt/Unit)":6000,"Current_Area":17147.118174130752,"Lot_Width":142.45542374253273,"Lot_Depth":205.51960209012032,"Shape_Length":695.95005166530609,"Shape_Area":29277.382003144805,"Split_Area_Floor":12000,"Split_Width_Floor":120}},{"type":"Feature","id":11398,"geometry":{"type":"Polygon","coordinates":[[[-106.44574843254368,31.938096823957615],[-106.44585626802258,31.937600013119642],[-106.44541662215768,31.937815084348326],[-106.44574843254368,31.938096823957615]]]},"properties":{"OBJECTID":11398,"PIDN":"N42599900903600","CITY_OWNED":" ","STATE_CD":"A1","LAND_ACRES":0.31459999999999999,"YR_BLT":"2001","City_Taxes":" ","District_Key(String)":"R-3","Min_Lot_Area(Double - SqFt)":6000,"Min_Lot_Width(Double - Feet)":60,"Min_Lot_Depth":90,"Front_Setback(Double - Feet)":20,"Rear_Setback(Double - Feet)":20,"Side_Setback(Double - Feet)":5,"Max_Density_Factor(Double - SqFt/Unit)":6000,"Current_Area":13700.505358791252,"Lot_Width":144.59387090802193,"Lot_Depth":182.86577600240707,"Shape_Length":654.919293820858,"Shape_Area":26441.270408787303,"Split_Area_Floor":12000,"Split_Width_Floor":120}},{"type":"Feature","id":11399,"geometry":{"type":"Polygon","coordinates":[[[-106.44643882278341,31.938067562159567],[-106.44676505617093,31.938125568865015],[-106.44686724899043,31.937714447987982],[-106.44643882278341,31.938067562159567]]]},"properties":{"OBJECTID":11399,"PIDN":"N42599900904200","CITY_OWNED":" ","STATE_CD":"A1","LAND_ACRES":0.33900000000000002,"YR_BLT":"2003","City_Taxes":" ","District_Key(String)":"R-3","Min_Lot_Area(Double - SqFt)":6000,"Min_Lot_Width(Double - Feet)":60,"Min_Lot_Depth":90,"Front_Setback(Double - Feet)":20,"Rear_Setback(Double - Feet)":20,"Side_Setback(Double - Feet)":5,"Max_Density_Factor(Double - SqFt/Unit)":6000,"Current_Area":15049.166070320272,"Lot_Width":152.65684692561626,"Lot_Depth":162.19947876036167,"Shape_Length":629.71265137195587,"Shape_Area":24760.861000535278,"Split_Area_Floor":12000,"Split_Width_Floor":120}},{"type":"Feature","id":11400,"geometry":{"type":"Polygon","coordinates":[[[-106.44846888867578,31.937822682268671],[-106.44872411013854,31.938073211737219],[-106.44892028451241,31.937720980735488],[-106.44846888867578,31.937822682268671]]]},"properties":{"OBJECTID":11400,"PIDN":"N42599903101900","CITY_OWNED":" ","STATE_CD":"A1","LAND_ACRES":0.27929999999999999,"YR_BLT":"1994","City_Taxes":" ","District_Key(String)":"R-3","Min_Lot_Area(Double - SqFt)":6000,"Min_Lot_Width(Double - Feet)":60,"Min_Lot_Depth":90,"Front_Setback(Double - Feet)":20,"Rear_Setback(Double - Feet)":20,"Side_Setback(Double - Feet)":5,"Max_Density_Factor(Double - SqFt/Unit)":6000,"Current_Area":12153.682224681297,"Lot_Width":135.62505683302879,"Lot_Depth":141.85798399150372,"Shape_Length":554.96608164906502,"Shape_Area":19239.497141066578,"Split_Area_Floor":12000,"Split_Width_Floor":120}},{"type":"Feature","id":11401,"geometry":{"type":"Polygon","coordinates":[[[-106.44885373213677,31.938022297888867],[-106.44935512303226,31.937716893673965],[-106.44892028451241,31.937720980735488],[-106.44885373213677,31.938022297888867]]]},"properties":{"OBJECTID":11401,"PIDN":"N42599903101800","CITY_OWNED":" ","STATE_CD":"A1","LAND_ACRES":0.2989,"YR_BLT":"1994","City_Taxes":" ","District_Key(String)":"R-3","Min_Lot_Area(Double - SqFt)":6000,"Min_Lot_Width(Double - Feet)":60,"Min_Lot_Depth":90,"Front_Setback(Double - Feet)":20,"Rear_Setback(Double - Feet)":20,"Side_Setback(Double - Feet)":5,"Max_Density_Factor(Double - SqFt/Unit)":6000,"Current_Area":12932.616813795967,"Lot_Width":130.49875475466251,"Lot_Depth":161.41667191684246,"Shape_Length":583.83085334300995,"Shape_Area":21064.674681789846,"Split_Area_Floor":12000,"Split_Width_Floor":120}},{"type":"Feature","id":11402,"geometry":{"type":"Polygon","coordinates":[[[-106.44345792843994,31.938497585484836],[-106.44353808113196,31.93800615480567],[-106.44308397008203,31.938192722470209],[-106.44345792843994,31.938497585484836]]]},"properties":{"OBJECTID":11402,"PIDN":"N42599904904800","CITY_OWNED":" ","STATE_CD":"A1","LAND_ACRES":0.3075,"YR_BLT":"2002","City_Taxes":" ","District_Key(String)":"R-3","Min_Lot_Area(Double - SqFt)":6000,"Min_Lot_Width(Double - Feet)":60,"Min_Lot_Depth":90,"Front_Setback(Double - Feet)":20,"Rear_Setback(Double - Feet)":20,"Side_Setback(Double - Feet)":5,"Max_Density_Factor(Double - SqFt/Unit)":6000,"Current_Area":12992.679159325926,"Lot_Width":147.1876977533102,"Lot_Depth":179.74045416712761,"Shape_Length":653.85630384087563,"Shape_Area":26455.583641993882,"Split_Area_Floor":12000,"Split_Width_Floor":120}},{"type":"Feature","id":11403,"geometry":{"type":"Polygon","coordinates":[[[-106.44900277820253,31.938187650216637],[-106.44936956601505,31.938254472625491],[-106.44936003153808,31.937807061760445],[-106.44900277820253,31.938187650216637]]]},"properties":{"OBJECTID":11403,"PIDN":"N42599903101700","CITY_OWNED":" ","STATE_CD":"A1","LAND_ACRES":0.2702,"YR_BLT":"1994","City_Taxes":" ","District_Key(String)":"R-3","Min_Lot_Area(Double - SqFt)":6000,"Min_Lot_Width(Double - Feet)":60,"Min_Lot_Depth":90,"Front_Setback(Double - Feet)":20,"Rear_Setback(Double - Feet)":20,"Side_Setback(Double - Feet)":5,"Max_Density_Factor(Double - SqFt/Unit)":6000,"Current_Area":12155.001515615133,"Lot_Width":126.63065224885941,"Lot_Depth":162.68602633476257,"Shape_Length":578.63335716724396,"Shape_Area":20601.037626546102,"Split_Area_Floor":12000,"Split_Width_Floor":120}},{"type":"Feature","id":11404,"geometry":{"type":"Polygon","coordinates":[[[-106.43487435108116,31.938977692019417],[-106.43522429801354,31.938983713353483],[-106.43533595066705,31.938641841004184],[-106.43487435108116,31.938977692019417]]]},"properties":{"OBJECTID":11404,"PIDN":"N42599902606100","CITY_OWNED":" ","STATE_CD":"A1","LAND_ACRES":0.2288,"YR_BLT":"2000","City_Taxes":" ","District_Key(String)":"R-3A","Min_Lot_Area(Double - SqFt)":5000,"Min_Lot_Width(Double - Feet)":50,"Min_Lot_Depth":90,"Front_Setback(Double - Feet)":15,"Rear_Setback(Double - Feet)":15,"Side_Setback(Double - Feet)":5,"Max_Density_Factor(Double - SqFt/Unit)":5000,"Current_Area":11012.725715403825,"Lot_Width":122.28814125061035,"Lot_Depth":160.80873349308968,"Shape_Length":566.19374948740005,"Shape_Area":19665.001115734707,"Split_Area_Floor":10000,"Split_Width_Floor":100}},{"type":"Feature","id":11405,"geometry":{"type":"Polygon","coordinates":[[[-106.41514443608845,31.939629258906255],[-106.41540614403343,31.939920560373697],[-106.41549948065111,31.939430835553171],[-106.41514443608845,31.939629258906255]]]},"properties":{"OBJECTID":11405,"PIDN":"S13899901303850","CITY_OWNED":" ","STATE_CD":"A1","LAND_ACRES":0.25490000000000002,"YR_BLT":"2011","City_Taxes":" ","District_Key(String)":"R-3A","Min_Lot_Area(Double - SqFt)":5000,"Min_Lot_Width(Double - Feet)":50,"Min_Lot_Depth":90,"Front_Setback(Double - Feet)":15,"Rear_Setback(Double - Feet)":15,"Side_Setback(Double - Feet)":5,"Max_Density_Factor(Double - SqFt/Unit)":5000,"Current_Area":11192.394125511864,"Lot_Width":113.9236566722393,"Lot_Depth":178.72733283042908,"Shape_Length":585.30197900533676,"Shape_Area":20361.271303318845,"Split_Area_Floor":10000,"Split_Width_Floor":100}},{"type":"Feature","id":11406,"geometry":{"type":"Polygon","coordinates":[[[-106.41540614403343,31.939920560373697],[-106.41576288108698,31.939714602645171],[-106.41549948065111,31.939430835553171],[-106.41540614403343,31.939920560373697]]]},"properties":{"OBJECTID":11406,"PIDN":"S13899901303950","CITY_OWNED":" ","STATE_CD":"A1","LAND_ACRES":0.25590000000000002,"YR_BLT":"2012","City_Taxes":" ","District_Key(String)":"R-3A","Min_Lot_Area(Double - SqFt)":5000,"Min_Lot_Width(Double - Feet)":50,"Min_Lot_Depth":90,"Front_Setback(Double - Feet)":15,"Rear_Setback(Double - Feet)":15,"Side_Setback(Double - Feet)":5,"Max_Density_Factor(Double - SqFt/Unit)":5000,"Current_Area":11236.899402301226,"Lot_Width":114.59753984212875,"Lot_Depth":193.8437724262476,"Shape_Length":616.8826245367527,"Shape_Area":22214.019433765447,"Split_Area_Floor":10000,"Split_Width_Floor":100}},{"type":"Feature","id":11407,"geometry":{"type":"Polygon","coordinates":[[[-106.43528954852098,31.938797845870514],[-106.4356734621238,31.939012114520335],[-106.4356671223732,31.938689547413844],[-106.43528954852098,31.938797845870514]]]},"properties":{"OBJECTID":11407,"PIDN":"N42599902605700","CITY_OWNED":" ","STATE_CD":"A1","LAND_ACRES":0.29659999999999997,"YR_BLT":"1998","City_Taxes":" ","District_Key(String)":"R-3A","Min_Lot_Area(Double - SqFt)":5000,"Min_Lot_Width(Double - Feet)":50,"Min_Lot_Depth":90,"Front_Setback(Double - Feet)":15,"Rear_Setback(Double - Feet)":15,"Side_Setback(Double - Feet)":5,"Max_Density_Factor(Double - SqFt/Unit)":5000,"Current_Area":12537.74165466034,"Lot_Width":119.11754390597343,"Lot_Depth":160.41240882873535,"Shape_Length":559.05990546941757,"Shape_Area":19107.932151719844,"Split_Area_Floor":10000,"Split_Width_Floor":100}},{"type":"Feature","id":11408,"geometry":{"type":"Polygon","coordinates":[[[-106.44333623857165,31.938768969597717],[-106.44347145768367,31.938504084461172],[-106.44308298956877,31.938317495464762],[-106.44333623857165,31.938768969597717]]]},"properties":{"OBJECTID":11408,"PIDN":"N42599904904700","CITY_OWNED":" ","STATE_CD":"A1","LAND_ACRES":0.43020000000000003,"YR_BLT":"2002","City_Taxes":" ","District_Key(String)":"R-3","Min_Lot_Area(Double - SqFt)":6000,"Min_Lot_Width(Double - Feet)":60,"Min_Lot_Depth":90,"Front_Setback(Double - Feet)":20,"Rear_Setback(Double - Feet)":20,"Side_Setback(Double - Feet)":5,"Max_Density_Factor(Double - SqFt/Unit)":6000,"Current_Area":18653.437244656689,"Lot_Width":154.52560958266258,"Lot_Depth":169.87400409579277,"Shape_Length":648.79922735691071,"Shape_Area":26249.884035150098,"Split_Area_Floor":12000,"Split_Width_Floor":120}},{"type":"Feature","id":11409,"geometry":{"type":"Polygon","coordinates":[[[-106.43583360647587,31.939127953110429],[-106.43618813771432,31.939116237448204],[-106.43628572768719,31.938870900072281],[-106.43583360647587,31.939127953110429]]]},"properties":{"OBJECTID":11409,"PIDN":"N42599902605500","CITY_OWNED":" ","STATE_CD":"A1","LAND_ACRES":0.26719999999999999,"YR_BLT":"1998","City_Taxes":" ","District_Key(String)":"R-3A","Min_Lot_Area(Double - SqFt)":5000,"Min_Lot_Width(Double - Feet)":50,"Min_Lot_Depth":90,"Front_Setback(Double - Feet)":15,"Rear_Setback(Double - Feet)":15,"Side_Setback(Double - Feet)":5,"Max_Density_Factor(Double - SqFt/Unit)":5000,"Current_Area":11127.739183768133,"Lot_Width":112.54308199882507,"Lot_Depth":157.77002565562725,"Shape_Length":540.62621530890465,"Shape_Area":17755.924934317994,"Split_Area_Floor":10000,"Split_Width_Floor":100}},{"type":"Feature","id":11410,"geometry":{"type":"Polygon","coordinates":[[[-106.44392795069592,31.938758856406533],[-106.44381377226421,31.93840398928776],[-106.44347534421614,31.938616878028149],[-106.44392795069592,31.938758856406533]]]},"properties":{"OBJECTID":11410,"PIDN":"N42599904901000","CITY_OWNED":" ","STATE_CD":"A1","LAND_ACRES":0.35049999999999998,"YR_BLT":"2001","City_Taxes":" ","District_Key(String)":"R-3","Min_Lot_Area(Double - SqFt)":6000,"Min_Lot_Width(Double - Feet)":60,"Min_Lot_Depth":90,"Front_Setback(Double - Feet)":20,"Rear_Setback(Double - Feet)":20,"Side_Setback(Double - Feet)":5,"Max_Density_Factor(Double - SqFt/Unit)":6000,"Current_Area":15540.375526947812,"Lot_Width":131.89114041626453,"Lot_Depth":161.55938817560673,"Shape_Length":586.90105718374252,"Shape_Area":21308.251951434733,"Split_Area_Floor":12000,"Split_Width_Floor":120}},{"type":"Feature","id":11411,"geometry":{"type":"Polygon","coordinates":[[[-106.44445888188659,31.938754603724373],[-106.44395828592026,31.938457579869876],[-106.44400153260777,31.938758267498507],[-106.44445888188659,31.938754603724373]]]},"properties":{"OBJECTID":11411,"PIDN":"N42599904901100","CITY_OWNED":" ","STATE_CD":"A1","LAND_ACRES":0.37369999999999998,"YR_BLT":"2001","City_Taxes":" ","District_Key(String)":"R-3","Min_Lot_Area(Double - SqFt)":6000,"Min_Lot_Width(Double - Feet)":60,"Min_Lot_Depth":90,"Front_Setback(Double - Feet)":20,"Rear_Setback(Double - Feet)":20,"Side_Setback(Double - Feet)":5,"Max_Density_Factor(Double - SqFt/Unit)":6000,"Current_Area":16392.447521969607,"Lot_Width":138.52170458436012,"Lot_Depth":151.47377841174603,"Shape_Length":579.9909659922123,"Shape_Area":20982.405985428708,"Split_Area_Floor":12000,"Split_Width_Floor":120}},{"type":"Feature","id":11412,"geometry":{"type":"Polygon","coordinates":[[[-106.44473079332924,31.93874963275222],[-106.44478451643015,31.938353660948994],[-106.44445098696985,31.938509129762558],[-106.44473079332924,31.93874963275222]]]},"properties":{"OBJECTID":11412,"PIDN":"N42599904901700","CITY_OWNED":" ","STATE_CD":"A1","LAND_ACRES":0.37069999999999997,"YR_BLT":"2002","City_Taxes":" ","District_Key(String)":"R-3","Min_Lot_Area(Double - SqFt)":6000,"Min_Lot_Width(Double - Feet)":60,"Min_Lot_Depth":90,"Front_Setback(Double - Feet)":20,"Rear_Setback(Double - Feet)":20,"Side_Setback(Double - Feet)":5,"Max_Density_Factor(Double - SqFt/Unit)":6000,"Current_Area":16461.110911475716,"Lot_Width":144.45902866125107,"Lot_Depth":148.99379649758339,"Shape_Length":586.90565031766891,"Shape_Area":21523.499118593008,"Split_Area_Floor":12000,"Split_Width_Floor":120}},{"type":"Feature","id":11413,"geometry":{"type":"Polygon","coordinates":[[[-106.44515881431471,31.938755538206134],[-106.4450424213784,31.938372713144936],[-106.44487851465912,31.938746933082992],[-106.44515881431471,31.938755538206134]]]},"properties":{"OBJECTID":11413,"PIDN":"N42599904901800","CITY_OWNED":" ","STATE_CD":"A1","LAND_ACRES":0.33050000000000002,"YR_BLT":"2002","City_Taxes":" ","District_Key(String)":"R-3","Min_Lot_Area(Double - SqFt)":6000,"Min_Lot_Width(Double - Feet)":60,"Min_Lot_Depth":90,"Front_Setback(Double - Feet)":20,"Rear_Setback(Double - Feet)":20,"Side_Setback(Double - Feet)":5,"Max_Density_Factor(Double - SqFt/Unit)":6000,"Current_Area":14883.03049601796,"Lot_Width":150.21164183318615,"Lot_Depth":156.53872890770435,"Shape_Length":613.50074148178101,"Shape_Area":23513.939479706311,"Split_Area_Floor":12000,"Split_Width_Floor":120}},{"type":"Feature","id":11414,"geometry":{"type":"Polygon","coordinates":[[[-106.44536963492722,31.93879857178915],[-106.44570728941551,31.93844664461351],[-106.44549461075609,31.938368012347539],[-106.44536963492722,31.93879857178915]]]},"properties":{"OBJECTID":11414,"PIDN":"N42599904902000","CITY_OWNED":" ","STATE_CD":"A1","LAND_ACRES":0.28789999999999999,"YR_BLT":"2001","City_Taxes":" ","District_Key(String)":"R-3","Min_Lot_Area(Double - SqFt)":6000,"Min_Lot_Width(Double - Feet)":60,"Min_Lot_Depth":90,"Front_Setback(Double - Feet)":20,"Rear_Setback(Double - Feet)":20,"Side_Setback(Double - Feet)":5,"Max_Density_Factor(Double - SqFt/Unit)":6000,"Current_Area":12467.841976594294,"Lot_Width":145.3396043330431,"Lot_Depth":169.27492390573025,"Shape_Length":629.22905647754669,"Shape_Area":24602.350463964813,"Split_Area_Floor":12000,"Split_Width_Floor":120}},{"type":"Feature","id":11415,"geometry":{"type":"Polygon","coordinates":[[[-106.43618813771432,31.939116237448204],[-106.43657000133992,31.939289643337229],[-106.43653928115744,31.938944219701796],[-106.43618813771432,31.939116237448204]]]},"properties":{"OBJECTID":11415,"PIDN":"N42599902605000","CITY_OWNED":" ","STATE_CD":"A1","LAND_ACRES":0.3044,"YR_BLT":"1998","City_Taxes":" ","District_Key(String)":"R-3A","Min_Lot_Area(Double - SqFt)":5000,"Min_Lot_Width(Double - Feet)":50,"Min_Lot_Depth":90,"Front_Setback(Double - Feet)":15,"Rear_Setback(Double - Feet)":15,"Side_Setback(Double - Feet)":5,"Max_Density_Factor(Double - SqFt/Unit)":5000,"Current_Area":12923.751716594801,"Lot_Width":114.82621391117573,"Lot_Depth":170.94716466963291,"Shape_Length":571.54675716161728,"Shape_Area":19629.215697864249,"Split_Area_Floor":10000,"Split_Width_Floor":100}},{"type":"Feature","id":11416,"geometry":{"type":"Polygon","coordinates":[[[-106.43657000133992,31.939289643337229],[-106.43706242012914,31.939030992977642],[-106.43653928115744,31.938944219701796],[-106.43657000133992,31.939289643337229]]]},"properties":{"OBJECTID":11416,"PIDN":"N42599902604900","CITY_OWNED":" ","STATE_CD":"A1","LAND_ACRES":0.28749999999999998,"YR_BLT":"1996","City_Taxes":" ","District_Key(String)":"R-3A","Min_Lot_Area(Double - SqFt)":5000,"Min_Lot_Width(Double - Feet)":50,"Min_Lot_Depth":90,"Front_Setback(Double - Feet)":15,"Rear_Setback(Double - Feet)":15,"Side_Setback(Double - Feet)":5,"Max_Density_Factor(Double - SqFt/Unit)":5000,"Current_Area":12487.926557561288,"Lot_Width":140.99971801042557,"Lot_Depth":160.31595233082771,"Shape_Length":602.63134068250656,"Shape_Area":22604.504071219537,"Split_Area_Floor":10000,"Split_Width_Floor":100}},{"type":"Feature","id":11417,"geometry":{"type":"Polygon","coordinates":[[[-106.43670381224663,31.939324669798005],[-106.43712458388319,31.939392620811766],[-106.43718245575097,31.93904398901336],[-106.43670381224663,31.939324669798005]]]},"properties":{"OBJECTID":11417,"PIDN":"N42599902604800","CITY_OWNED":" ","STATE_CD":"A1","LAND_ACRES":0.3095,"YR_BLT":"1997","City_Taxes":" ","District_Key(String)":"R-3A","Min_Lot_Area(Double - SqFt)":5000,"Min_Lot_Width(Double - Feet)":50,"Min_Lot_Depth":90,"Front_Setback(Double - Feet)":15,"Rear_Setback(Double - Feet)":15,"Side_Setback(Double - Feet)":5,"Max_Density_Factor(Double - SqFt/Unit)":5000,"Current_Area":12976.959165231166,"Lot_Width":141.57878509163857,"Lot_Depth":153.86386550962925,"Shape_Length":590.88530120253563,"Shape_Area":21783.85914835658,"Split_Area_Floor":10000,"Split_Width_Floor":100}},{"type":"Feature","id":11418,"geometry":{"type":"Polygon","coordinates":[[[-106.43741257838879,31.939067316330835],[-106.4378678786594,31.9394380681758],[-106.43787595397244,31.939112360893315],[-106.43741257838879,31.939067316330835]]]},"properties":{"OBJECTID":11418,"PIDN":"N42599902304700","CITY_OWNED":" ","STATE_CD":"A1","LAND_ACRES":0.25209999999999999,"YR_BLT":"1997","City_Taxes":" ","District_Key(String)":"R-3A","Min_Lot_Area(Double - SqFt)":5000,"Min_Lot_Width(Double - Feet)":50,"Min_Lot_Depth":90,"Front_Setback(Double - Feet)":15,"Rear_Setback(Double - Feet)":15,"Side_Setback(Double - Feet)":5,"Max_Density_Factor(Double - SqFt/Unit)":5000,"Current_Area":11721.175329930325,"Lot_Width":142.63586959242821,"Lot_Depth":153.21754133701324,"Shape_Length":591.7068218588829,"Shape_Area":21854.317245418701,"Split_Area_Floor":10000,"Split_Width_Floor":100}},{"type":"Feature","id":11419,"geometry":{"type":"Polygon","coordinates":[[[-106.43733850301513,31.939475995194822],[-106.43774353342147,31.939473604396582],[-106.43741257838879,31.939067316330835],[-106.43733850301513,31.939475995194822]]]},"properties":{"OBJECTID":11419,"PIDN":"N42599902304600","CITY_OWNED":" ","STATE_CD":"A1","LAND_ACRES":0.26319999999999999,"YR_BLT":"1996","City_Taxes":" ","District_Key(String)":"R-3A","Min_Lot_Area(Double - SqFt)":5000,"Min_Lot_Width(Double - Feet)":50,"Min_Lot_Depth":90,"Front_Setback(Double - Feet)":15,"Rear_Setback(Double - Feet)":15,"Side_Setback(Double - Feet)":5,"Max_Density_Factor(Double - SqFt/Unit)":5000,"Current_Area":11310.698930507966,"Lot_Width":125.50893533229828,"Lot_Depth":184.7420845925808,"Shape_Length":620.50203984975815,"Shape_Area":23186.7823482842,"Split_Area_Floor":10000,"Split_Width_Floor":100}},{"type":"Feature","id":11420,"geometry":{"type":"Polygon","coordinates":[[[-106.44078592132091,31.939419613013548],[-106.44128498021119,31.939062308924036],[-106.44086410572139,31.939068640646333],[-106.44078592132091,31.939419613013548]]]},"properties":{"OBJECTID":11420,"PIDN":"N42599902306500","CITY_OWNED":" ","STATE_CD":"A1","LAND_ACRES":0.29920000000000002,"YR_BLT":"1997","City_Taxes":" ","District_Key(String)":"R-3A","Min_Lot_Area(Double - SqFt)":5000,"Min_Lot_Width(Double - Feet)":50,"Min_Lot_Depth":90,"Front_Setback(Double - Feet)":15,"Rear_Setback(Double - Feet)":15,"Side_Setback(Double - Feet)":5,"Max_Density_Factor(Double - SqFt/Unit)":5000,"Current_Area":13087.677551600043,"Lot_Width":140.8369886726141,"Lot_Depth":161.72080515325069,"Shape_Length":605.11558765172958,"Shape_Area":22776.271203494398,"Split_Area_Floor":10000,"Split_Width_Floor":100}},{"type":"Feature","id":11421,"geometry":{"type":"Polygon","coordinates":[[[-106.44986721856081,31.939041170050796],[-106.4502208606436,31.939037726504285],[-106.44983813536949,31.938694472794324],[-106.44986721856081,31.939041170050796]]]},"properties":{"OBJECTID":11421,"PIDN":"N42599903204000","CITY_OWNED":" ","STATE_CD":"A1","LAND_ACRES":0.31859999999999999,"YR_BLT":"1994","City_Taxes":" ","District_Key(String)":"R-3","Min_Lot_Area(Double - SqFt)":6000,"Min_Lot_Width(Double - Feet)":60,"Min_Lot_Depth":90,"Front_Setback(Double - Feet)":20,"Rear_Setback(Double - Feet)":20,"Side_Setback(Double - Feet)":5,"Max_Density_Factor(Double - SqFt/Unit)":6000,"Current_Area":13762.511066578982,"Lot_Width":131.21332024037838,"Lot_Depth":176.3090305775404,"Shape_Length":615.04470163583755,"Shape_Area":23134.093290441473,"Split_Area_Floor":12000,"Split_Width_Floor":120}},{"type":"Feature","id":11422,"geometry":{"type":"Polygon","coordinates":[[[-106.4502208606436,31.939037726504285],[-106.45026301569412,31.938565806733273],[-106.44990587355932,31.93857100254279],[-106.4502208606436,31.939037726504285]]]},"properties":{"OBJECTID":11422,"PIDN":"N42599903203900","CITY_OWNED":" ","STATE_CD":"A1","LAND_ACRES":0.3392,"YR_BLT":"1994","City_Taxes":" ","District_Key(String)":"R-3","Min_Lot_Area(Double - SqFt)":6000,"Min_Lot_Width(Double - Feet)":60,"Min_Lot_Depth":90,"Front_Setback(Double - Feet)":20,"Rear_Setback(Double - Feet)":20,"Side_Setback(Double - Feet)":5,"Max_Density_Factor(Double - SqFt/Unit)":6000,"Current_Area":14926.991165523428,"Lot_Width":134.18280249834061,"Lot_Depth":175.62563300132751,"Shape_Length":619.61687099933624,"Shape_Area":23565.939626663181,"Split_Area_Floor":12000,"Split_Width_Floor":120}},{"type":"Feature","id":11423,"geometry":{"type":"Polygon","coordinates":[[[-106.44091141780089,31.939454131644617],[-106.44129483801836,31.939512959146874],[-106.44128628066019,31.939126853092755],[-106.44091141780089,31.939454131644617]]]},"properties":{"OBJECTID":11423,"PIDN":"N42599902306600","CITY_OWNED":" ","STATE_CD":"A1","LAND_ACRES":0.23169999999999999,"YR_BLT":"1997","City_Taxes":" ","District_Key(String)":"R-3A","Min_Lot_Area(Double - SqFt)":5000,"Min_Lot_Width(Double - Feet)":50,"Min_Lot_Depth":90,"Front_Setback(Double - Feet)":15,"Rear_Setback(Double - Feet)":15,"Side_Setback(Double - Feet)":5,"Max_Density_Factor(Double - SqFt/Unit)":5000,"Current_Area":10358.175154122453,"Lot_Width":122.65067332983017,"Lot_Depth":152.78447133302689,"Shape_Length":550.87028932571411,"Shape_Area":18739.118283337884,"Split_Area_Floor":10000,"Split_Width_Floor":100}},{"type":"Feature","id":11424,"geometry":{"type":"Polygon","coordinates":[[[-106.43698396544151,31.939840575410567],[-106.43708680655922,31.93962056219053],[-106.43661964412915,31.939587382769247],[-106.43698396544151,31.939840575410567]]]},"properties":{"OBJECTID":11424,"PIDN":"N42599902604600","CITY_OWNED":" ","STATE_CD":"A1","LAND_ACRES":0.27110000000000001,"YR_BLT":"1997","City_Taxes":" ","District_Key(String)":"R-3A","Min_Lot_Area(Double - SqFt)":5000,"Min_Lot_Width(Double - Feet)":50,"Min_Lot_Depth":90,"Front_Setback(Double - Feet)":15,"Rear_Setback(Double - Feet)":15,"Side_Setback(Double - Feet)":5,"Max_Density_Factor(Double - SqFt/Unit)":5000,"Current_Area":11874.190564619648,"Lot_Width":107.17170166969299,"Lot_Depth":159.19456349313259,"Shape_Length":532.73253032565117,"Shape_Area":17061.152266123005,"Split_Area_Floor":10000,"Split_Width_Floor":100}},{"type":"Feature","id":11425,"geometry":{"type":"Polygon","coordinates":[[[-106.41597657263081,31.940702577465622],[-106.41633096055229,31.940886635035191],[-106.41660726670086,31.940717474282618],[-106.41597657263081,31.940702577465622]]]},"properties":{"OBJECTID":11425,"PIDN":"S13899901304650","CITY_OWNED":" ","STATE_CD":"A1","LAND_ACRES":0.29380000000000001,"YR_BLT":"2011","City_Taxes":" ","District_Key(String)":"R-3A","Min_Lot_Area(Double - SqFt)":5000,"Min_Lot_Width(Double - Feet)":50,"Min_Lot_Depth":90,"Front_Setback(Double - Feet)":15,"Rear_Setback(Double - Feet)":15,"Side_Setback(Double - Feet)":5,"Max_Density_Factor(Double - SqFt/Unit)":5000,"Current_Area":12910.706338733211,"Lot_Width":108.34984891116619,"Lot_Depth":195.0655547529459,"Shape_Length":606.83080732822418,"Shape_Area":21135.323385254505,"Split_Area_Floor":10000,"Split_Width_Floor":100}},{"type":"Feature","id":11426,"geometry":{"type":"Polygon","coordinates":[[[-106.42548987664233,31.94016734888152],[-106.42594623860842,31.94043953587385],[-106.425939480003,31.940159510831283],[-106.42548987664233,31.94016734888152]]]},"properties":{"OBJECTID":11426,"PIDN":"S13799903903100","CITY_OWNED":" ","STATE_CD":"A1","LAND_ACRES":0.216,"YR_BLT":"2015","City_Taxes":" ","District_Key(String)":"R-5","Min_Lot_Area(Double - SqFt)":4500,"Min_Lot_Width(Double - Feet)":45,"Min_Lot_Depth":90,"Front_Setback(Double - Feet)":10,"Rear_Setback(Double - Feet)":10,"Side_Setback(Double - Feet)":5,"Max_Density_Factor(Double - SqFt/Unit)":4500,"Current_Area":9680.6764066012056,"Lot_Width":118.79569417238235,"Lot_Depth":139.4239337593317,"Shape_Length":516.43925586342812,"Shape_Area":16562.962995184065,"Split_Area_Floor":9000,"Split_Width_Floor":90}},{"type":"Feature","id":11427,"geometry":{"type":"Polygon","coordinates":[[[-106.42605057497893,31.94047032521188],[-106.42638274425329,31.940152166297935],[-106.425939480003,31.940159510831283],[-106.42605057497893,31.94047032521188]]]},"properties":{"OBJECTID":11427,"PIDN":"S13799903903200","CITY_OWNED":" ","STATE_CD":"A1","LAND_ACRES":0.216,"YR_BLT":"2016","City_Taxes":" ","District_Key(String)":"R-5","Min_Lot_Area(Double - SqFt)":4500,"Min_Lot_Width(Double - Feet)":45,"Min_Lot_Depth":90,"Front_Setback(Double - Feet)":10,"Rear_Setback(Double - Feet)":10,"Side_Setback(Double - Feet)":5,"Max_Density_Factor(Double - SqFt/Unit)":4500,"Current_Area":9651.6573087011857,"Lot_Width":116.17824533581734,"Lot_Depth":140.93377324938774,"Shape_Length":514.22403717041016,"Shape_Area":16373.438484669819,"Split_Area_Floor":9000,"Split_Width_Floor":90}},{"type":"Feature","id":11428,"geometry":{"type":"Polygon","coordinates":[[[-106.42638286635459,31.940157244530038],[-106.42683270839788,31.940423612585139],[-106.42682597552555,31.9401448190876],[-106.42638286635459,31.940157244530038]]]},"properties":{"OBJECTID":11428,"PIDN":"S13799903904500","CITY_OWNED":" ","STATE_CD":"A1","LAND_ACRES":0.216,"YR_BLT":"2015","City_Taxes":" ","District_Key(String)":"R-5","Min_Lot_Area(Double - SqFt)":4500,"Min_Lot_Width(Double - Feet)":45,"Min_Lot_Depth":90,"Front_Setback(Double - Feet)":10,"Rear_Setback(Double - Feet)":10,"Side_Setback(Double - Feet)":5,"Max_Density_Factor(Double - SqFt/Unit)":4500,"Current_Area":9618.5857037761798,"Lot_Width":118.28650882840157,"Lot_Depth":137.50366199016571,"Shape_Length":511.58034163713455,"Shape_Area":16264.82812793728,"Split_Area_Floor":9000,"Split_Width_Floor":90}},{"type":"Feature","id":11429,"geometry":{"type":"Polygon","coordinates":[[[-106.44978590876973,31.939338713095335],[-106.4502798543586,31.939036929153954],[-106.44986721856081,31.939041170050796],[-106.44978590876973,31.939338713095335]]]},"properties":{"OBJECTID":11429,"PIDN":"N42599903206600","CITY_OWNED":" ","STATE_CD":"A1","LAND_ACRES":0.33500000000000002,"YR_BLT":"2001","City_Taxes":" ","District_Key(String)":"R-3","Min_Lot_Area(Double - SqFt)":6000,"Min_Lot_Width(Double - Feet)":60,"Min_Lot_Depth":90,"Front_Setback(Double - Feet)":20,"Rear_Setback(Double - Feet)":20,"Side_Setback(Double - Feet)":5,"Max_Density_Factor(Double - SqFt/Unit)":6000,"Current_Area":14960.977075686873,"Lot_Width":139.5623849183321,"Lot_Depth":159.036755412817,"Shape_Length":597.1982806622982,"Shape_Area":22195.548875086202,"Split_Area_Floor":12000,"Split_Width_Floor":120}},{"type":"Feature","id":11430,"geometry":{"type":"Polygon","coordinates":[[[-106.42421528024794,31.940709776029074],[-106.42462079331243,31.941035746925245],[-106.42461140005771,31.940674914094249],[-106.42421528024794,31.940709776029074]]]},"properties":{"OBJECTID":11430,"PIDN":"S13899902500600","CITY_OWNED":" ","STATE_CD":"A1","LAND_ACRES":0.22900000000000001,"YR_BLT":"2008","City_Taxes":" ","District_Key(String)":"R-3A","Min_Lot_Area(Double - SqFt)":5000,"Min_Lot_Width(Double - Feet)":50,"Min_Lot_Depth":90,"Front_Setback(Double - Feet)":15,"Rear_Setback(Double - Feet)":15,"Side_Setback(Double - Feet)":5,"Max_Density_Factor(Double - SqFt/Unit)":5000,"Current_Area":10002.445308764738,"Lot_Width":123.39443825185299,"Lot_Depth":158.3746832460165,"Shape_Length":563.53824299573898,"Shape_Area":19542.555072457359,"Split_Area_Floor":10000,"Split_Width_Floor":100}},{"type":"Feature","id":11431,"geometry":{"type":"Polygon","coordinates":[[[-106.43095879175893,31.940478361824436],[-106.43096889363918,31.940913270108492],[-106.43139552320734,31.940610263420858],[-106.43095879175893,31.940478361824436]]]},"properties":{"OBJECTID":11431,"PIDN":"S13799901902300","CITY_OWNED":" ","STATE_CD":"A1","LAND_ACRES":0.315,"YR_BLT":"2009","City_Taxes":" ","District_Key(String)":"R-3A","Min_Lot_Area(Double - SqFt)":5000,"Min_Lot_Width(Double - Feet)":50,"Min_Lot_Depth":90,"Front_Setback(Double - Feet)":15,"Rear_Setback(Double - Feet)":15,"Side_Setback(Double - Feet)":5,"Max_Density_Factor(Double - SqFt/Unit)":5000,"Current_Area":13635.475608195331,"Lot_Width":138.19001232087612,"Lot_Depth":158.15519548952579,"Shape_Length":592.69041562080383,"Shape_Area":21855.468413308143,"Split_Area_Floor":10000,"Split_Width_Floor":100}},{"type":"Feature","id":11432,"geometry":{"type":"Polygon","coordinates":[[[-106.43150477709216,31.940904818118568],[-106.43139552320734,31.940610263420858],[-106.43096889363918,31.940913270108492],[-106.43150477709216,31.940904818118568]]]},"properties":{"OBJECTID":11432,"PIDN":"S13799901902200","CITY_OWNED":" ","STATE_CD":"A1","LAND_ACRES":0.25269999999999998,"YR_BLT":"2009","City_Taxes":" ","District_Key(String)":"R-3A","Min_Lot_Area(Double - SqFt)":5000,"Min_Lot_Width(Double - Feet)":50,"Min_Lot_Depth":90,"Front_Setback(Double - Feet)":15,"Rear_Setback(Double - Feet)":15,"Side_Setback(Double - Feet)":5,"Max_Density_Factor(Double - SqFt/Unit)":5000,"Current_Area":10939.802685982308,"Lot_Width":109.11592349410057,"Lot_Depth":176.42714057862759,"Shape_Length":571.08612814545631,"Shape_Area":19251.010373660454,"Split_Area_Floor":10000,"Split_Width_Floor":100}},{"type":"Feature","id":11433,"geometry":{"type":"Polygon","coordinates":[[[-106.43169087899425,31.940901882976675],[-106.43208676197487,31.940895638073446],[-106.43164620687024,31.940606199481262],[-106.43169087899425,31.940901882976675]]]},"properties":{"OBJECTID":11433,"PIDN":"S13799901902100","CITY_OWNED":" ","STATE_CD":"A1","LAND_ACRES":0.25280000000000002,"YR_BLT":"2010","City_Taxes":" ","District_Key(String)":"R-3A","Min_Lot_Area(Double - SqFt)":5000,"Min_Lot_Width(Double - Feet)":50,"Min_Lot_Depth":90,"Front_Setback(Double - Feet)":15,"Rear_Setback(Double - Feet)":15,"Side_Setback(Double - Feet)":5,"Max_Density_Factor(Double - SqFt/Unit)":5000,"Current_Area":10941.74496341024,"Lot_Width":112.62936791777611,"Lot_Depth":173.30772425234318,"Shape_Length":571.87418434023857,"Shape_Area":19519.53943780965,"Split_Area_Floor":10000,"Split_Width_Floor":100}},{"type":"Feature","id":11434,"geometry":{"type":"Polygon","coordinates":[[[-106.41441765865734,31.942245792743464],[-106.41486003157635,31.941787145465298],[-106.41425934805812,31.942154877318671],[-106.41441765865734,31.942245792743464]]]},"properties":{"OBJECTID":11434,"PIDN":"S13899901306250","CITY_OWNED":" ","STATE_CD":"A1","LAND_ACRES":0.27139999999999997,"YR_BLT":"2011","City_Taxes":" ","District_Key(String)":"R-3A","Min_Lot_Area(Double - SqFt)":5000,"Min_Lot_Width(Double - Feet)":50,"Min_Lot_Depth":90,"Front_Setback(Double - Feet)":15,"Rear_Setback(Double - Feet)":15,"Side_Setback(Double - Feet)":5,"Max_Density_Factor(Double - SqFt/Unit)":5000,"Current_Area":11903.587141831207,"Lot_Width":161.95341624319553,"Lot_Depth":220.07633149623871,"Shape_Length":764.05949547886848,"Shape_Area":35642.113720085828,"Split_Area_Floor":10000,"Split_Width_Floor":100}},{"type":"Feature","id":11435,"geometry":{"type":"Polygon","coordinates":[[[-106.45000387259132,31.940611378135028],[-106.45023765105553,31.940603588481796],[-106.44973174973143,31.940314436797195],[-106.45000387259132,31.940611378135028]]]},"properties":{"OBJECTID":11435,"PIDN":"N42599903207200","CITY_OWNED":" ","STATE_CD":"A1","LAND_ACRES":0.27889999999999998,"YR_BLT":"2000","City_Taxes":" ","District_Key(String)":"R-3","Min_Lot_Area(Double - SqFt)":6000,"Min_Lot_Width(Double - Feet)":60,"Min_Lot_Depth":90,"Front_Setback(Double - Feet)":20,"Rear_Setback(Double - Feet)":20,"Side_Setback(Double - Feet)":5,"Max_Density_Factor(Double - SqFt/Unit)":6000,"Current_Area":12007.111902739942,"Lot_Width":125.64213716983795,"Lot_Depth":150.92292650043964,"Shape_Length":553.13012734055519,"Shape_Area":18962.279033441609,"Split_Area_Floor":12000,"Split_Width_Floor":120}},{"type":"Feature","id":11436,"geometry":{"type":"Polygon","coordinates":[[[-106.45023765105553,31.940603588481796],[-106.45030590829161,31.940170528846828],[-106.44998101764153,31.940144847501745],[-106.45023765105553,31.940603588481796]]]},"properties":{"OBJECTID":11436,"PIDN":"N42599903207100","CITY_OWNED":" ","STATE_CD":"A1","LAND_ACRES":0.31069999999999998,"YR_BLT":"2001","City_Taxes":" ","District_Key(String)":"R-3A","Min_Lot_Area(Double - SqFt)":5000,"Min_Lot_Width(Double - Feet)":50,"Min_Lot_Depth":90,"Front_Setback(Double - Feet)":15,"Rear_Setback(Double - Feet)":15,"Side_Setback(Double - Feet)":5,"Max_Density_Factor(Double - SqFt/Unit)":5000,"Current_Area":13796.759415346572,"Lot_Width":128.73333832621574,"Lot_Depth":171.40123200416565,"Shape_Length":600.26914066076279,"Shape_Area":22065.052789122456,"Split_Area_Floor":10000,"Split_Width_Floor":100}},{"type":"Feature","id":11437,"geometry":{"type":"Polygon","coordinates":[[[-106.44726787899448,31.940702458364939],[-106.44752836783029,31.940478174064445],[-106.44702563960797,31.940320963225734],[-106.44726787899448,31.940702458364939]]]},"properties":{"OBJECTID":11437,"PIDN":"N42599905000300","CITY_OWNED":" ","STATE_CD":"A1","LAND_ACRES":0.3926,"YR_BLT":"2004","City_Taxes":" ","District_Key(String)":"R-3A","Min_Lot_Area(Double - SqFt)":5000,"Min_Lot_Width(Double - Feet)":50,"Min_Lot_Depth":90,"Front_Setback(Double - Feet)":15,"Rear_Setback(Double - Feet)":15,"Side_Setback(Double - Feet)":5,"Max_Density_Factor(Double - SqFt/Unit)":5000,"Current_Area":16717.098071553461,"Lot_Width":160.81299857795238,"Lot_Depth":182.74865025281906,"Shape_Length":687.12329766154289,"Shape_Area":29388.35843322931,"Split_Area_Floor":10000,"Split_Width_Floor":100}},{"type":"Feature","id":11438,"geometry":{"type":"Polygon","coordinates":[[[-106.44983552535503,31.940914759941265],[-106.45031580091158,31.940600984347963],[-106.44988947714262,31.940615190082763],[-106.44983552535503,31.940914759941265]]]},"properties":{"OBJECTID":11438,"PIDN":"N42599903208950","CITY_OWNED":" ","STATE_CD":"A1","LAND_ACRES":0.39169999999999999,"YR_BLT":"2005","City_Taxes":" ","District_Key(String)":"R-3A","Min_Lot_Area(Double - SqFt)":5000,"Min_Lot_Width(Double - Feet)":50,"Min_Lot_Depth":90,"Front_Setback(Double - Feet)":15,"Rear_Setback(Double - Feet)":15,"Side_Setback(Double - Feet)":5,"Max_Density_Factor(Double - SqFt/Unit)":5000,"Current_Area":16000.491458777737,"Lot_Width":141.224455088377,"Lot_Depth":155.03971616923809,"Shape_Length":592.52834251523018,"Shape_Area":21895.399433057282,"Split_Area_Floor":10000,"Split_Width_Floor":100}},{"type":"Feature","id":11439,"geometry":{"type":"Polygon","coordinates":[[[-106.41475414683325,31.942400012046868],[-106.4152023751362,31.942668007914722],[-106.41517261949856,31.942279955983945],[-106.41475414683325,31.942400012046868]]]},"properties":{"OBJECTID":11439,"PIDN":"S13899901306550","CITY_OWNED":" ","STATE_CD":"A1","LAND_ACRES":0.26129999999999998,"YR_BLT":"2011","City_Taxes":" ","District_Key(String)":"R-3A","Min_Lot_Area(Double - SqFt)":5000,"Min_Lot_Width(Double - Feet)":50,"Min_Lot_Depth":90,"Front_Setback(Double - Feet)":15,"Rear_Setback(Double - Feet)":15,"Side_Setback(Double - Feet)":5,"Max_Density_Factor(Double - SqFt/Unit)":5000,"Current_Area":11473.023449895885,"Lot_Width":135.26711791753769,"Lot_Depth":141.46822099387646,"Shape_Length":553.47067782282829,"Shape_Area":19135.998530762969,"Split_Area_Floor":10000,"Split_Width_Floor":100}},{"type":"Feature","id":11440,"geometry":{"type":"Polygon","coordinates":[[[-106.44526151574128,31.941362832248366],[-106.44600663868381,31.941236559054786],[-106.44544137943085,31.94109646030309],[-106.44526151574128,31.941362832248366]]]},"properties":{"OBJECTID":11440,"PIDN":"N42599904502250","CITY_OWNED":" ","STATE_CD":"A1","LAND_ACRES":0.38879999999999998,"YR_BLT":"2003","City_Taxes":" ","District_Key(String)":"R-3A","Min_Lot_Area(Double - SqFt)":5000,"Min_Lot_Width(Double - Feet)":50,"Min_Lot_Depth":90,"Front_Setback(Double - Feet)":15,"Rear_Setback(Double - Feet)":15,"Side_Setback(Double - Feet)":5,"Max_Density_Factor(Double - SqFt/Unit)":5000,"Current_Area":17472.27032737335,"Lot_Width":140.18279050290585,"Lot_Depth":233.32499267160892,"Shape_Length":747.01556634902954,"Shape_Area":32708.148566776195,"Split_Area_Floor":10000,"Split_Width_Floor":100}},{"type":"Feature","id":11441,"geometry":{"type":"Polygon","coordinates":[[[-106.42561868671895,31.942574826983392],[-106.42599763065155,31.942568445314436],[-106.42599054932049,31.942275103040128],[-106.42561868671895,31.942574826983392]]]},"properties":{"OBJECTID":11441,"PIDN":"S13799904105000","CITY_OWNED":" ","STATE_CD":"A1","LAND_ACRES":0.23549999999999999,"YR_BLT":"2014","City_Taxes":" ","District_Key(String)":"R-3A","Min_Lot_Area(Double - SqFt)":5000,"Min_Lot_Width(Double - Feet)":50,"Min_Lot_Depth":90,"Front_Setback(Double - Feet)":15,"Rear_Setback(Double - Feet)":15,"Side_Setback(Double - Feet)":5,"Max_Density_Factor(Double - SqFt/Unit)":5000,"Current_Area":10226.625362040029,"Lot_Width":121.00205458700657,"Lot_Depth":137.8212466686964,"Shape_Length":517.64660251140594,"Shape_Area":16676.654012654901,"Split_Area_Floor":10000,"Split_Width_Floor":100}},{"type":"Feature","id":11442,"geometry":{"type":"Polygon","coordinates":[[[-106.4286571819821,31.942523629329393],[-106.42909052152757,31.942489876401492],[-106.42875827546781,31.942192031494539],[-106.4286571819821,31.942523629329393]]]},"properties":{"OBJECTID":11442,"PIDN":"S13799904100700","CITY_OWNED":" ","STATE_CD":"A1","LAND_ACRES":0.2359,"YR_BLT":"2015","City_Taxes":" ","District_Key(String)":"R-3A","Min_Lot_Area(Double - SqFt)":5000,"Min_Lot_Width(Double - Feet)":50,"Min_Lot_Depth":90,"Front_Setback(Double - Feet)":15,"Rear_Setback(Double - Feet)":15,"Side_Setback(Double - Feet)":5,"Max_Density_Factor(Double - SqFt/Unit)":5000,"Current_Area":10241.790144984438,"Lot_Width":122.85736583173275,"Lot_Depth":134.89900840818882,"Shape_Length":515.51274847984314,"Shape_Area":16573.336826342846,"Split_Area_Floor":10000,"Split_Width_Floor":100}},{"type":"Feature","id":11443,"geometry":{"type":"Polygon","coordinates":[[[-106.44538739510303,31.94162147663339],[-106.44573792898963,31.941748921891804],[-106.4459850962464,31.941290947268886],[-106.44538739510303,31.94162147663339]]]},"properties":{"OBJECTID":11443,"PIDN":"N42599904502150","CITY_OWNED":" ","STATE_CD":"A1","LAND_ACRES":0.379,"YR_BLT":"2003","City_Taxes":" ","District_Key(String)":"R-3A","Min_Lot_Area(Double - SqFt)":5000,"Min_Lot_Width(Double - Feet)":50,"Min_Lot_Depth":90,"Front_Setback(Double - Feet)":15,"Rear_Setback(Double - Feet)":15,"Side_Setback(Double - Feet)":5,"Max_Density_Factor(Double - SqFt/Unit)":5000,"Current_Area":15858.105689800283,"Lot_Width":162.15026624500751,"Lot_Depth":191.74174250662327,"Shape_Length":707.78401750326157,"Shape_Area":31090.974597730637,"Split_Area_Floor":10000,"Split_Width_Floor":100}},{"type":"Feature","id":11444,"geometry":{"type":"Polygon","coordinates":[[[-106.44852342043446,31.941546852455133],[-106.44876471808672,31.941643575415075],[-106.44892963426096,31.941323409064406],[-106.44852342043446,31.941546852455133]]]},"properties":{"OBJECTID":11444,"PIDN":"N42599905001900","CITY_OWNED":" ","STATE_CD":"A1","LAND_ACRES":0.2099,"YR_BLT":"2005","City_Taxes":" ","District_Key(String)":"R-3A","Min_Lot_Area(Double - SqFt)":5000,"Min_Lot_Width(Double - Feet)":50,"Min_Lot_Depth":90,"Front_Setback(Double - Feet)":15,"Rear_Setback(Double - Feet)":15,"Side_Setback(Double - Feet)":5,"Max_Density_Factor(Double - SqFt/Unit)":5000,"Current_Area":10212.47915941393,"Lot_Width":130.29107800126076,"Lot_Depth":148.98329782485962,"Shape_Length":558.54875165224075,"Shape_Area":19411.194477783847,"Split_Area_Floor":10000,"Split_Width_Floor":100}},{"type":"Feature","id":11445,"geometry":{"type":"Polygon","coordinates":[[[-106.44710680311718,31.941644463873324],[-106.44758789562989,31.941591564541049],[-106.447185152401,31.941429829426131],[-106.44710680311718,31.941644463873324]]]},"properties":{"OBJECTID":11445,"PIDN":"N42599903209400","CITY_OWNED":" ","STATE_CD":"A1","LAND_ACRES":0.23619999999999999,"YR_BLT":"2005","City_Taxes":" ","District_Key(String)":"R-3A","Min_Lot_Area(Double - SqFt)":5000,"Min_Lot_Width(Double - Feet)":50,"Min_Lot_Depth":90,"Front_Setback(Double - Feet)":15,"Rear_Setback(Double - Feet)":15,"Side_Setback(Double - Feet)":5,"Max_Density_Factor(Double - SqFt/Unit)":5000,"Current_Area":10290.533827481471,"Lot_Width":126.26090234518051,"Lot_Depth":150.0751591771841,"Shape_Length":552.67212304472923,"Shape_Area":18948.625017307862,"Split_Area_Floor":10000,"Split_Width_Floor":100}},{"type":"Feature","id":11446,"geometry":{"type":"Polygon","coordinates":[[[-106.4374152319144,31.942288718467303],[-106.43766989761541,31.941872410743482],[-106.43731881874072,31.942031149416238],[-106.4374152319144,31.942288718467303]]]},"properties":{"OBJECTID":11446,"PIDN":"N42599903901400","CITY_OWNED":" ","STATE_CD":"A1","LAND_ACRES":0.3614,"YR_BLT":"1998","City_Taxes":" ","District_Key(String)":"R-3A","Min_Lot_Area(Double - SqFt)":5000,"Min_Lot_Width(Double - Feet)":50,"Min_Lot_Depth":90,"Front_Setback(Double - Feet)":15,"Rear_Setback(Double - Feet)":15,"Side_Setback(Double - Feet)":5,"Max_Density_Factor(Double - SqFt/Unit)":5000,"Current_Area":13931.112867943713,"Lot_Width":143.10207599401474,"Lot_Depth":149.29038383066654,"Shape_Length":584.78491964936256,"Shape_Area":21363.763852111671,"Split_Area_Floor":10000,"Split_Width_Floor":100}},{"type":"Feature","id":11447,"geometry":{"type":"Polygon","coordinates":[[[-106.44773946201646,31.941653309278816],[-106.448150943635,31.941818969817529],[-106.44826966149292,31.941604560307006],[-106.44773946201646,31.941653309278816]]]},"properties":{"OBJECTID":11447,"PIDN":"N42599903209275","CITY_OWNED":" ","STATE_CD":"A1","LAND_ACRES":0.24160000000000001,"YR_BLT":"2004","City_Taxes":" ","District_Key(String)":"R-3A","Min_Lot_Area(Double - SqFt)":5000,"Min_Lot_Width(Double - Feet)":50,"Min_Lot_Depth":90,"Front_Setback(Double - Feet)":15,"Rear_Setback(Double - Feet)":15,"Side_Setback(Double - Feet)":5,"Max_Density_Factor(Double - SqFt/Unit)":5000,"Current_Area":12089.16821523239,"Lot_Width":135.93673598766327,"Lot_Depth":165.20308166742325,"Shape_Length":602.27963531017303,"Shape_Area":22457.167696972887,"Split_Area_Floor":10000,"Split_Width_Floor":100}},{"type":"Feature","id":11448,"geometry":{"type":"Polygon","coordinates":[[[-106.44912979299872,31.941770733168333],[-106.44935067338878,31.941453680604731],[-106.44916381114913,31.941395863739977],[-106.44912979299872,31.941770733168333]]]},"properties":{"OBJECTID":11448,"PIDN":"N42599905001700","CITY_OWNED":" ","STATE_CD":"A1","LAND_ACRES":0.24149999999999999,"YR_BLT":"2005","City_Taxes":" ","District_Key(String)":"R-3A","Min_Lot_Area(Double - SqFt)":5000,"Min_Lot_Width(Double - Feet)":50,"Min_Lot_Depth":90,"Front_Setback(Double - Feet)":15,"Rear_Setback(Double - Feet)":15,"Side_Setback(Double - Feet)":5,"Max_Density_Factor(Double - SqFt/Unit)":5000,"Current_Area":10214.553319289176,"Lot_Width":118.61852917075157,"Lot_Depth":148.70803591609001,"Shape_Length":534.65313017368317,"Shape_Area":17639.528496237894,"Split_Area_Floor":10000,"Split_Width_Floor":100}},{"type":"Feature","id":11449,"geometry":{"type":"Polygon","coordinates":[[[-106.44097355607511,31.94186447708347],[-106.4414587244945,31.942212525110499],[-106.44145128447705,31.941797774390039],[-106.44097355607511,31.94186447708347]]]},"properties":{"OBJECTID":11449,"PIDN":"N42599903903500","CITY_OWNED":" ","STATE_CD":"A1","LAND_ACRES":0.31990000000000002,"YR_BLT":"1997","City_Taxes":" ","District_Key(String)":"R-3A","Min_Lot_Area(Double - SqFt)":5000,"Min_Lot_Width(Double - Feet)":50,"Min_Lot_Depth":90,"Front_Setback(Double - Feet)":15,"Rear_Setback(Double - Feet)":15,"Side_Setback(Double - Feet)":5,"Max_Density_Factor(Double - SqFt/Unit)":5000,"Current_Area":13676.940727658628,"Lot_Width":149.30777224898338,"Lot_Depth":170.69027543067932,"Shape_Length":639.99609535932541,"Shape_Area":25485.384769120112,"Split_Area_Floor":10000,"Split_Width_Floor":100}},{"type":"Feature","id":11450,"geometry":{"type":"Polygon","coordinates":[[[-106.44097750434767,31.942255356063328],[-106.4414587244945,31.942212525110499],[-106.44097355607511,31.94186447708347],[-106.44097750434767,31.942255356063328]]]},"properties":{"OBJECTID":11450,"PIDN":"N42599903903400","CITY_OWNED":" ","STATE_CD":"A1","LAND_ACRES":0.31890000000000002,"YR_BLT":"1997","City_Taxes":" ","District_Key(String)":"R-3A","Min_Lot_Area(Double - SqFt)":5000,"Min_Lot_Width(Double - Feet)":50,"Min_Lot_Depth":90,"Front_Setback(Double - Feet)":15,"Rear_Setback(Double - Feet)":15,"Side_Setback(Double - Feet)":5,"Max_Density_Factor(Double - SqFt/Unit)":5000,"Current_Area":14066.216347608224,"Lot_Width":148.68999132514,"Lot_Depth":178.95633500814438,"Shape_Length":655.29265266656876,"Shape_Area":26609.015899939834,"Split_Area_Floor":10000,"Split_Width_Floor":100}},{"type":"Feature","id":11451,"geometry":{"type":"Polygon","coordinates":[[[-106.44458085136976,31.941869925983987],[-106.44458354851639,31.942135126663398],[-106.44496189325909,31.941770414902415],[-106.44458085136976,31.941869925983987]]]},"properties":{"OBJECTID":11451,"PIDN":"N42599904501650","CITY_OWNED":" ","STATE_CD":"A1","LAND_ACRES":0.25890000000000002,"YR_BLT":"2003","City_Taxes":" ","District_Key(String)":"R-3A","Min_Lot_Area(Double - SqFt)":5000,"Min_Lot_Width(Double - Feet)":50,"Min_Lot_Depth":90,"Front_Setback(Double - Feet)":15,"Rear_Setback(Double - Feet)":15,"Side_Setback(Double - Feet)":5,"Max_Density_Factor(Double - SqFt/Unit)":5000,"Current_Area":11169.336284059473,"Lot_Width":124.47744132578373,"Lot_Depth":147.17424632608891,"Shape_Length":543.30337530374527,"Shape_Area":18319.873611722174,"Split_Area_Floor":10000,"Split_Width_Floor":100}},{"type":"Feature","id":11452,"geometry":{"type":"Polygon","coordinates":[[[-106.4476930939733,31.941881617055348],[-106.448150943635,31.941818969817529],[-106.44773946201646,31.941653309278816],[-106.4476930939733,31.941881617055348]]]},"properties":{"OBJECTID":11452,"PIDN":"N42599903209300","CITY_OWNED":" ","STATE_CD":"A1","LAND_ACRES":0.23139999999999999,"YR_BLT":"2005","City_Taxes":" ","District_Key(String)":"R-3A","Min_Lot_Area(Double - SqFt)":5000,"Min_Lot_Width(Double - Feet)":50,"Min_Lot_Depth":90,"Front_Setback(Double - Feet)":15,"Rear_Setback(Double - Feet)":15,"Side_Setback(Double - Feet)":5,"Max_Density_Factor(Double - SqFt/Unit)":5000,"Current_Area":11020.664910500122,"Lot_Width":138.64572009444237,"Lot_Depth":145.90948507189751,"Shape_Length":569.11041033267975,"Shape_Area":20229.72562640252,"Split_Area_Floor":10000,"Split_Width_Floor":100}},{"type":"Feature","id":11453,"geometry":{"type":"Polygon","coordinates":[[[-106.44702767490833,31.941998840144844],[-106.44741143700186,31.941766796424499],[-106.44710680311718,31.941644463873324],[-106.44702767490833,31.941998840144844]]]},"properties":{"OBJECTID":11453,"PIDN":"N42599903209375","CITY_OWNED":" ","STATE_CD":"A1","LAND_ACRES":0.28760000000000002,"YR_BLT":"2005","City_Taxes":" ","District_Key(String)":"R-3A","Min_Lot_Area(Double - SqFt)":5000,"Min_Lot_Width(Double - Feet)":50,"Min_Lot_Depth":90,"Front_Setback(Double - Feet)":15,"Rear_Setback(Double - Feet)":15,"Side_Setback(Double - Feet)":5,"Max_Density_Factor(Double - SqFt/Unit)":5000,"Current_Area":12445.262579763918,"Lot_Width":131.02565658092499,"Lot_Depth":172.3500490039587,"Shape_Length":606.75141116976738,"Shape_Area":22582.278332498285,"Split_Area_Floor":10000,"Split_Width_Floor":100}},{"type":"Feature","id":11454,"geometry":{"type":"Polygon","coordinates":[[[-106.4441985256735,31.942029644058614],[-106.44458486440173,31.942264501925674],[-106.44458085136976,31.941869925983987],[-106.4441985256735,31.942029644058614]]]},"properties":{"OBJECTID":11454,"PIDN":"N42599904501150","CITY_OWNED":" ","STATE_CD":"A1","LAND_ACRES":0.25330000000000003,"YR_BLT":"2003","City_Taxes":" ","District_Key(String)":"R-3A","Min_Lot_Area(Double - SqFt)":5000,"Min_Lot_Width(Double - Feet)":50,"Min_Lot_Depth":90,"Front_Setback(Double - Feet)":15,"Rear_Setback(Double - Feet)":15,"Side_Setback(Double - Feet)":5,"Max_Density_Factor(Double - SqFt/Unit)":5000,"Current_Area":11116.204527149286,"Lot_Width":121.61524233222008,"Lot_Depth":147.9819875061512,"Shape_Length":539.19445967674255,"Shape_Area":17996.865271364142,"Split_Area_Floor":10000,"Split_Width_Floor":100}},{"type":"Feature","id":11455,"geometry":{"type":"Polygon","coordinates":[[[-106.44389345482888,31.942362560814725],[-106.44394832829342,31.941962743875536],[-106.44362025678753,31.942081566581123],[-106.44389345482888,31.942362560814725]]]},"properties":{"OBJECTID":11455,"PIDN":"N42599904500950","CITY_OWNED":" ","STATE_CD":"A1","LAND_ACRES":0.3458,"YR_BLT":"2003","City_Taxes":" ","District_Key(String)":"R-3A","Min_Lot_Area(Double - SqFt)":5000,"Min_Lot_Width(Double - Feet)":50,"Min_Lot_Depth":90,"Front_Setback(Double - Feet)":15,"Rear_Setback(Double - Feet)":15,"Side_Setback(Double - Feet)":5,"Max_Density_Factor(Double - SqFt/Unit)":5000,"Current_Area":14317.275593581866,"Lot_Width":136.81468699872494,"Lot_Depth":145.0351430028677,"Shape_Length":563.69966000318527,"Shape_Area":19842.937693752654,"Split_Area_Floor":10000,"Split_Width_Floor":100}},{"type":"Feature","id":11456,"geometry":{"type":"Polygon","coordinates":[[[-106.44398629035088,31.942360229357373],[-106.44458486440173,31.942264501925674],[-106.44405092028707,31.942052846610103],[-106.44398629035088,31.942360229357373]]]},"properties":{"OBJECTID":11456,"PIDN":"N42599904501050","CITY_OWNED":" ","STATE_CD":"A1","LAND_ACRES":0.34960000000000002,"YR_BLT":"2003","City_Taxes":" ","District_Key(String)":"R-3A","Min_Lot_Area(Double - SqFt)":5000,"Min_Lot_Width(Double - Feet)":50,"Min_Lot_Depth":90,"Front_Setback(Double - Feet)":15,"Rear_Setback(Double - Feet)":15,"Side_Setback(Double - Feet)":5,"Max_Density_Factor(Double - SqFt/Unit)":5000,"Current_Area":15044.724523394712,"Lot_Width":121.21563683450222,"Lot_Depth":187.31885108351707,"Shape_Length":617.06897583603859,"Shape_Area":22705.973825195808,"Split_Area_Floor":10000,"Split_Width_Floor":100}},{"type":"Feature","id":11457,"geometry":{"type":"Polygon","coordinates":[[[-106.44458568578349,31.942345183019658],[-106.44506139972985,31.942333239905892],[-106.4450581889668,31.942017348991186],[-106.44458568578349,31.942345183019658]]]},"properties":{"OBJECTID":11457,"PIDN":"N42599904501750","CITY_OWNED":" ","STATE_CD":"A1","LAND_ACRES":0.38369999999999999,"YR_BLT":"2003","City_Taxes":" ","District_Key(String)":"R-3A","Min_Lot_Area(Double - SqFt)":5000,"Min_Lot_Width(Double - Feet)":50,"Min_Lot_Depth":90,"Front_Setback(Double - Feet)":15,"Rear_Setback(Double - Feet)":15,"Side_Setback(Double - Feet)":5,"Max_Density_Factor(Double - SqFt/Unit)":5000,"Current_Area":16371.982283960055,"Lot_Width":137.78712600469589,"Lot_Depth":152.90586215257645,"Shape_Length":581.38597631454468,"Shape_Area":21068.459295273711,"Split_Area_Floor":10000,"Split_Width_Floor":100}},{"type":"Feature","id":11458,"geometry":{"type":"Polygon","coordinates":[[[-106.44506139972985,31.942333239905892],[-106.44548625492585,31.942114268723238],[-106.44518361100545,31.941951048250129],[-106.44506139972985,31.942333239905892]]]},"properties":{"OBJECTID":11458,"PIDN":"N42599904501850","CITY_OWNED":" ","STATE_CD":"A1","LAND_ACRES":0.31590000000000001,"YR_BLT":"2003","City_Taxes":" ","District_Key(String)":"R-3A","Min_Lot_Area(Double - SqFt)":5000,"Min_Lot_Width(Double - Feet)":50,"Min_Lot_Depth":90,"Front_Setback(Double - Feet)":15,"Rear_Setback(Double - Feet)":15,"Side_Setback(Double - Feet)":5,"Max_Density_Factor(Double - SqFt/Unit)":5000,"Current_Area":13025.759264843546,"Lot_Width":135.97249707579613,"Lot_Depth":138.9695383310318,"Shape_Length":549.88407081365585,"Shape_Area":18896.03514434096,"Split_Area_Floor":10000,"Split_Width_Floor":100}},{"type":"Feature","id":11459,"geometry":{"type":"Polygon","coordinates":[[[-106.44560765925905,31.94231952100191],[-106.4463839231699,31.941819238312583],[-106.44602658768991,31.941724890072013],[-106.44560765925905,31.94231952100191]]]},"properties":{"OBJECTID":11459,"PIDN":"N42599903209600","CITY_OWNED":" ","STATE_CD":"A1","LAND_ACRES":0.59999999999999998,"YR_BLT":"2006","City_Taxes":" ","District_Key(String)":"R-3A","Min_Lot_Area(Double - SqFt)":5000,"Min_Lot_Width(Double - Feet)":50,"Min_Lot_Depth":90,"Front_Setback(Double - Feet)":15,"Rear_Setback(Double - Feet)":15,"Side_Setback(Double - Feet)":5,"Max_Density_Factor(Double - SqFt/Unit)":5000,"Current_Area":26390.647819189126,"Lot_Width":211.24137541651726,"Lot_Depth":254.97061866521835,"Shape_Length":932.42398816347122,"Shape_Area":53860.344177641055,"Split_Area_Floor":10000,"Split_Width_Floor":100}},{"type":"Feature","id":11460,"geometry":{"type":"Polygon","coordinates":[[[-106.44628019557427,31.942307596324127],[-106.44656586490763,31.942003288626214],[-106.44590794571963,31.942311979021053],[-106.44628019557427,31.942307596324127]]]},"properties":{"OBJECTID":11460,"PIDN":"N42599903209575","CITY_OWNED":" ","STATE_CD":"A1","LAND_ACRES":0.3851,"YR_BLT":"2006","City_Taxes":" ","District_Key(String)":"R-3A","Min_Lot_Area(Double - SqFt)":5000,"Min_Lot_Width(Double - Feet)":50,"Min_Lot_Depth":90,"Front_Setback(Double - Feet)":15,"Rear_Setback(Double - Feet)":15,"Side_Setback(Double - Feet)":5,"Max_Density_Factor(Double - SqFt/Unit)":5000,"Current_Area":16768.681833251001,"Lot_Width":131.21692916750908,"Lot_Depth":226.21903574466705,"Shape_Length":714.87192982435226,"Shape_Area":29683.767189650182,"Split_Area_Floor":10000,"Split_Width_Floor":100}},{"type":"Feature","id":11461,"geometry":{"type":"Polygon","coordinates":[[[-106.44663772616731,31.942303383682727],[-106.44702767490833,31.941998840144844],[-106.44668920121845,31.941904541824137],[-106.44663772616731,31.942303383682727]]]},"properties":{"OBJECTID":11461,"PIDN":"N42599903209550","CITY_OWNED":" ","STATE_CD":"A1","LAND_ACRES":0.36969999999999997,"YR_BLT":"2004","City_Taxes":" ","District_Key(String)":"R-3A","Min_Lot_Area(Double - SqFt)":5000,"Min_Lot_Width(Double - Feet)":50,"Min_Lot_Depth":90,"Front_Setback(Double - Feet)":15,"Rear_Setback(Double - Feet)":15,"Side_Setback(Double - Feet)":5,"Max_Density_Factor(Double - SqFt/Unit)":5000,"Current_Area":16062.274219152392,"Lot_Width":143.13357199728489,"Lot_Depth":148.48034608364105,"Shape_Length":583.22783616185188,"Shape_Area":21252.522306344614,"Split_Area_Floor":10000,"Split_Width_Floor":100}},{"type":"Feature","id":11462,"geometry":{"type":"Polygon","coordinates":[[[-106.44721058184994,31.942296636626104],[-106.44755354006602,31.941991326198842],[-106.44701143752738,31.94212339863628],[-106.44721058184994,31.942296636626104]]]},"properties":{"OBJECTID":11462,"PIDN":"N42599903209350","CITY_OWNED":" ","STATE_CD":"A1","LAND_ACRES":0.43130000000000002,"YR_BLT":"2004","City_Taxes":" ","District_Key(String)":"R-3A","Min_Lot_Area(Double - SqFt)":5000,"Min_Lot_Width(Double - Feet)":50,"Min_Lot_Depth":90,"Front_Setback(Double - Feet)":15,"Rear_Setback(Double - Feet)":15,"Side_Setback(Double - Feet)":5,"Max_Density_Factor(Double - SqFt/Unit)":5000,"Current_Area":18656.87099505699,"Lot_Width":136.77006766200066,"Lot_Depth":192.30703008174896,"Shape_Length":658.15419548749924,"Shape_Area":26301.845516159203,"Split_Area_Floor":10000,"Split_Width_Floor":100}},{"type":"Feature","id":11463,"geometry":{"type":"Polygon","coordinates":[[[-106.44760889553847,31.94229194234094],[-106.44803912100751,31.942020926878531],[-106.4476930939733,31.941881617055348],[-106.44760889553847,31.94229194234094]]]},"properties":{"OBJECTID":11463,"PIDN":"N42599903209325","CITY_OWNED":" ","STATE_CD":"A1","LAND_ACRES":0.34079999999999999,"YR_BLT":"2005","City_Taxes":" ","District_Key(String)":"R-3A","Min_Lot_Area(Double - SqFt)":5000,"Min_Lot_Width(Double - Feet)":50,"Min_Lot_Depth":90,"Front_Setback(Double - Feet)":15,"Rear_Setback(Double - Feet)":15,"Side_Setback(Double - Feet)":5,"Max_Density_Factor(Double - SqFt/Unit)":5000,"Current_Area":15237.529298803413,"Lot_Width":149.81597332656384,"Lot_Depth":151.21623300015926,"Shape_Length":602.0644126534462,"Shape_Area":22654.607129695323,"Split_Area_Floor":10000,"Split_Width_Floor":100}},{"type":"Feature","id":11464,"geometry":{"type":"Polygon","coordinates":[[[-106.44789089815568,31.942288618813329],[-106.44855502141932,31.941964762480463],[-106.44808332652056,31.941941087347402],[-106.44789089815568,31.942288618813329]]]},"properties":{"OBJECTID":11464,"PIDN":"N42599903209225","CITY_OWNED":" ","STATE_CD":"A1","LAND_ACRES":0.50209999999999999,"YR_BLT":"2006","City_Taxes":" ","District_Key(String)":"R-3A","Min_Lot_Area(Double - SqFt)":5000,"Min_Lot_Width(Double - Feet)":50,"Min_Lot_Depth":90,"Front_Setback(Double - Feet)":15,"Rear_Setback(Double - Feet)":15,"Side_Setback(Double - Feet)":5,"Max_Density_Factor(Double - SqFt/Unit)":5000,"Current_Area":20396.265103709353,"Lot_Width":146.8655199110508,"Lot_Depth":212.18363074958324,"Shape_Length":718.09830132126808,"Shape_Area":31162.459246651968,"Split_Area_Floor":10000,"Split_Width_Floor":100}},{"type":"Feature","id":11465,"geometry":{"type":"Polygon","coordinates":[[[-106.44838035003488,31.942282847948384],[-106.44891479942929,31.942276544299393],[-106.44871346444529,31.941955343549669],[-106.44838035003488,31.942282847948384]]]},"properties":{"OBJECTID":11465,"PIDN":"N42599903209200","CITY_OWNED":" ","STATE_CD":"A1","LAND_ACRES":0.27710000000000001,"YR_BLT":"2005","City_Taxes":" ","District_Key(String)":"R-3A","Min_Lot_Area(Double - SqFt)":5000,"Min_Lot_Width(Double - Feet)":50,"Min_Lot_Depth":90,"Front_Setback(Double - Feet)":15,"Rear_Setback(Double - Feet)":15,"Side_Setback(Double - Feet)":5,"Max_Density_Factor(Double - SqFt/Unit)":5000,"Current_Area":12299.515580850522,"Lot_Width":120.10933983325958,"Lot_Depth":165.66994425654411,"Shape_Length":571.55856817960739,"Shape_Area":19898.50763486643,"Split_Area_Floor":10000,"Split_Width_Floor":100}},{"type":"Feature","id":11466,"geometry":{"type":"Polygon","coordinates":[[[-106.44891479942929,31.942276544299393],[-106.4491320406686,31.941922146790787],[-106.44883526983422,31.941840244849018],[-106.44891479942929,31.942276544299393]]]},"properties":{"OBJECTID":11466,"PIDN":"N42599903209175","CITY_OWNED":" ","STATE_CD":"A1","LAND_ACRES":0.29759999999999998,"YR_BLT":"2004","City_Taxes":" ","District_Key(String)":"R-3A","Min_Lot_Area(Double - SqFt)":5000,"Min_Lot_Width(Double - Feet)":50,"Min_Lot_Depth":90,"Front_Setback(Double - Feet)":15,"Rear_Setback(Double - Feet)":15,"Side_Setback(Double - Feet)":5,"Max_Density_Factor(Double - SqFt/Unit)":5000,"Current_Area":12828.971293713734,"Lot_Width":130.31666849553585,"Lot_Depth":161.271987169981,"Shape_Length":583.17731133103371,"Shape_Area":21016.428089646724,"Split_Area_Floor":10000,"Split_Width_Floor":100}},{"type":"Feature","id":11467,"geometry":{"type":"Polygon","coordinates":[[[-106.44902674255316,31.942275224646021],[-106.44933885100464,31.942271541952429],[-106.44937645518802,31.941959037637059],[-106.44902674255316,31.942275224646021]]]},"properties":{"OBJECTID":11467,"PIDN":"N42599903209150","CITY_OWNED":" ","STATE_CD":"A1","LAND_ACRES":0.24149999999999999,"YR_BLT":"2004","City_Taxes":" ","District_Key(String)":"R-3A","Min_Lot_Area(Double - SqFt)":5000,"Min_Lot_Width(Double - Feet)":50,"Min_Lot_Depth":90,"Front_Setback(Double - Feet)":15,"Rear_Setback(Double - Feet)":15,"Side_Setback(Double - Feet)":5,"Max_Density_Factor(Double - SqFt/Unit)":5000,"Current_Area":10584.844657345075,"Lot_Width":114.64347149431705,"Lot_Depth":130.44462099671364,"Shape_Length":490.17618498206139,"Shape_Area":14954.624188823733,"Split_Area_Floor":10000,"Split_Width_Floor":100}},{"type":"Feature","id":11468,"geometry":{"type":"Polygon","coordinates":[[[-106.44994169683717,31.942264427694461],[-106.45034820350871,31.94201071872391],[-106.45002561378088,31.941885602981046],[-106.44994169683717,31.942264427694461]]]},"properties":{"OBJECTID":11468,"PIDN":"N42599903209075","CITY_OWNED":" ","STATE_CD":"A1","LAND_ACRES":0.37659999999999999,"YR_BLT":"2004","City_Taxes":" ","District_Key(String)":"R-3A","Min_Lot_Area(Double - SqFt)":5000,"Min_Lot_Width(Double - Feet)":50,"Min_Lot_Depth":90,"Front_Setback(Double - Feet)":15,"Rear_Setback(Double - Feet)":15,"Side_Setback(Double - Feet)":5,"Max_Density_Factor(Double - SqFt/Unit)":5000,"Current_Area":15820.747262265455,"Lot_Width":141.43902158737183,"Lot_Depth":147.0748370885849,"Shape_Length":577.02771735191345,"Shape_Area":20802.121057931556,"Split_Area_Floor":10000,"Split_Width_Floor":100}},{"type":"Feature","id":11469,"geometry":{"type":"Polygon","coordinates":[[[-106.37237195592472,31.947613573833493],[-106.37281062086565,31.947326936498222],[-106.3724393692557,31.947334319861802],[-106.37237195592472,31.947613573833493]]]},"properties":{"OBJECTID":11469,"PIDN":"M39599902403300","CITY_OWNED":" ","STATE_CD":"A1","LAND_ACRES":0.21920000000000001,"YR_BLT":"2011","City_Taxes":" ","District_Key(String)":"R-5","Min_Lot_Area(Double - SqFt)":4500,"Min_Lot_Width(Double - Feet)":45,"Min_Lot_Depth":90,"Front_Setback(Double - Feet)":10,"Rear_Setback(Double - Feet)":10,"Side_Setback(Double - Feet)":5,"Max_Density_Factor(Double - SqFt/Unit)":4500,"Current_Area":9514.0155461863287,"Lot_Width":117.44628742337227,"Lot_Depth":141.53121300041676,"Shape_Length":517.95500084757805,"Shape_Area":16622.315521425469,"Split_Area_Floor":9000,"Split_Width_Floor":90}},{"type":"Feature","id":11470,"geometry":{"type":"Polygon","coordinates":[[[-106.37177686399559,31.947489765241421],[-106.3722714268588,31.94762365055854],[-106.37211641173654,31.947340742553791],[-106.37177686399559,31.947489765241421]]]},"properties":{"OBJECTID":11470,"PIDN":"M39599902403100","CITY_OWNED":" ","STATE_CD":"A1","LAND_ACRES":0.2379,"YR_BLT":"2012","City_Taxes":" ","District_Key(String)":"R-5","Min_Lot_Area(Double - SqFt)":4500,"Min_Lot_Width(Double - Feet)":45,"Min_Lot_Depth":90,"Front_Setback(Double - Feet)":10,"Rear_Setback(Double - Feet)":10,"Side_Setback(Double - Feet)":5,"Max_Density_Factor(Double - SqFt/Unit)":4500,"Current_Area":10327.637478211007,"Lot_Width":127.40361659228802,"Lot_Depth":150.54366217553616,"Shape_Length":555.89455753564835,"Shape_Area":19179.80701621094,"Split_Area_Floor":9000,"Split_Width_Floor":90}},{"type":"Feature","id":11471,"geometry":{"type":"Polygon","coordinates":[[[-106.37182513806408,31.94778707571869],[-106.37219785510624,31.947682926837068],[-106.37177686399559,31.947489765241421],[-106.37182513806408,31.94778707571869]]]},"properties":{"OBJECTID":11471,"PIDN":"M39599902403000","CITY_OWNED":" ","STATE_CD":"A1","LAND_ACRES":0.22689999999999999,"YR_BLT":"2012","City_Taxes":" ","District_Key(String)":"R-5","Min_Lot_Area(Double - SqFt)":4500,"Min_Lot_Width(Double - Feet)":45,"Min_Lot_Depth":90,"Front_Setback(Double - Feet)":10,"Rear_Setback(Double - Feet)":10,"Side_Setback(Double - Feet)":5,"Max_Density_Factor(Double - SqFt/Unit)":4500,"Current_Area":9848.5696252148173,"Lot_Width":112.21991991996765,"Lot_Depth":151.0141336619854,"Shape_Length":526.4681071639061,"Shape_Area":16946.793986331293,"Split_Area_Floor":9000,"Split_Width_Floor":90}},{"type":"Feature","id":11472,"geometry":{"type":"Polygon","coordinates":[[[-106.37321318219217,31.948456614677674],[-106.37359130010923,31.948118182938881],[-106.37332205614238,31.948123539874928],[-106.37321318219217,31.948456614677674]]]},"properties":{"OBJECTID":11472,"PIDN":"M39599902404300","CITY_OWNED":" ","STATE_CD":"A1","LAND_ACRES":0.2291,"YR_BLT":"2012","City_Taxes":" ","District_Key(String)":"R-5","Min_Lot_Area(Double - SqFt)":4500,"Min_Lot_Width(Double - Feet)":45,"Min_Lot_Depth":90,"Front_Setback(Double - Feet)":10,"Rear_Setback(Double - Feet)":10,"Side_Setback(Double - Feet)":5,"Max_Density_Factor(Double - SqFt/Unit)":4500,"Current_Area":9943.637604228772,"Lot_Width":127.8281564116478,"Lot_Depth":141.26710590720177,"Shape_Length":538.19052463769913,"Shape_Area":18057.913709726603,"Split_Area_Floor":9000,"Split_Width_Floor":90}},{"type":"Feature","id":11473,"geometry":{"type":"Polygon","coordinates":[[[-106.36740196753705,31.951497158424974],[-106.36758196796458,31.951641839691629],[-106.36793891930067,31.951520116483582],[-106.36740196753705,31.951497158424974]]]},"properties":{"OBJECTID":11473,"PIDN":"M39599901902600","CITY_OWNED":" ","STATE_CD":"A1","LAND_ACRES":0.23200000000000001,"YR_BLT":"2010","City_Taxes":" ","District_Key(String)":"R-5","Min_Lot_Area(Double - SqFt)":4500,"Min_Lot_Width(Double - Feet)":45,"Min_Lot_Depth":90,"Front_Setback(Double - Feet)":10,"Rear_Setback(Double - Feet)":10,"Side_Setback(Double - Feet)":5,"Max_Density_Factor(Double - SqFt/Unit)":4500,"Current_Area":9957.4309259263318,"Lot_Width":95.961750328540802,"Lot_Depth":165.85662366449833,"Shape_Length":523.63674798607826,"Shape_Area":15915.891910427341,"Split_Area_Floor":9000,"Split_Width_Floor":90}},{"type":"Feature","id":11474,"geometry":{"type":"Polygon","coordinates":[[[-106.37309861852084,31.951334450319266],[-106.37369167230733,31.951736981012623],[-106.37368634736009,31.951544996831295],[-106.37309861852084,31.951334450319266]]]},"properties":{"OBJECTID":11474,"PIDN":"M39599902406600","CITY_OWNED":" ","STATE_CD":"A1","LAND_ACRES":0.2198,"YR_BLT":"2011","City_Taxes":" ","District_Key(String)":"R-5","Min_Lot_Area(Double - SqFt)":4500,"Min_Lot_Width(Double - Feet)":45,"Min_Lot_Depth":90,"Front_Setback(Double - Feet)":10,"Rear_Setback(Double - Feet)":10,"Side_Setback(Double - Feet)":5,"Max_Density_Factor(Double - SqFt/Unit)":4500,"Current_Area":9544.6536585942031,"Lot_Width":164.78280690312386,"Lot_Depth":177.87923741340637,"Shape_Length":685.32408863306046,"Shape_Area":29311.440030768266,"Split_Area_Floor":9000,"Split_Width_Floor":90}},{"type":"Feature","id":11475,"geometry":{"type":"Polygon","coordinates":[[[-106.37196079588158,31.952164448314445],[-106.37262474481604,31.952176279893735],[-106.37227694296563,31.951936448781932],[-106.37196079588158,31.952164448314445]]]},"properties":{"OBJECTID":11475,"PIDN":"M39599901305000","CITY_OWNED":" ","STATE_CD":"A1","LAND_ACRES":0.2462,"YR_BLT":"2010","City_Taxes":" ","District_Key(String)":"R-5","Min_Lot_Area(Double - SqFt)":4500,"Min_Lot_Width(Double - Feet)":45,"Min_Lot_Depth":90,"Front_Setback(Double - Feet)":10,"Rear_Setback(Double - Feet)":10,"Side_Setback(Double - Feet)":5,"Max_Density_Factor(Double - SqFt/Unit)":4500,"Current_Area":10565.847023503809,"Lot_Width":92.977176249027252,"Lot_Depth":210.65574666857719,"Shape_Length":607.26584583520889,"Shape_Area":19586.176485874737,"Split_Area_Floor":9000,"Split_Width_Floor":90}},{"type":"Feature","id":11476,"geometry":{"type":"Polygon","coordinates":[[[-106.37193400697456,31.952251093975022],[-106.37227227353578,31.952406628793149],[-106.37263982974929,31.952186681457263],[-106.37193400697456,31.952251093975022]]]},"properties":{"OBJECTID":11476,"PIDN":"M39599901304900","CITY_OWNED":" ","STATE_CD":"A1","LAND_ACRES":0.2591,"YR_BLT":"2010","City_Taxes":" ","District_Key(String)":"R-5","Min_Lot_Area(Double - SqFt)":4500,"Min_Lot_Width(Double - Feet)":45,"Min_Lot_Depth":90,"Front_Setback(Double - Feet)":10,"Rear_Setback(Double - Feet)":10,"Side_Setback(Double - Feet)":5,"Max_Density_Factor(Double - SqFt/Unit)":4500,"Current_Area":11118.840630660659,"Lot_Width":93.21897366642952,"Lot_Depth":219.88309040665627,"Shape_Length":626.20412814617157,"Shape_Area":20497.276014311232,"Split_Area_Floor":9000,"Split_Width_Floor":90}},{"type":"Feature","id":11477,"geometry":{"type":"Polygon","coordinates":[[[-106.37327952072482,31.953525838115912],[-106.37372230510988,31.953430328264048],[-106.37371683801241,31.953204546248163],[-106.37327952072482,31.953525838115912]]]},"properties":{"OBJECTID":11477,"PIDN":"M39599901302900","CITY_OWNED":" ","STATE_CD":"A1","LAND_ACRES":0.27689999999999998,"YR_BLT":"NULL","City_Taxes":" ","District_Key(String)":"R-5","Min_Lot_Area(Double - SqFt)":4500,"Min_Lot_Width(Double - Feet)":45,"Min_Lot_Depth":90,"Front_Setback(Double - Feet)":10,"Rear_Setback(Double - Feet)":10,"Side_Setback(Double - Feet)":5,"Max_Density_Factor(Double - SqFt/Unit)":4500,"Current_Area":11884.900902790867,"Lot_Width":139.7877781689167,"Lot_Depth":141.79039883613586,"Shape_Length":563.15635401010513,"Shape_Area":19820.564818987987,"Split_Area_Floor":9000,"Split_Width_Floor":90}},{"type":"Feature","id":11478,"geometry":{"type":"Polygon","coordinates":[[[-106.37084494349592,31.954291651487996],[-106.37130667600613,31.954004354235266],[-106.37086695988377,31.954003143539367],[-106.37084494349592,31.954291651487996]]]},"properties":{"OBJECTID":11478,"PIDN":"M39599901503900","CITY_OWNED":" ","STATE_CD":"A1","LAND_ACRES":0.22570000000000001,"YR_BLT":"2011","City_Taxes":" ","District_Key(String)":"R-5","Min_Lot_Area(Double - SqFt)":4500,"Min_Lot_Width(Double - Feet)":45,"Min_Lot_Depth":90,"Front_Setback(Double - Feet)":10,"Rear_Setback(Double - Feet)":10,"Side_Setback(Double - Feet)":5,"Max_Density_Factor(Double - SqFt/Unit)":4500,"Current_Area":9685.2164171127024,"Lot_Width":119.64903892576694,"Lot_Depth":148.67785224318504,"Shape_Length":536.65378233790398,"Shape_Area":17789.162130444274,"Split_Area_Floor":9000,"Split_Width_Floor":90}},{"type":"Feature","id":11479,"geometry":{"type":"Polygon","coordinates":[[[-106.37094478183052,31.954328905619345],[-106.37132716961308,31.95437902239539],[-106.37130667600613,31.954004354235266],[-106.37094478183052,31.954328905619345]]]},"properties":{"OBJECTID":11479,"PIDN":"M39599901503800","CITY_OWNED":" ","STATE_CD":"A1","LAND_ACRES":0.22409999999999999,"YR_BLT":"2011","City_Taxes":" ","District_Key(String)":"R-5","Min_Lot_Area(Double - SqFt)":4500,"Min_Lot_Width(Double - Feet)":45,"Min_Lot_Depth":90,"Front_Setback(Double - Feet)":10,"Rear_Setback(Double - Feet)":10,"Side_Setback(Double - Feet)":5,"Max_Density_Factor(Double - SqFt/Unit)":4500,"Current_Area":9618.4291349069499,"Lot_Width":118.49123282730579,"Lot_Depth":142.82779833674431,"Shape_Length":522.6380623281002,"Shape_Area":16923.841906930647,"Split_Area_Floor":9000,"Split_Width_Floor":90}},{"type":"Feature","id":11480,"geometry":{"type":"Polygon","coordinates":[[[-106.37132159737995,31.954277136360016],[-106.37173412640674,31.954320173169833],[-106.37153884025599,31.954000244896889],[-106.37132159737995,31.954277136360016]]]},"properties":{"OBJECTID":11480,"PIDN":"M39599901502000","CITY_OWNED":" ","STATE_CD":"A1","LAND_ACRES":0.28689999999999999,"YR_BLT":"2009","City_Taxes":" ","District_Key(String)":"R-5","Min_Lot_Area(Double - SqFt)":4500,"Min_Lot_Width(Double - Feet)":45,"Min_Lot_Depth":90,"Front_Setback(Double - Feet)":10,"Rear_Setback(Double - Feet)":10,"Side_Setback(Double - Feet)":5,"Max_Density_Factor(Double - SqFt/Unit)":4500,"Current_Area":12309.425907792158,"Lot_Width":126.9187094271183,"Lot_Depth":146.38717442750931,"Shape_Length":546.61176770925522,"Shape_Area":18579.271255021937,"Split_Area_Floor":9000,"Split_Width_Floor":90}},{"type":"Feature","id":11481,"geometry":{"type":"Polygon","coordinates":[[[-106.37151083602375,31.954864984048804],[-106.37165712376111,31.954486549291456],[-106.37131546639748,31.954589347510986],[-106.37151083602375,31.954864984048804]]]},"properties":{"OBJECTID":11481,"PIDN":"M39599901502200","CITY_OWNED":" ","STATE_CD":"A1","LAND_ACRES":0.23300000000000001,"YR_BLT":"2010","City_Taxes":" ","District_Key(String)":"R-5","Min_Lot_Area(Double - SqFt)":4500,"Min_Lot_Width(Double - Feet)":45,"Min_Lot_Depth":90,"Front_Setback(Double - Feet)":10,"Rear_Setback(Double - Feet)":10,"Side_Setback(Double - Feet)":5,"Max_Density_Factor(Double - SqFt/Unit)":4500,"Current_Area":9997.4374005206992,"Lot_Width":132.45544375479221,"Lot_Depth":138.00070825219154,"Shape_Length":540.91230401396751,"Shape_Area":18278.945050019647,"Split_Area_Floor":9000,"Split_Width_Floor":90}},{"type":"Feature","id":11482,"geometry":{"type":"Polygon","coordinates":[[[-106.37151996029228,31.954872788074052],[-106.37186204276317,31.954910065556064],[-106.37185385844576,31.954571820716758],[-106.37151996029228,31.954872788074052]]]},"properties":{"OBJECTID":11482,"PIDN":"M39599901502300","CITY_OWNED":" ","STATE_CD":"A1","LAND_ACRES":0.2417,"YR_BLT":"NULL","City_Taxes":" ","District_Key(String)":"R-5","Min_Lot_Area(Double - SqFt)":4500,"Min_Lot_Width(Double - Feet)":45,"Min_Lot_Depth":90,"Front_Setback(Double - Feet)":10,"Rear_Setback(Double - Feet)":10,"Side_Setback(Double - Feet)":5,"Max_Density_Factor(Double - SqFt/Unit)":4500,"Current_Area":10371.394789259351,"Lot_Width":109.35476817190647,"Lot_Depth":146.82746224105358,"Shape_Length":512.3644608259201,"Shape_Area":16056.283094639766,"Split_Area_Floor":9000,"Split_Width_Floor":90}},{"type":"Feature","id":11483,"geometry":{"type":"Polygon","coordinates":[[[-106.36212148350759,31.956261349452145],[-106.36282320252056,31.956262434943191],[-106.36279124694859,31.955714552380343],[-106.36212148350759,31.956261349452145]]]},"properties":{"OBJECTID":11483,"PIDN":"M39599900101100","CITY_OWNED":" ","STATE_CD":"A1","LAND_ACRES":0.1099,"YR_BLT":"2007","City_Taxes":" ","District_Key(String)":"R-5","Min_Lot_Area(Double - SqFt)":4500,"Min_Lot_Width(Double - Feet)":45,"Min_Lot_Depth":90,"Front_Setback(Double - Feet)":10,"Rear_Setback(Double - Feet)":10,"Side_Setback(Double - Feet)":5,"Max_Density_Factor(Double - SqFt/Unit)":4500,"Current_Area":15664.119249578265,"Lot_Width":210.3476764112711,"Lot_Depth":218.2121620029211,"Shape_Length":857.1196768283844,"Shape_Area":45900.421241994314,"Split_Area_Floor":9000,"Split_Width_Floor":90}},{"type":"Feature","id":11484,"geometry":{"type":"Polygon","coordinates":[[[-106.37146850126011,31.955890631487303],[-106.37179155860866,31.955840707464013],[-106.37168645757595,31.955556485098768],[-106.37146850126011,31.955890631487303]]]},"properties":{"OBJECTID":11484,"PIDN":"M39599901404000","CITY_OWNED":" ","STATE_CD":"A1","LAND_ACRES":0.2215,"YR_BLT":"2010","City_Taxes":" ","District_Key(String)":"R-5","Min_Lot_Area(Double - SqFt)":4500,"Min_Lot_Width(Double - Feet)":45,"Min_Lot_Depth":90,"Front_Setback(Double - Feet)":10,"Rear_Setback(Double - Feet)":10,"Side_Setback(Double - Feet)":5,"Max_Density_Factor(Double - SqFt/Unit)":4500,"Current_Area":9508.6037703852471,"Lot_Width":101.04080840945244,"Lot_Depth":151.20048499107361,"Shape_Length":504.48258680105209,"Shape_Area":15277.419235399357,"Split_Area_Floor":9000,"Split_Width_Floor":90}},{"type":"Feature","id":11485,"geometry":{"type":"Polygon","coordinates":[[[-106.36962065744571,31.956257412102911],[-106.36987081588723,31.955966485043067],[-106.36963056415647,31.955773373569027],[-106.36962065744571,31.956257412102911]]]},"properties":{"OBJECTID":11485,"PIDN":"M39599901102100","CITY_OWNED":" ","STATE_CD":"A1","LAND_ACRES":0.30109999999999998,"YR_BLT":"2008","City_Taxes":" ","District_Key(String)":"R-5","Min_Lot_Area(Double - SqFt)":4500,"Min_Lot_Width(Double - Feet)":45,"Min_Lot_Depth":90,"Front_Setback(Double - Feet)":10,"Rear_Setback(Double - Feet)":10,"Side_Setback(Double - Feet)":5,"Max_Density_Factor(Double - SqFt/Unit)":4500,"Current_Area":12921.852607540493,"Lot_Width":124.57028891146183,"Lot_Depth":177.58100967109203,"Shape_Length":604.30259716510773,"Shape_Area":22121.317679917032,"Split_Area_Floor":9000,"Split_Width_Floor":90}},{"type":"Feature","id":11486,"geometry":{"type":"Polygon","coordinates":[[[-106.37337775316726,31.955848264568477],[-106.37378915988069,31.956191115546357],[-106.37378031380348,31.955825801752137],[-106.37337775316726,31.955848264568477]]]},"properties":{"OBJECTID":11486,"PIDN":"M39599901301200","CITY_OWNED":" ","STATE_CD":"A1","LAND_ACRES":0.23830000000000001,"YR_BLT":"2010","City_Taxes":" ","District_Key(String)":"R-5","Min_Lot_Area(Double - SqFt)":4500,"Min_Lot_Width(Double - Feet)":45,"Min_Lot_Depth":90,"Front_Setback(Double - Feet)":10,"Rear_Setback(Double - Feet)":10,"Side_Setback(Double - Feet)":5,"Max_Density_Factor(Double - SqFt/Unit)":4500,"Current_Area":10228.24773846206,"Lot_Width":125.12212507426739,"Lot_Depth":163.34547382593155,"Shape_Length":576.93519780039787,"Shape_Area":20438.132806363676,"Split_Area_Floor":9000,"Split_Width_Floor":90}},{"type":"Feature","id":11487,"geometry":{"type":"Polygon","coordinates":[[[-106.37335997121767,31.956191900439578],[-106.37378915988069,31.956191115546357],[-106.37337775316726,31.955848264568477],[-106.37335997121767,31.956191900439578]]]},"properties":{"OBJECTID":11487,"PIDN":"M39599901301100","CITY_OWNED":" ","STATE_CD":"A1","LAND_ACRES":0.2387,"YR_BLT":"NULL","City_Taxes":" ","District_Key(String)":"R-5","Min_Lot_Area(Double - SqFt)":4500,"Min_Lot_Width(Double - Feet)":45,"Min_Lot_Depth":90,"Front_Setback(Double - Feet)":10,"Rear_Setback(Double - Feet)":10,"Side_Setback(Double - Feet)":5,"Max_Density_Factor(Double - SqFt/Unit)":4500,"Current_Area":10242.282251762708,"Lot_Width":131.47283416986465,"Lot_Depth":154.16767066717148,"Shape_Length":571.28100967407227,"Shape_Area":20268.860599979344,"Split_Area_Floor":9000,"Split_Width_Floor":90}},{"type":"Feature","id":11488,"geometry":{"type":"Polygon","coordinates":[[[-106.37081007094503,31.956292801397382],[-106.37139207505867,31.956187923010113],[-106.37125579813997,31.956078388175449],[-106.37081007094503,31.956292801397382]]]},"properties":{"OBJECTID":11488,"PIDN":"M39599901201600","CITY_OWNED":" ","STATE_CD":"A1","LAND_ACRES":0.217,"YR_BLT":"2009","City_Taxes":" ","District_Key(String)":"R-5","Min_Lot_Area(Double - SqFt)":4500,"Min_Lot_Width(Double - Feet)":45,"Min_Lot_Depth":90,"Front_Setback(Double - Feet)":10,"Rear_Setback(Double - Feet)":10,"Side_Setback(Double - Feet)":5,"Max_Density_Factor(Double - SqFt/Unit)":4500,"Current_Area":9316.8414038813498,"Lot_Width":92.935837760567665,"Lot_Depth":188.6521817445755,"Shape_Length":563.17603901028633,"Shape_Area":17532.548555790992,"Split_Area_Floor":9000,"Split_Width_Floor":90}},{"type":"Feature","id":11489,"geometry":{"type":"Polygon","coordinates":[[[-106.37221513676585,31.956490744780957],[-106.37275516836708,31.956317491820684],[-106.37268483868328,31.955921751577499],[-106.37221513676585,31.956490744780957]]]},"properties":{"OBJECTID":11489,"PIDN":"M39599901300500","CITY_OWNED":" ","STATE_CD":"A1","LAND_ACRES":0.24679999999999999,"YR_BLT":"2015","City_Taxes":" ","District_Key(String)":"R-5","Min_Lot_Area(Double - SqFt)":4500,"Min_Lot_Width(Double - Feet)":45,"Min_Lot_Depth":90,"Front_Setback(Double - Feet)":10,"Rear_Setback(Double - Feet)":10,"Side_Setback(Double - Feet)":5,"Max_Density_Factor(Double - SqFt/Unit)":4500,"Current_Area":10587.85031503209,"Lot_Width":172.09545633196831,"Lot_Depth":247.63664382696152,"Shape_Length":839.46420031785965,"Shape_Area":42617.141223918043,"Split_Area_Floor":9000,"Split_Width_Floor":90}},{"type":"Feature","id":11490,"geometry":{"type":"Polygon","coordinates":[[[-106.36282530146448,31.957085591132348],[-106.36312662772332,31.95708245600618],[-106.36328039195848,31.956774705782653],[-106.36282530146448,31.957085591132348]]]},"properties":{"OBJECTID":11490,"PIDN":"M39599900801010","CITY_OWNED":" ","STATE_CD":"A1","LAND_ACRES":0.2283,"YR_BLT":"2007","City_Taxes":" ","District_Key(String)":"R-5","Min_Lot_Area(Double - SqFt)":4500,"Min_Lot_Width(Double - Feet)":45,"Min_Lot_Depth":90,"Front_Setback(Double - Feet)":10,"Rear_Setback(Double - Feet)":10,"Side_Setback(Double - Feet)":5,"Max_Density_Factor(Double - SqFt/Unit)":4500,"Current_Area":10478.110494415383,"Lot_Width":130.95511865615845,"Lot_Depth":147.07450900971889,"Shape_Length":556.05925533175468,"Shape_Area":19260.159778663983,"Split_Area_Floor":9000,"Split_Width_Floor":90}},{"type":"Feature","id":11491,"geometry":{"type":"Polygon","coordinates":[[[-106.37237330581314,31.956617872698232],[-106.37279622026573,31.956425134235491],[-106.37272212891155,31.955913846363558],[-106.37237330581314,31.956617872698232]]]},"properties":{"OBJECTID":11491,"PIDN":"M39599901300600","CITY_OWNED":" ","STATE_CD":"A1","LAND_ACRES":0.24340000000000001,"YR_BLT":"2017","City_Taxes":" ","District_Key(String)":"R-5","Min_Lot_Area(Double - SqFt)":4500,"Min_Lot_Width(Double - Feet)":45,"Min_Lot_Depth":90,"Front_Setback(Double - Feet)":10,"Rear_Setback(Double - Feet)":10,"Side_Setback(Double - Feet)":5,"Max_Density_Factor(Double - SqFt/Unit)":4500,"Current_Area":10441.661791219098,"Lot_Width":137.55681149661541,"Lot_Depth":305.73954600095749,"Shape_Length":886.5927149951458,"Shape_Area":42056.557096314486,"Split_Area_Floor":9000,"Split_Width_Floor":90}},{"type":"Feature","id":11492,"geometry":{"type":"Polygon","coordinates":[[[-106.36664965317769,31.956648364356564],[-106.3666512052676,31.957057535160615],[-106.36703544876606,31.956728074732371],[-106.36664965317769,31.956648364356564]]]},"properties":{"OBJECTID":11492,"PIDN":"M39599900800310","CITY_OWNED":" ","STATE_CD":"A1","LAND_ACRES":0.2412,"YR_BLT":"2008","City_Taxes":" ","District_Key(String)":"R-5","Min_Lot_Area(Double - SqFt)":4500,"Min_Lot_Width(Double - Feet)":45,"Min_Lot_Depth":90,"Front_Setback(Double - Feet)":10,"Rear_Setback(Double - Feet)":10,"Side_Setback(Double - Feet)":5,"Max_Density_Factor(Double - SqFt/Unit)":4500,"Current_Area":10351.985022864381,"Lot_Width":125.50237366557121,"Lot_Depth":148.66604125499725,"Shape_Length":548.33682984113693,"Shape_Area":18657.941060965892,"Split_Area_Floor":9000,"Split_Width_Floor":90}},{"type":"Feature","id":11493,"geometry":{"type":"Polygon","coordinates":[[[-106.36626434454438,31.956729580030871],[-106.3666512052676,31.957057535160615],[-106.36664965317769,31.956648364356564],[-106.36626434454438,31.956729580030871]]]},"properties":{"OBJECTID":11493,"PIDN":"M39599900800800","CITY_OWNED":" ","STATE_CD":"A1","LAND_ACRES":0.2412,"YR_BLT":"2008","City_Taxes":" ","District_Key(String)":"R-5","Min_Lot_Area(Double - SqFt)":4500,"Min_Lot_Width(Double - Feet)":45,"Min_Lot_Depth":90,"Front_Setback(Double - Feet)":10,"Rear_Setback(Double - Feet)":10,"Side_Setback(Double - Feet)":5,"Max_Density_Factor(Double - SqFt/Unit)":4500,"Current_Area":10353.516708467396,"Lot_Width":120.93643791973591,"Lot_Depth":153.95343224704266,"Shape_Length":549.77974033355713,"Shape_Area":18618.579701474744,"Split_Area_Floor":9000,"Split_Width_Floor":90}},{"type":"Feature","id":11494,"geometry":{"type":"Polygon","coordinates":[[[-106.36623105068801,31.957058412028776],[-106.3666512052676,31.957057535160615],[-106.36626434454438,31.956729580030871],[-106.36623105068801,31.957058412028776]]]},"properties":{"OBJECTID":11494,"PIDN":"M39599900800810","CITY_OWNED":" ","STATE_CD":"A1","LAND_ACRES":0.22470000000000001,"YR_BLT":"NULL","City_Taxes":" ","District_Key(String)":"R-5","Min_Lot_Area(Double - SqFt)":4500,"Min_Lot_Width(Double - Feet)":45,"Min_Lot_Depth":90,"Front_Setback(Double - Feet)":10,"Rear_Setback(Double - Feet)":10,"Side_Setback(Double - Feet)":5,"Max_Density_Factor(Double - SqFt/Unit)":4500,"Current_Area":9642.9053796886419,"Lot_Width":125.64115291833878,"Lot_Depth":147.94294558465481,"Shape_Length":547.16819700598717,"Shape_Area":18587.722249391089,"Split_Area_Floor":9000,"Split_Width_Floor":90}},{"type":"Feature","id":11495,"geometry":{"type":"Polygon","coordinates":[[[-106.3666512052676,31.957057535160615],[-106.36706297004771,31.957056674100297],[-106.36714118264058,31.956778362992118],[-106.3666512052676,31.957057535160615]]]},"properties":{"OBJECTID":11495,"PIDN":"M39599900800300","CITY_OWNED":" ","STATE_CD":"A1","LAND_ACRES":0.2203,"YR_BLT":"NULL","City_Taxes":" ","District_Key(String)":"R-5","Min_Lot_Area(Double - SqFt)":4500,"Min_Lot_Width(Double - Feet)":45,"Min_Lot_Depth":90,"Front_Setback(Double - Feet)":10,"Rear_Setback(Double - Feet)":10,"Side_Setback(Double - Feet)":5,"Max_Density_Factor(Double - SqFt/Unit)":4500,"Current_Area":9456.6582487092001,"Lot_Width":119.8334217518568,"Lot_Depth":157.25755949318409,"Shape_Length":554.18196249008179,"Shape_Area":18844.711450414441,"Split_Area_Floor":9000,"Split_Width_Floor":90}},{"type":"Feature","id":11496,"geometry":{"type":"Polygon","coordinates":[[[-106.37273870857986,31.956911561691854],[-106.37275962632772,31.955906798552853],[-106.37255419307976,31.956763258802773],[-106.37273870857986,31.956911561691854]]]},"properties":{"OBJECTID":11496,"PIDN":"M39599901300700","CITY_OWNED":" ","STATE_CD":"A1","LAND_ACRES":0.28799999999999998,"YR_BLT":"2017","City_Taxes":" ","District_Key(String)":"R-5","Min_Lot_Area(Double - SqFt)":4500,"Min_Lot_Width(Double - Feet)":45,"Min_Lot_Depth":90,"Front_Setback(Double - Feet)":10,"Rear_Setback(Double - Feet)":10,"Side_Setback(Double - Feet)":5,"Max_Density_Factor(Double - SqFt/Unit)":4500,"Current_Area":12354.96167976745,"Lot_Width":96.342326998710632,"Lot_Depth":398.63568566739559,"Shape_Length":989.95602533221245,"Shape_Area":38405.489581923452,"Split_Area_Floor":9000,"Split_Width_Floor":90}},{"type":"Feature","id":11497,"geometry":{"type":"Polygon","coordinates":[[[-106.37173858872796,31.95705160145971],[-106.37201579413305,31.957051010896549],[-106.37164562061875,31.956595835828701],[-106.37173858872796,31.95705160145971]]]},"properties":{"OBJECTID":11497,"PIDN":"M39599900800020","CITY_OWNED":" ","STATE_CD":"A1","LAND_ACRES":0.25309999999999999,"YR_BLT":"2011","City_Taxes":" ","District_Key(String)":"R-5","Min_Lot_Area(Double - SqFt)":4500,"Min_Lot_Width(Double - Feet)":45,"Min_Lot_Depth":90,"Front_Setback(Double - Feet)":10,"Rear_Setback(Double - Feet)":10,"Side_Setback(Double - Feet)":5,"Max_Density_Factor(Double - SqFt/Unit)":4500,"Current_Area":10865.923812008074,"Lot_Width":148.00495333969593,"Lot_Depth":171.58102166652679,"Shape_Length":639.17195001244545,"Shape_Area":25394.841105731655,"Split_Area_Floor":9000,"Split_Width_Floor":90}},{"type":"Feature","id":11498,"geometry":{"type":"Polygon","coordinates":[[[-106.37233183334722,31.95705033749125],[-106.37164562061875,31.956595835828701],[-106.37201579413305,31.957051010896549],[-106.37233183334722,31.95705033749125]]]},"properties":{"OBJECTID":11498,"PIDN":"M39599900800010","CITY_OWNED":" ","STATE_CD":"A1","LAND_ACRES":0.44400000000000001,"YR_BLT":"2011","City_Taxes":" ","District_Key(String)":"R-5","Min_Lot_Area(Double - SqFt)":4500,"Min_Lot_Width(Double - Feet)":45,"Min_Lot_Depth":90,"Front_Setback(Double - Feet)":10,"Rear_Setback(Double - Feet)":10,"Side_Setback(Double - Feet)":5,"Max_Density_Factor(Double - SqFt/Unit)":4500,"Current_Area":19050.290373331671,"Lot_Width":201.6413290053606,"Lot_Depth":243.57661259174347,"Shape_Length":890.43588319420815,"Shape_Area":49115.111877623007,"Split_Area_Floor":9000,"Split_Width_Floor":90}},{"type":"Feature","id":11499,"geometry":{"type":"Polygon","coordinates":[[[-106.36561830309589,31.957788081582617],[-106.36602124497841,31.957823247404747],[-106.36568995005356,31.957495437476407],[-106.36561830309589,31.957788081582617]]]},"properties":{"OBJECTID":11499,"PIDN":"M39599902801060","CITY_OWNED":" ","STATE_CD":"A1","LAND_ACRES":0.22689999999999999,"YR_BLT":"2015","City_Taxes":" ","District_Key(String)":"R-5","Min_Lot_Area(Double - SqFt)":4500,"Min_Lot_Width(Double - Feet)":45,"Min_Lot_Depth":90,"Front_Setback(Double - Feet)":10,"Rear_Setback(Double - Feet)":10,"Side_Setback(Double - Feet)":5,"Max_Density_Factor(Double - SqFt/Unit)":4500,"Current_Area":9901.2561097062371,"Lot_Width":124.10112974047661,"Lot_Depth":152.66701750457287,"Shape_Length":553.53629449009895,"Shape_Area":18946.14934642661,"Split_Area_Floor":9000,"Split_Width_Floor":90}},{"type":"Feature","id":11500,"geometry":{"type":"Polygon","coordinates":[[[-106.37309881430276,31.95819685792268],[-106.3734873930279,31.95807643694063],[-106.3733762329763,31.957920374763031],[-106.37309881430276,31.95819685792268]]]},"properties":{"OBJECTID":11500,"PIDN":"M39599902800350","CITY_OWNED":" ","STATE_CD":"A1","LAND_ACRES":0.2271,"YR_BLT":"2012","City_Taxes":" ","District_Key(String)":"R-5","Min_Lot_Area(Double - SqFt)":4500,"Min_Lot_Width(Double - Feet)":45,"Min_Lot_Depth":90,"Front_Setback(Double - Feet)":10,"Rear_Setback(Double - Feet)":10,"Side_Setback(Double - Feet)":5,"Max_Density_Factor(Double - SqFt/Unit)":4500,"Current_Area":9876.5723349181862,"Lot_Width":121.34719824790955,"Lot_Depth":122.72285167872906,"Shape_Length":488.14009985327721,"Shape_Area":14892.074212207533,"Split_Area_Floor":9000,"Split_Width_Floor":90}},{"type":"Feature","id":11501,"geometry":{"type":"Polygon","coordinates":[[[-106.37321543094431,31.958412993520948],[-106.37376814357411,31.95858152836194],[-106.37364095885854,31.958327313470047],[-106.37321543094431,31.958412993520948]]]},"properties":{"OBJECTID":11501,"PIDN":"M39599902800330","CITY_OWNED":" ","STATE_CD":"A1","LAND_ACRES":0.27350000000000002,"YR_BLT":"2012","City_Taxes":" ","District_Key(String)":"R-5","Min_Lot_Area(Double - SqFt)":4500,"Min_Lot_Width(Double - Feet)":45,"Min_Lot_Depth":90,"Front_Setback(Double - Feet)":10,"Rear_Setback(Double - Feet)":10,"Side_Setback(Double - Feet)":5,"Max_Density_Factor(Double - SqFt/Unit)":4500,"Current_Area":11901.208242782455,"Lot_Width":114.76387809216976,"Lot_Depth":167.85038608312607,"Shape_Length":565.22852835059166,"Shape_Area":19263.161246167507,"Split_Area_Floor":9000,"Split_Width_Floor":90}},{"type":"Feature","id":11502,"geometry":{"type":"Polygon","coordinates":[[[-106.36685747511423,31.959224620040384],[-106.3673066649981,31.958976209135521],[-106.36689610337586,31.958948552573798],[-106.36685747511423,31.959224620040384]]]},"properties":{"OBJECTID":11502,"PIDN":"M39599903103000","CITY_OWNED":" ","STATE_CD":"A1","LAND_ACRES":0.216,"YR_BLT":"2015","City_Taxes":" ","District_Key(String)":"R-5","Min_Lot_Area(Double - SqFt)":4500,"Min_Lot_Width(Double - Feet)":45,"Min_Lot_Depth":90,"Front_Setback(Double - Feet)":10,"Rear_Setback(Double - Feet)":10,"Side_Setback(Double - Feet)":5,"Max_Density_Factor(Double - SqFt/Unit)":4500,"Current_Area":9421.7805920156297,"Lot_Width":117.44005383551121,"Lot_Depth":144.0154599994421,"Shape_Length":522.91102766990662,"Shape_Area":16913.183375480392,"Split_Area_Floor":9000,"Split_Width_Floor":90}},{"type":"Feature","id":11503,"geometry":{"type":"Polygon","coordinates":[[[-106.37342733618186,31.958964228747639],[-106.37376814357411,31.95858152836194],[-106.37340798556757,31.958678358158789],[-106.37342733618186,31.958964228747639]]]},"properties":{"OBJECTID":11503,"PIDN":"M39599902800120","CITY_OWNED":" ","STATE_CD":"A1","LAND_ACRES":0.22090000000000001,"YR_BLT":"2012","City_Taxes":" ","District_Key(String)":"R-5","Min_Lot_Area(Double - SqFt)":4500,"Min_Lot_Width(Double - Feet)":45,"Min_Lot_Depth":90,"Front_Setback(Double - Feet)":10,"Rear_Setback(Double - Feet)":10,"Side_Setback(Double - Feet)":5,"Max_Density_Factor(Double - SqFt/Unit)":4500,"Current_Area":9622.0584642504709,"Lot_Width":119.52764809131622,"Lot_Depth":142.83304767310619,"Shape_Length":524.72139152884483,"Shape_Area":17072.498258081232,"Split_Area_Floor":9000,"Split_Width_Floor":90}},{"type":"Feature","id":11504,"geometry":{"type":"Polygon","coordinates":[[[-106.3729021648569,31.958985091414213],[-106.37333410959982,31.958995370793083],[-106.3731061359215,31.958759510796554],[-106.3729021648569,31.958985091414213]]]},"properties":{"OBJECTID":11504,"PIDN":"M39599902800140","CITY_OWNED":" ","STATE_CD":"A1","LAND_ACRES":0.2303,"YR_BLT":"2012","City_Taxes":" ","District_Key(String)":"R-5","Min_Lot_Area(Double - SqFt)":4500,"Min_Lot_Width(Double - Feet)":45,"Min_Lot_Depth":90,"Front_Setback(Double - Feet)":10,"Rear_Setback(Double - Feet)":10,"Side_Setback(Double - Feet)":5,"Max_Density_Factor(Double - SqFt/Unit)":4500,"Current_Area":10035.516258522952,"Lot_Width":114.79209324717522,"Lot_Depth":137.20773084461689,"Shape_Length":503.99964818358421,"Shape_Area":15750.362633348581,"Split_Area_Floor":9000,"Split_Width_Floor":90}},{"type":"Feature","id":11505,"geometry":{"type":"Polygon","coordinates":[[[-106.3693245675682,31.959326606519458],[-106.36946502686312,31.958966886731844],[-106.36913391670384,31.959086803647853],[-106.3693245675682,31.959326606519458]]]},"properties":{"OBJECTID":11505,"PIDN":"M39599902904000","CITY_OWNED":" ","STATE_CD":"A1","LAND_ACRES":0.25519999999999998,"YR_BLT":"2012","City_Taxes":" ","District_Key(String)":"R-5","Min_Lot_Area(Double - SqFt)":4500,"Min_Lot_Width(Double - Feet)":45,"Min_Lot_Depth":90,"Front_Setback(Double - Feet)":10,"Rear_Setback(Double - Feet)":10,"Side_Setback(Double - Feet)":5,"Max_Density_Factor(Double - SqFt/Unit)":4500,"Current_Area":11117.135475999046,"Lot_Width":128.65820723772049,"Lot_Depth":129.31142117083073,"Shape_Length":515.93925681710243,"Shape_Area":16636.975623200895,"Split_Area_Floor":9000,"Split_Width_Floor":90}},{"type":"Feature","id":11506,"geometry":{"type":"Polygon","coordinates":[[[-106.36995545542891,31.959319781657793],[-106.37010127344688,31.959085152055948],[-106.36976235700011,31.958965670067016],[-106.36995545542891,31.959319781657793]]]},"properties":{"OBJECTID":11506,"PIDN":"M39599902904200","CITY_OWNED":" ","STATE_CD":"A1","LAND_ACRES":0.27600000000000002,"YR_BLT":"2012","City_Taxes":" ","District_Key(String)":"R-5","Min_Lot_Area(Double - SqFt)":4500,"Min_Lot_Width(Double - Feet)":45,"Min_Lot_Depth":90,"Front_Setback(Double - Feet)":10,"Rear_Setback(Double - Feet)":10,"Side_Setback(Double - Feet)":5,"Max_Density_Factor(Double - SqFt/Unit)":4500,"Current_Area":12023.507298494766,"Lot_Width":125.46759682893753,"Lot_Depth":134.21364232897758,"Shape_Length":519.36247831583023,"Shape_Area":16839.463164675384,"Split_Area_Floor":9000,"Split_Width_Floor":90}},{"type":"Feature","id":11507,"geometry":{"type":"Polygon","coordinates":[[[-106.36774384983283,31.959309546404764],[-106.36757359642218,31.95968043766381],[-106.36798185397063,31.959568780943854],[-106.36774384983283,31.959309546404764]]]},"properties":{"OBJECTID":11507,"PIDN":"M39599903104800","CITY_OWNED":" ","STATE_CD":"A1","LAND_ACRES":0.20899999999999999,"YR_BLT":"2015","City_Taxes":" ","District_Key(String)":"R-5","Min_Lot_Area(Double - SqFt)":4500,"Min_Lot_Width(Double - Feet)":45,"Min_Lot_Depth":90,"Front_Setback(Double - Feet)":10,"Rear_Setback(Double - Feet)":10,"Side_Setback(Double - Feet)":5,"Max_Density_Factor(Double - SqFt/Unit)":4500,"Current_Area":9116.0813599879839,"Lot_Width":128.64081883430481,"Lot_Depth":131.87112732231617,"Shape_Length":521.02389231324196,"Shape_Area":16964.009799345618,"Split_Area_Floor":9000,"Split_Width_Floor":90}},{"type":"Feature","id":11508,"geometry":{"type":"Polygon","coordinates":[[[-106.36734615462321,31.959368986421786],[-106.36757359642218,31.95968043766381],[-106.36774384983283,31.959309546404764],[-106.36734615462321,31.959368986421786]]]},"properties":{"OBJECTID":11508,"PIDN":"M39599903104700","CITY_OWNED":" ","STATE_CD":"A1","LAND_ACRES":0.28410000000000002,"YR_BLT":"2015","City_Taxes":" ","District_Key(String)":"R-5","Min_Lot_Area(Double - SqFt)":4500,"Min_Lot_Width(Double - Feet)":45,"Min_Lot_Depth":90,"Front_Setback(Double - Feet)":10,"Rear_Setback(Double - Feet)":10,"Side_Setback(Double - Feet)":5,"Max_Density_Factor(Double - SqFt/Unit)":4500,"Current_Area":12392.360736840477,"Lot_Width":124.33997441828251,"Lot_Depth":169.5121281594038,"Shape_Length":587.70420515537262,"Shape_Area":21077.133678928894,"Split_Area_Floor":9000,"Split_Width_Floor":90}},{"type":"Feature","id":11509,"geometry":{"type":"Polygon","coordinates":[[[-106.3669617571033,31.959449720667433],[-106.3674360873469,31.959718045177819],[-106.36734220026101,31.959353636438511],[-106.3669617571033,31.959449720667433]]]},"properties":{"OBJECTID":11509,"PIDN":"M39599903102800","CITY_OWNED":" ","STATE_CD":"A1","LAND_ACRES":0.2656,"YR_BLT":"2016","City_Taxes":" ","District_Key(String)":"R-5","Min_Lot_Area(Double - SqFt)":4500,"Min_Lot_Width(Double - Feet)":45,"Min_Lot_Depth":90,"Front_Setback(Double - Feet)":10,"Rear_Setback(Double - Feet)":10,"Side_Setback(Double - Feet)":5,"Max_Density_Factor(Double - SqFt/Unit)":4500,"Current_Area":11583.644465923853,"Lot_Width":140.02498242259026,"Lot_Depth":141.60896874964237,"Shape_Length":563.26790234446526,"Shape_Area":19828.793360049807,"Split_Area_Floor":9000,"Split_Width_Floor":90}},{"type":"Feature","id":11510,"geometry":{"type":"Polygon","coordinates":[[[-106.36691334199823,31.959773587945357],[-106.367349494151,31.959728013325641],[-106.3669617571033,31.959449720667433],[-106.36691334199823,31.959773587945357]]]},"properties":{"OBJECTID":11510,"PIDN":"M39599903102700","CITY_OWNED":" ","STATE_CD":"A1","LAND_ACRES":0.21890000000000001,"YR_BLT":"2015","City_Taxes":" ","District_Key(String)":"R-5","Min_Lot_Area(Double - SqFt)":4500,"Min_Lot_Width(Double - Feet)":45,"Min_Lot_Depth":90,"Front_Setback(Double - Feet)":10,"Rear_Setback(Double - Feet)":10,"Side_Setback(Double - Feet)":5,"Max_Density_Factor(Double - SqFt/Unit)":4500,"Current_Area":9550.33773670751,"Lot_Width":117.50238966941833,"Lot_Depth":146.09091517329216,"Shape_Length":527.18660968542099,"Shape_Area":17166.031641854115,"Split_Area_Floor":9000,"Split_Width_Floor":90}},{"type":"Feature","id":11511,"geometry":{"type":"Polygon","coordinates":[[[-106.36833848064862,31.961825418366296],[-106.36882706035382,31.961917595810707],[-106.36870339447469,31.961659673683279],[-106.36833848064862,31.961825418366296]]]},"properties":{"OBJECTID":11511,"PIDN":"M39599904403000","CITY_OWNED":" ","STATE_CD":"A1","LAND_ACRES":0.21690000000000001,"YR_BLT":"2015","City_Taxes":" ","District_Key(String)":"R-5","Min_Lot_Area(Double - SqFt)":4500,"Min_Lot_Width(Double - Feet)":45,"Min_Lot_Depth":90,"Front_Setback(Double - Feet)":10,"Rear_Setback(Double - Feet)":10,"Side_Setback(Double - Feet)":5,"Max_Density_Factor(Double - SqFt/Unit)":4500,"Current_Area":9460.523759004971,"Lot_Width":119.39641474187374,"Lot_Depth":151.25429065525532,"Shape_Length":541.30141079425812,"Shape_Area":18059.220018562781,"Split_Area_Floor":9000,"Split_Width_Floor":90}},{"type":"Feature","id":11512,"geometry":{"type":"Polygon","coordinates":[[[-106.36894441248893,31.96191602783999],[-106.36937027118853,31.961836393934437],[-106.36936424856778,31.96153988171293],[-106.36894441248893,31.96191602783999]]]},"properties":{"OBJECTID":11512,"PIDN":"M39599904402800","CITY_OWNED":" ","STATE_CD":"A1","LAND_ACRES":0.31769999999999998,"YR_BLT":"2015","City_Taxes":" ","District_Key(String)":"R-5","Min_Lot_Area(Double - SqFt)":4500,"Min_Lot_Width(Double - Feet)":45,"Min_Lot_Depth":90,"Front_Setback(Double - Feet)":10,"Rear_Setback(Double - Feet)":10,"Side_Setback(Double - Feet)":5,"Max_Density_Factor(Double - SqFt/Unit)":4500,"Current_Area":13855.232859605392,"Lot_Width":137.44263850152493,"Lot_Depth":155.26707790791988,"Shape_Length":585.41943281888962,"Shape_Area":21340.316860086339,"Split_Area_Floor":9000,"Split_Width_Floor":90}},{"type":"Feature","id":11513,"geometry":{"type":"Polygon","coordinates":[[[-106.36657452946019,31.962153226181556],[-106.36701368010243,31.962245252377762],[-106.36688901676659,31.961965922796765],[-106.36657452946019,31.962153226181556]]]},"properties":{"OBJECTID":11513,"PIDN":"M39599904302400","CITY_OWNED":" ","STATE_CD":"A1","LAND_ACRES":0.2671,"YR_BLT":"2015","City_Taxes":" ","District_Key(String)":"R-5","Min_Lot_Area(Double - SqFt)":4500,"Min_Lot_Width(Double - Feet)":45,"Min_Lot_Depth":90,"Front_Setback(Double - Feet)":10,"Rear_Setback(Double - Feet)":10,"Side_Setback(Double - Feet)":5,"Max_Density_Factor(Double - SqFt/Unit)":4500,"Current_Area":11650.765636484097,"Lot_Width":132.21659907698631,"Lot_Depth":134.18739566206932,"Shape_Length":532.80798947811127,"Shape_Area":17741.801093436752,"Split_Area_Floor":9000,"Split_Width_Floor":90}},{"type":"Feature","id":11514,"geometry":{"type":"Polygon","coordinates":[[[-106.36712836354853,31.962245241049626],[-106.36753888113088,31.962165844692475],[-106.36750460329046,31.961952548594997],[-106.36712836354853,31.962245241049626]]]},"properties":{"OBJECTID":11514,"PIDN":"M39599904302200","CITY_OWNED":" ","STATE_CD":"A1","LAND_ACRES":0.25019999999999998,"YR_BLT":"2015","City_Taxes":" ","District_Key(String)":"R-5","Min_Lot_Area(Double - SqFt)":4500,"Min_Lot_Width(Double - Feet)":45,"Min_Lot_Depth":90,"Front_Setback(Double - Feet)":10,"Rear_Setback(Double - Feet)":10,"Side_Setback(Double - Feet)":5,"Max_Density_Factor(Double - SqFt/Unit)":4500,"Current_Area":10915.425389284497,"Lot_Width":127.90066283941269,"Lot_Depth":128.70085808634758,"Shape_Length":513.20304185152054,"Shape_Area":16460.925057245044,"Split_Area_Floor":9000,"Split_Width_Floor":90}},{"type":"Feature","id":11515,"geometry":{"type":"Polygon","coordinates":[[[-106.372180027811,31.962198474606179],[-106.37256776845967,31.961930433356358],[-106.37217956807503,31.961906955289528],[-106.372180027811,31.962198474606179]]]},"properties":{"OBJECTID":11515,"PIDN":"M39599903701100","CITY_OWNED":" ","STATE_CD":"A1","LAND_ACRES":0.2455,"YR_BLT":"2015","City_Taxes":" ","District_Key(String)":"R-5","Min_Lot_Area(Double - SqFt)":4500,"Min_Lot_Width(Double - Feet)":45,"Min_Lot_Depth":90,"Front_Setback(Double - Feet)":10,"Rear_Setback(Double - Feet)":10,"Side_Setback(Double - Feet)":5,"Max_Density_Factor(Double - SqFt/Unit)":4500,"Current_Area":10685.478194729109,"Lot_Width":108.15398317575455,"Lot_Depth":136.45510767400265,"Shape_Length":489.21818169951439,"Shape_Area":14758.163419619857,"Split_Area_Floor":9000,"Split_Width_Floor":90}},{"type":"Feature","id":11516,"geometry":{"type":"Polygon","coordinates":[[[-106.37278926233455,31.962061571384933],[-106.37291556535504,31.962384588877285],[-106.37323089965213,31.962361094705273],[-106.37278926233455,31.962061571384933]]]},"properties":{"OBJECTID":11516,"PIDN":"M39599903701400","CITY_OWNED":" ","STATE_CD":"A1","LAND_ACRES":0.25390000000000001,"YR_BLT":"2015","City_Taxes":" ","District_Key(String)":"R-5","Min_Lot_Area(Double - SqFt)":4500,"Min_Lot_Width(Double - Feet)":45,"Min_Lot_Depth":90,"Front_Setback(Double - Feet)":10,"Rear_Setback(Double - Feet)":10,"Side_Setback(Double - Feet)":5,"Max_Density_Factor(Double - SqFt/Unit)":4500,"Current_Area":11075.282979376885,"Lot_Width":132.61489224433899,"Lot_Depth":136.3842416703701,"Shape_Length":537.99826782941818,"Shape_Area":18086.581512942019,"Split_Area_Floor":9000,"Split_Width_Floor":90}},{"type":"Feature","id":11517,"geometry":{"type":"Polygon","coordinates":[[[-106.37172209814345,31.9624446992968],[-106.3721464972685,31.962507695782982],[-106.37195378375449,31.962198733478903],[-106.37172209814345,31.9624446992968]]]},"properties":{"OBJECTID":11517,"PIDN":"M39599903702900","CITY_OWNED":" ","STATE_CD":"A1","LAND_ACRES":0.26879999999999998,"YR_BLT":"2015","City_Taxes":" ","District_Key(String)":"R-5","Min_Lot_Area(Double - SqFt)":4500,"Min_Lot_Width(Double - Feet)":45,"Min_Lot_Depth":90,"Front_Setback(Double - Feet)":10,"Rear_Setback(Double - Feet)":10,"Side_Setback(Double - Feet)":5,"Max_Density_Factor(Double - SqFt/Unit)":4500,"Current_Area":11724.768370593494,"Lot_Width":130.1897002607584,"Lot_Depth":142.3432192504406,"Shape_Length":545.06583902239799,"Shape_Area":18531.621048366276,"Split_Area_Floor":9000,"Split_Width_Floor":90}},{"type":"Feature","id":11518,"geometry":{"type":"Polygon","coordinates":[[[-106.37404166529655,31.963844911737556],[-106.37411677259165,31.963569784978457],[-106.37375818613215,31.963448614060486],[-106.37404166529655,31.963844911737556]]]},"properties":{"OBJECTID":11518,"PIDN":"M39599903800600","CITY_OWNED":" ","STATE_CD":"A1","LAND_ACRES":0.24010000000000001,"YR_BLT":"2016","City_Taxes":" ","District_Key(String)":"R-5","Min_Lot_Area(Double - SqFt)":4500,"Min_Lot_Width(Double - Feet)":45,"Min_Lot_Depth":90,"Front_Setback(Double - Feet)":10,"Rear_Setback(Double - Feet)":10,"Side_Setback(Double - Feet)":5,"Max_Density_Factor(Double - SqFt/Unit)":4500,"Current_Area":10471.658857406832,"Lot_Width":130.35046108067036,"Lot_Depth":148.73526683449745,"Shape_Length":558.17145583033562,"Shape_Area":19387.710610833281,"Split_Area_Floor":9000,"Split_Width_Floor":90}},{"type":"Feature","id":11519,"geometry":{"type":"Polygon","coordinates":[[[-106.3723202350413,31.963772797516665],[-106.37274792286966,31.963923494321083],[-106.37264462012277,31.963640513898302],[-106.3723202350413,31.963772797516665]]]},"properties":{"OBJECTID":11519,"PIDN":"M39599902802110","CITY_OWNED":" ","STATE_CD":"A1","LAND_ACRES":0.21959999999999999,"YR_BLT":"2017","City_Taxes":" ","District_Key(String)":"R-5","Min_Lot_Area(Double - SqFt)":4500,"Min_Lot_Width(Double - Feet)":45,"Min_Lot_Depth":90,"Front_Setback(Double - Feet)":10,"Rear_Setback(Double - Feet)":10,"Side_Setback(Double - Feet)":5,"Max_Density_Factor(Double - SqFt/Unit)":4500,"Current_Area":9558.1190309086778,"Lot_Width":120.24385400116444,"Lot_Depth":131.65426424145699,"Shape_Length":503.79623648524284,"Shape_Area":15830.616128080477,"Split_Area_Floor":9000,"Split_Width_Floor":90}},{"type":"Feature","id":11520,"geometry":{"type":"Polygon","coordinates":[[[-106.37059822133043,31.964316532827386],[-106.37074726524594,31.96431647510768],[-106.37074710863675,31.964024955776118],[-106.37059822133043,31.964316532827386]]]},"properties":{"OBJECTID":11520,"PIDN":"M39599902801800","CITY_OWNED":" ","STATE_CD":"A1","LAND_ACRES":0.1124,"YR_BLT":"2015","City_Taxes":" ","District_Key(String)":"R-5","Min_Lot_Area(Double - SqFt)":4500,"Min_Lot_Width(Double - Feet)":45,"Min_Lot_Depth":90,"Front_Setback(Double - Feet)":10,"Rear_Setback(Double - Feet)":10,"Side_Setback(Double - Feet)":5,"Max_Density_Factor(Double - SqFt/Unit)":4500,"Current_Area":4902.4587049198299,"Lot_Width":51.862757161259651,"Lot_Depth":108.38987508416176,"Shape_Length":320.50526449084282,"Shape_Area":5621.3977702291495,"Split_Area_Floor":9000,"Split_Width_Floor":90}},{"type":"Feature","id":11521,"geometry":{"type":"Polygon","coordinates":[[[-106.37059822133043,31.964316532827386],[-106.37074726524594,31.96431647510768],[-106.37074710863675,31.964024955776118],[-106.37059822133043,31.964316532827386]]]},"properties":{"OBJECTID":11521,"PIDN":"M39599902801800","CITY_OWNED":" ","STATE_CD":"A1","LAND_ACRES":0.1124,"YR_BLT":"2015","City_Taxes":" ","District_Key(String)":"R-5","Min_Lot_Area(Double - SqFt)":4500,"Min_Lot_Width(Double - Feet)":45,"Min_Lot_Depth":90,"Front_Setback(Double - Feet)":10,"Rear_Setback(Double - Feet)":10,"Side_Setback(Double - Feet)":5,"Max_Density_Factor(Double - SqFt/Unit)":4500,"Current_Area":4902.4587049198299,"Lot_Width":313.64635434746742,"Lot_Depth":881.52612408995628,"Shape_Length":2390.3449568748474,"Shape_Area":276487.45508286799,"Split_Area_Floor":87120,"Split_Width_Floor":250}},{"type":"Feature","id":11522,"geometry":{"type":"Polygon","coordinates":[[[-106.37215083647328,31.963838553920837],[-106.37204329780734,31.964321133516705],[-106.37238937001527,31.964093685115799],[-106.37215083647328,31.963838553920837]]]},"properties":{"OBJECTID":11522,"PIDN":"M39599902802090","CITY_OWNED":" ","STATE_CD":"A1","LAND_ACRES":0.21149999999999999,"YR_BLT":"2016","City_Taxes":" ","District_Key(String)":"R-5","Min_Lot_Area(Double - SqFt)":4500,"Min_Lot_Width(Double - Feet)":45,"Min_Lot_Depth":90,"Front_Setback(Double - Feet)":10,"Rear_Setback(Double - Feet)":10,"Side_Setback(Double - Feet)":5,"Max_Density_Factor(Double - SqFt/Unit)":4500,"Current_Area":9234.9313687702161,"Lot_Width":111.66381865739822,"Lot_Depth":175.47963592410088,"Shape_Length":574.2869091629982,"Shape_Area":19594.726243895064,"Split_Area_Floor":9000,"Split_Width_Floor":90}},{"type":"Feature","id":11523,"geometry":{"type":"Polygon","coordinates":[[[-106.37197234467193,31.964274603295934],[-106.37206492100971,31.96379899275955],[-106.37174902715718,31.964059100607258],[-106.37197234467193,31.964274603295934]]]},"properties":{"OBJECTID":11523,"PIDN":"M39599902802080","CITY_OWNED":" ","STATE_CD":"A1","LAND_ACRES":0.2722,"YR_BLT":"2015","City_Taxes":" ","District_Key(String)":"R-5","Min_Lot_Area(Double - SqFt)":4500,"Min_Lot_Width(Double - Feet)":45,"Min_Lot_Depth":90,"Front_Setback(Double - Feet)":10,"Rear_Setback(Double - Feet)":10,"Side_Setback(Double - Feet)":5,"Max_Density_Factor(Double - SqFt/Unit)":4500,"Current_Area":11871.01663659212,"Lot_Width":128.78878442943096,"Lot_Depth":192.59344683587551,"Shape_Length":642.76446253061295,"Shape_Area":24803.875907066642,"Split_Area_Floor":9000,"Split_Width_Floor":90}},{"type":"Feature","id":11524,"geometry":{"type":"Polygon","coordinates":[[[-106.37142394893591,31.964366885022056],[-106.37177504500197,31.964523152906775],[-106.37203052730672,31.964330750116812],[-106.37142394893591,31.964366885022056]]]},"properties":{"OBJECTID":11524,"PIDN":"M39599902802020","CITY_OWNED":" ","STATE_CD":"A1","LAND_ACRES":0.247,"YR_BLT":"2016","City_Taxes":" ","District_Key(String)":"R-5","Min_Lot_Area(Double - SqFt)":4500,"Min_Lot_Width(Double - Feet)":45,"Min_Lot_Depth":90,"Front_Setback(Double - Feet)":10,"Rear_Setback(Double - Feet)":10,"Side_Setback(Double - Feet)":5,"Max_Density_Factor(Double - SqFt/Unit)":4500,"Current_Area":10774.704785461761,"Lot_Width":95.692065834999084,"Lot_Depth":188.56228692829609,"Shape_Length":568.50870552659035,"Shape_Area":18043.914774740497,"Split_Area_Floor":9000,"Split_Width_Floor":90}},{"type":"Feature","id":13830,"geometry":{"type":"Polygon","coordinates":[[[-106.40861125559191,31.894043214739732],[-106.40872526272005,31.894435769731285],[-106.40899727074968,31.894028465489761],[-106.40861125559191,31.894043214739732]]]},"properties":{"OBJECTID":13830,"PIDN":"S03399901100900","CITY_OWNED":" ","STATE_CD":"A1","LAND_ACRES":0.29189999999999999,"YR_BLT":"1995","City_Taxes":" ","District_Key(String)":"R-4","Min_Lot_Area(Double - SqFt)":6000,"Min_Lot_Width(Double - Feet)":50,"Min_Lot_Depth":90,"Front_Setback(Double - Feet)":10,"Rear_Setback(Double - Feet)":10,"Side_Setback(Double - Feet)":5,"Max_Density_Factor(Double - SqFt/Unit)":6000,"Current_Area":12730.302677696069,"Lot_Width":147.99281425774097,"Lot_Depth":153.90914098918438,"Shape_Length":603.80391049385071,"Shape_Area":22777.446914980832,"Split_Area_Floor":12000,"Split_Width_Floor":100}},{"type":"Feature","id":13831,"geometry":{"type":"Polygon","coordinates":[[[-106.40861125559191,31.894043214739732],[-106.40872526272005,31.894435769731285],[-106.40899727074968,31.894028465489761],[-106.40861125559191,31.894043214739732]]]},"properties":{"OBJECTID":13831,"PIDN":"S03399901100900","CITY_OWNED":" ","STATE_CD":"A1","LAND_ACRES":0.29189999999999999,"YR_BLT":"1995","City_Taxes":" ","District_Key(String)":"R-4","Min_Lot_Area(Double - SqFt)":6000,"Min_Lot_Width(Double - Feet)":50,"Min_Lot_Depth":90,"Front_Setback(Double - Feet)":10,"Rear_Setback(Double - Feet)":10,"Side_Setback(Double - Feet)":5,"Max_Density_Factor(Double - SqFt/Unit)":6000,"Current_Area":12730.302677696069,"Lot_Width":0.24409399926662445,"Lot_Depth":0.39435616135597229,"Shape_Length":1.2769003212451935,"Shape_Area":0.096259972560813534,"Split_Area_Floor":12000,"Split_Width_Floor":100}},{"type":"Feature","id":13843,"geometry":{"type":"Polygon","coordinates":[[[-106.42588113693874,31.851937156976835],[-106.42537292119141,31.851948180788494],[-106.42542886193206,31.853506674665407],[-106.42588113693874,31.851937156976835]]]},"properties":{"OBJECTID":13843,"PIDN":"S917999002C3100","CITY_OWNED":" ","STATE_CD":"A1","LAND_ACRES":0.045900000000000003,"YR_BLT":"1959","City_Taxes":"25762.09","District_Key(String)":"R-4","Min_Lot_Area(Double - SqFt)":6000,"Min_Lot_Width(Double - Feet)":50,"Min_Lot_Depth":90,"Front_Setback(Double - Feet)":10,"Rear_Setback(Double - Feet)":10,"Side_Setback(Double - Feet)":5,"Max_Density_Factor(Double - SqFt/Unit)":6000,"Current_Area":88257.48181346753,"Lot_Width":171.47931583225727,"Lot_Depth":572.66913025081158,"Shape_Length":1488.2968921661377,"Shape_Area":98200.910653662999,"Split_Area_Floor":12000,"Split_Width_Floor":100}},{"type":"Feature","id":13844,"geometry":{"type":"Polygon","coordinates":[[[-106.4259048250285,31.85275474000602],[-106.42637805198707,31.853487736931932],[-106.42640080270675,31.852712857368299],[-106.4259048250285,31.85275474000602]]]},"properties":{"OBJECTID":13844,"PIDN":"S917999002C3400","CITY_OWNED":" ","STATE_CD":"A1","LAND_ACRES":0.99790000000000001,"YR_BLT":"1930","City_Taxes":"1471.23","District_Key(String)":"R-4","Min_Lot_Area(Double - SqFt)":6000,"Min_Lot_Width(Double - Feet)":50,"Min_Lot_Depth":90,"Front_Setback(Double - Feet)":10,"Rear_Setback(Double - Feet)":10,"Side_Setback(Double - Feet)":5,"Max_Density_Factor(Double - SqFt/Unit)":6000,"Current_Area":43427.41253136476,"Lot_Width":164.2011151611805,"Lot_Depth":285.42626641690731,"Shape_Length":899.25476315617561,"Shape_Area":46867.31124194838,"Split_Area_Floor":12000,"Split_Width_Floor":100}},{"type":"Feature","id":13851,"geometry":{"type":"Polygon","coordinates":[[[-106.40872402471945,31.894436307963964],[-106.40872445281521,31.89443647947142],[-106.40872526272005,31.894435769731285],[-106.40872402471945,31.894436307963964]]]},"properties":{"OBJECTID":13851,"PIDN":"S03399901100900","CITY_OWNED":" ","STATE_CD":"A1","LAND_ACRES":0.29189999999999999,"YR_BLT":"1995","City_Taxes":" ","District_Key(String)":"R-4","Min_Lot_Area(Double - SqFt)":6000,"Min_Lot_Width(Double - Feet)":50,"Min_Lot_Depth":90,"Front_Setback(Double - Feet)":10,"Rear_Setback(Double - Feet)":10,"Side_Setback(Double - Feet)":5,"Max_Density_Factor(Double - SqFt/Unit)":6000,"Current_Area":0.024995422717837279,"Lot_Width":147.99281425774097,"Lot_Depth":153.90914098918438,"Shape_Length":603.80391049385071,"Shape_Area":22777.446914980832,"Split_Area_Floor":12000,"Split_Width_Floor":100}},{"type":"Feature","id":13852,"geometry":{"type":"Polygon","coordinates":[[[-106.40872402471945,31.894436307963964],[-106.40872445281521,31.89443647947142],[-106.40872526272005,31.894435769731285],[-106.40872402471945,31.894436307963964]]]},"properties":{"OBJECTID":13852,"PIDN":"S03399901100900","CITY_OWNED":" ","STATE_CD":"A1","LAND_ACRES":0.29189999999999999,"YR_BLT":"1995","City_Taxes":" ","District_Key(String)":"R-4","Min_Lot_Area(Double - SqFt)":6000,"Min_Lot_Width(Double - Feet)":50,"Min_Lot_Depth":90,"Front_Setback(Double - Feet)":10,"Rear_Setback(Double - Feet)":10,"Side_Setback(Double - Feet)":5,"Max_Density_Factor(Double - SqFt/Unit)":6000,"Current_Area":0.024995422717837279,"Lot_Width":0.24409399926662445,"Lot_Depth":0.39435616135597229,"Shape_Length":1.2769003212451935,"Shape_Area":0.096259972560813534,"Split_Area_Floor":12000,"Split_Width_Floor":100}},{"type":"Feature","id":13883,"geometry":{"type":"Polygon","coordinates":[[[-106.42824703607087,31.854164726103821],[-106.42853592140462,31.853623348584726],[-106.42823091492829,31.853630748891323],[-106.42824703607087,31.854164726103821]]]},"properties":{"OBJECTID":13883,"PIDN":"S917999002B2800","CITY_OWNED":" ","STATE_CD":"A1","LAND_ACRES":0.39489999999999997,"YR_BLT":"1947","City_Taxes":" ","District_Key(String)":"R-4","Min_Lot_Area(Double - SqFt)":6000,"Min_Lot_Width(Double - Feet)":50,"Min_Lot_Depth":90,"Front_Setback(Double - Feet)":10,"Rear_Setback(Double - Feet)":10,"Side_Setback(Double - Feet)":5,"Max_Density_Factor(Double - SqFt/Unit)":6000,"Current_Area":18363.31473966868,"Lot_Width":100.35117726027966,"Lot_Depth":196.60656216740608,"Shape_Length":593.91547885537148,"Shape_Area":19729.69997059556,"Split_Area_Floor":12000,"Split_Width_Floor":100}},{"type":"Feature","id":13888,"geometry":{"type":"Polygon","coordinates":[[[-106.40399181496738,31.935309438737637],[-106.40453676200252,31.936791497118087],[-106.40432662285819,31.935277441326381],[-106.40399181496738,31.935309438737637]]]},"properties":{"OBJECTID":13888,"PIDN":"R32599900501600","CITY_OWNED":" ","STATE_CD":"A1","LAND_ACRES":0.47510000000000002,"YR_BLT":"2011","City_Taxes":" ","District_Key(String)":"R-3A","Min_Lot_Area(Double - SqFt)":5000,"Min_Lot_Width(Double - Feet)":50,"Min_Lot_Depth":90,"Front_Setback(Double - Feet)":15,"Rear_Setback(Double - Feet)":15,"Side_Setback(Double - Feet)":5,"Max_Density_Factor(Double - SqFt/Unit)":5000,"Current_Area":20226.138935337662,"Lot_Width":139.86947092413902,"Lot_Depth":553.55368292331696,"Shape_Length":1386.846307694912,"Shape_Area":77425.260758592951,"Split_Area_Floor":10000,"Split_Width_Floor":100}},{"type":"Feature","id":13894,"geometry":{"type":"Polygon","coordinates":[[[-106.39823306819271,31.912704044977996],[-106.3985936652284,31.912297845810183],[-106.39820664796318,31.912298270369256],[-106.39823306819271,31.912704044977996]]]},"properties":{"OBJECTID":13894,"PIDN":"R70699900103600","CITY_OWNED":" ","STATE_CD":"A1","LAND_ACRES":0.4047,"YR_BLT":"1960","City_Taxes":" ","District_Key(String)":"R-4","Min_Lot_Area(Double - SqFt)":6000,"Min_Lot_Width(Double - Feet)":50,"Min_Lot_Depth":90,"Front_Setback(Double - Feet)":10,"Rear_Setback(Double - Feet)":10,"Side_Setback(Double - Feet)":5,"Max_Density_Factor(Double - SqFt/Unit)":6000,"Current_Area":16941.296805504237,"Lot_Width":119.92659741640091,"Lot_Depth":150.74871423840523,"Shape_Length":541.35062330961227,"Shape_Area":18078.780363509286,"Split_Area_Floor":12000,"Split_Width_Floor":100}},{"type":"Feature","id":13895,"geometry":{"type":"Polygon","coordinates":[[[-106.46049588928,31.846924864036662],[-106.46134661631538,31.847395009402362],[-106.4611098022265,31.846487111343382],[-106.46049588928,31.846924864036662]]]},"properties":{"OBJECTID":13895,"PIDN":"G70699900600100","CITY_OWNED":" ","STATE_CD":"A1","LAND_ACRES":1.2846,"YR_BLT":"1971","City_Taxes":" ","District_Key(String)":"R-2","Min_Lot_Area(Double - SqFt)":10000,"Min_Lot_Width(Double - Feet)":80,"Min_Lot_Depth":110,"Front_Setback(Double - Feet)":25,"Rear_Setback(Double - Feet)":25,"Side_Setback(Double - Feet)":8,"Max_Density_Factor(Double - SqFt/Unit)":10000,"Current_Area":69251.978882404117,"Lot_Width":354.07475116848946,"Lot_Depth":415.62121599912643,"Shape_Length":1539.3919343352318,"Shape_Area":147160.97863523569,"Split_Area_Floor":20000,"Split_Width_Floor":160}},{"type":"Feature","id":13964,"geometry":{"type":"Polygon","coordinates":[[[-106.44815900780736,31.864863398054357],[-106.44855217233427,31.86441580671962],[-106.44814266190612,31.864422532765378],[-106.44815900780736,31.864863398054357]]]},"properties":{"OBJECTID":13964,"PIDN":"S912999001M2810","CITY_OWNED":" ","STATE_CD":"A1","LAND_ACRES":0.46860000000000002,"YR_BLT":"1960","City_Taxes":" ","District_Key(String)":"R-4","Min_Lot_Area(Double - SqFt)":6000,"Min_Lot_Width(Double - Feet)":50,"Min_Lot_Depth":90,"Front_Setback(Double - Feet)":10,"Rear_Setback(Double - Feet)":10,"Side_Setback(Double - Feet)":5,"Max_Density_Factor(Double - SqFt/Unit)":6000,"Current_Area":20238.496477037352,"Lot_Width":130.82749424874783,"Lot_Depth":163.79363566637039,"Shape_Length":589.24225983023643,"Shape_Area":21428.710928123568,"Split_Area_Floor":12000,"Split_Width_Floor":100}},{"type":"Feature","id":13965,"geometry":{"type":"Polygon","coordinates":[[[-106.44729171010933,31.865033397130169],[-106.44730842304918,31.865636485521204],[-106.44794170697919,31.865622565035061],[-106.44729171010933,31.865033397130169]]]},"properties":{"OBJECTID":13965,"PIDN":"S912999001N0100","CITY_OWNED":" ","STATE_CD":"A1","LAND_ACRES":1,"YR_BLT":"1956","City_Taxes":" ","District_Key(String)":"R-4","Min_Lot_Area(Double - SqFt)":6000,"Min_Lot_Width(Double - Feet)":50,"Min_Lot_Depth":90,"Front_Setback(Double - Feet)":10,"Rear_Setback(Double - Feet)":10,"Side_Setback(Double - Feet)":5,"Max_Density_Factor(Double - SqFt/Unit)":6000,"Current_Area":43072.008069077798,"Lot_Width":204.2463106662035,"Lot_Depth":225.09699074923992,"Shape_Length":858.68660283088684,"Shape_Area":45975.229902596795,"Split_Area_Floor":12000,"Split_Width_Floor":100}},{"type":"Feature","id":14099,"geometry":{"type":"Polygon","coordinates":[[[-106.45896325932134,31.849558078491889],[-106.45810323371674,31.849641750925962],[-106.45815317149062,31.850034302416056],[-106.45896325932134,31.849558078491889]]]},"properties":{"OBJECTID":14099,"PIDN":"M82099901704900","CITY_OWNED":" ","STATE_CD":"A1","LAND_ACRES":1.145,"YR_BLT":"2018","City_Taxes":" ","District_Key(String)":"R-2","Min_Lot_Area(Double - SqFt)":10000,"Min_Lot_Width(Double - Feet)":80,"Min_Lot_Depth":110,"Front_Setback(Double - Feet)":25,"Rear_Setback(Double - Feet)":25,"Side_Setback(Double - Feet)":8,"Max_Density_Factor(Double - SqFt/Unit)":10000,"Current_Area":38876.689805209659,"Lot_Width":163.32086758315563,"Lot_Depth":306.67950473725796,"Shape_Length":940.00074464082718,"Shape_Area":50087.162783661457,"Split_Area_Floor":20000,"Split_Width_Floor":160}},{"type":"Feature","id":14121,"geometry":{"type":"Polygon","coordinates":[[[-106.42947766920285,31.849153968653113],[-106.42998001271116,31.84942217008858],[-106.42997380957016,31.849142629189416],[-106.42947766920285,31.849153968653113]]]},"properties":{"OBJECTID":14121,"PIDN":"S917999002H5700","CITY_OWNED":" ","STATE_CD":"A1","LAND_ACRES":0.3604,"YR_BLT":"1947","City_Taxes":"2209.93","District_Key(String)":"R-4","Min_Lot_Area(Double - SqFt)":6000,"Min_Lot_Width(Double - Feet)":50,"Min_Lot_Depth":90,"Front_Setback(Double - Feet)":10,"Rear_Setback(Double - Feet)":10,"Side_Setback(Double - Feet)":5,"Max_Density_Factor(Double - SqFt/Unit)":6000,"Current_Area":15618.866544099426,"Lot_Width":105.96665158867836,"Lot_Depth":157.58629900217056,"Shape_Length":527.10590118169785,"Shape_Area":16698.8924415123,"Split_Area_Floor":12000,"Split_Width_Floor":100}},{"type":"Feature","id":14160,"geometry":{"type":"Polygon","coordinates":[[[-106.46226809021638,31.851627982249308],[-106.46289224736225,31.851945811042718],[-106.46253678464724,31.851443630263713],[-106.46226809021638,31.851627982249308]]]},"properties":{"OBJECTID":14160,"PIDN":"M82099900607350","CITY_OWNED":" ","STATE_CD":"A1","LAND_ACRES":0.47820000000000001,"YR_BLT":"1957","City_Taxes":" ","District_Key(String)":"R-2","Min_Lot_Area(Double - SqFt)":10000,"Min_Lot_Width(Double - Feet)":80,"Min_Lot_Depth":110,"Front_Setback(Double - Feet)":25,"Rear_Setback(Double - Feet)":25,"Side_Setback(Double - Feet)":8,"Max_Density_Factor(Double - SqFt/Unit)":10000,"Current_Area":21129.237237398265,"Lot_Width":187.14627924561501,"Lot_Depth":235.78627383708954,"Shape_Length":845.86510616540909,"Shape_Area":44126.523845799005,"Split_Area_Floor":20000,"Split_Width_Floor":160}},{"type":"Feature","id":14190,"geometry":{"type":"Polygon","coordinates":[[[-106.42924490559038,31.849732040822914],[-106.42949609864554,31.850027249230969],[-106.42948607770366,31.849455812075483],[-106.42924490559038,31.849732040822914]]]},"properties":{"OBJECTID":14190,"PIDN":"S917999002H4000","CITY_OWNED":" ","STATE_CD":"A1","LAND_ACRES":0.36330000000000001,"YR_BLT":"1979","City_Taxes":" ","District_Key(String)":"A-2","Min_Lot_Area(Double - SqFt)":3500,"Min_Lot_Width(Double - Feet)":35,"Min_Lot_Depth":90,"Front_Setback(Double - Feet)":10,"Rear_Setback(Double - Feet)":15,"Side_Setback(Double - Feet)":5,"Max_Density_Factor(Double - SqFt/Unit)":3500,"Current_Area":15716.837111418859,"Lot_Width":84.200290903449059,"Lot_Depth":210.35095724463463,"Shape_Length":589.10249629616737,"Shape_Area":17711.611791817209,"Split_Area_Floor":7000,"Split_Width_Floor":70}},{"type":"Feature","id":14191,"geometry":{"type":"Polygon","coordinates":[[[-106.42872790166055,31.848892608558554],[-106.42846865584139,31.849655528088391],[-106.42897623950951,31.849645588785744],[-106.42872790166055,31.848892608558554]]]},"properties":{"OBJECTID":14191,"PIDN":"S917999002H3400","CITY_OWNED":" ","STATE_CD":"A1","LAND_ACRES":0.55379999999999996,"YR_BLT":"NULL","City_Taxes":" ","District_Key(String)":"A-2","Min_Lot_Area(Double - SqFt)":3500,"Min_Lot_Width(Double - Feet)":35,"Min_Lot_Depth":90,"Front_Setback(Double - Feet)":10,"Rear_Setback(Double - Feet)":15,"Side_Setback(Double - Feet)":5,"Max_Density_Factor(Double - SqFt/Unit)":3500,"Current_Area":24144.307606851802,"Lot_Width":163.0626659989357,"Lot_Depth":278.64970517158508,"Shape_Length":883.42474234104156,"Shape_Area":45437.363805096087,"Split_Area_Floor":7000,"Split_Width_Floor":70}},{"type":"Feature","id":14192,"geometry":{"type":"Polygon","coordinates":[[[-106.42847093343595,31.849755823587959],[-106.42898521265636,31.8500352649936],[-106.42897623950951,31.849645588785744],[-106.42847093343595,31.849755823587959]]]},"properties":{"OBJECTID":14192,"PIDN":"S917999002H3700","CITY_OWNED":" ","STATE_CD":"A1","LAND_ACRES":0.17499999999999999,"YR_BLT":"2001","City_Taxes":" ","District_Key(String)":"A-2","Min_Lot_Area(Double - SqFt)":3500,"Min_Lot_Width(Double - Feet)":35,"Min_Lot_Depth":90,"Front_Setback(Double - Feet)":10,"Rear_Setback(Double - Feet)":15,"Side_Setback(Double - Feet)":5,"Max_Density_Factor(Double - SqFt/Unit)":3500,"Current_Area":22326.487170531385,"Lot_Width":146.72149133682251,"Lot_Depth":162.7742807418108,"Shape_Length":618.99154415726662,"Shape_Area":23882.485221717106,"Split_Area_Floor":7000,"Split_Width_Floor":70}},{"type":"Feature","id":14246,"geometry":{"type":"Polygon","coordinates":[[[-106.37649627878319,31.959228406415434],[-106.37662083556685,31.959107473494303],[-106.37622435799089,31.958861785806015],[-106.37649627878319,31.959228406415434]]]},"properties":{"OBJECTID":14246,"PIDN":"M39599905100400","CITY_OWNED":" ","STATE_CD":"A1","LAND_ACRES":0.21629999999999999,"YR_BLT":"2019","City_Taxes":" ","District_Key(String)":"R-5","Min_Lot_Area(Double - SqFt)":4500,"Min_Lot_Width(Double - Feet)":45,"Min_Lot_Depth":90,"Front_Setback(Double - Feet)":10,"Rear_Setback(Double - Feet)":10,"Side_Setback(Double - Feet)":5,"Max_Density_Factor(Double - SqFt/Unit)":4500,"Current_Area":9368.0445842977351,"Lot_Width":138.21724323928356,"Lot_Depth":145.34911873936653,"Shape_Length":567.13272395730019,"Shape_Area":20089.754499414532,"Split_Area_Floor":9000,"Split_Width_Floor":90}},{"type":"Feature","id":14247,"geometry":{"type":"Polygon","coordinates":[[[-106.3752124670186,31.962027586915703],[-106.37521927941776,31.962364934546656],[-106.37558553118066,31.962063680829285],[-106.3752124670186,31.962027586915703]]]},"properties":{"OBJECTID":14247,"PIDN":"M39599905302100","CITY_OWNED":" ","STATE_CD":"A1","LAND_ACRES":0.21840000000000001,"YR_BLT":"2019","City_Taxes":" ","District_Key(String)":"R-5","Min_Lot_Area(Double - SqFt)":4500,"Min_Lot_Width(Double - Feet)":45,"Min_Lot_Depth":90,"Front_Setback(Double - Feet)":10,"Rear_Setback(Double - Feet)":10,"Side_Setback(Double - Feet)":5,"Max_Density_Factor(Double - SqFt/Unit)":4500,"Current_Area":9491.6574142767258,"Lot_Width":119.37541741132736,"Lot_Depth":138.41770215332508,"Shape_Length":515.58623912930489,"Shape_Area":16523.670971669966,"Split_Area_Floor":9000,"Split_Width_Floor":90}},{"type":"Feature","id":14248,"geometry":{"type":"Polygon","coordinates":[[[-106.37601665692702,31.960060772829742],[-106.37644812401081,31.96018926443416],[-106.37631932620143,31.959817977779217],[-106.37601665692702,31.960060772829742]]]},"properties":{"OBJECTID":14248,"PIDN":"M39599905102800","CITY_OWNED":" ","STATE_CD":"A1","LAND_ACRES":0.29260000000000003,"YR_BLT":"2019","City_Taxes":" ","District_Key(String)":"R-5","Min_Lot_Area(Double - SqFt)":4500,"Min_Lot_Width(Double - Feet)":45,"Min_Lot_Depth":90,"Front_Setback(Double - Feet)":10,"Rear_Setback(Double - Feet)":10,"Side_Setback(Double - Feet)":5,"Max_Density_Factor(Double - SqFt/Unit)":4500,"Current_Area":12718.92679347054,"Lot_Width":131.08700816333294,"Lot_Depth":156.48525133728981,"Shape_Length":575.1445190012455,"Shape_Area":20513.183419492518,"Split_Area_Floor":9000,"Split_Width_Floor":90}},{"type":"Feature","id":14249,"geometry":{"type":"Polygon","coordinates":[[[-106.37575812906762,31.957780308967145],[-106.37568806838209,31.957485991864591],[-106.37535866710084,31.957807238080665],[-106.37575812906762,31.957780308967145]]]},"properties":{"OBJECTID":14249,"PIDN":"M39599904701300","CITY_OWNED":" ","STATE_CD":"A1","LAND_ACRES":0.22370000000000001,"YR_BLT":"2019","City_Taxes":" ","District_Key(String)":"R-5","Min_Lot_Area(Double - SqFt)":4500,"Min_Lot_Width(Double - Feet)":45,"Min_Lot_Depth":90,"Front_Setback(Double - Feet)":10,"Rear_Setback(Double - Feet)":10,"Side_Setback(Double - Feet)":5,"Max_Density_Factor(Double - SqFt/Unit)":4500,"Current_Area":9727.5445050466351,"Lot_Width":130.28386017680168,"Lot_Depth":140.68902309238911,"Shape_Length":541.94576653838158,"Shape_Area":18329.509012979644,"Split_Area_Floor":9000,"Split_Width_Floor":90}},{"type":"Feature","id":14250,"geometry":{"type":"Polygon","coordinates":[[[-106.37656044055581,31.960195939216096],[-106.37694714850558,31.960172369046383],[-106.37674960186365,31.959841258179907],[-106.37656044055581,31.960195939216096]]]},"properties":{"OBJECTID":14250,"PIDN":"M39599905102600","CITY_OWNED":" ","STATE_CD":"A1","LAND_ACRES":0.2107,"YR_BLT":"2019","City_Taxes":" ","District_Key(String)":"R-5","Min_Lot_Area(Double - SqFt)":4500,"Min_Lot_Width(Double - Feet)":45,"Min_Lot_Depth":90,"Front_Setback(Double - Feet)":10,"Rear_Setback(Double - Feet)":10,"Side_Setback(Double - Feet)":5,"Max_Density_Factor(Double - SqFt/Unit)":4500,"Current_Area":9159.2532793981227,"Lot_Width":120.22876216471195,"Lot_Depth":154.57547824084759,"Shape_Length":549.60848081111908,"Shape_Area":18584.418409915474,"Split_Area_Floor":9000,"Split_Width_Floor":90}},{"type":"Feature","id":14251,"geometry":{"type":"Polygon","coordinates":[[[-106.37664399807021,31.960370379494137],[-106.37708283546452,31.960399795295896],[-106.37694714850558,31.960172369046383],[-106.37664399807021,31.960370379494137]]]},"properties":{"OBJECTID":14251,"PIDN":"M39599905102500","CITY_OWNED":" ","STATE_CD":"A1","LAND_ACRES":0.21240000000000001,"YR_BLT":"2019","City_Taxes":" ","District_Key(String)":"R-5","Min_Lot_Area(Double - SqFt)":4500,"Min_Lot_Width(Double - Feet)":45,"Min_Lot_Depth":90,"Front_Setback(Double - Feet)":10,"Rear_Setback(Double - Feet)":10,"Side_Setback(Double - Feet)":5,"Max_Density_Factor(Double - SqFt/Unit)":4500,"Current_Area":9236.0821084015479,"Lot_Width":113.48861816525459,"Lot_Depth":135.32617291808128,"Shape_Length":497.62958216667175,"Shape_Area":15357.980366065343,"Split_Area_Floor":9000,"Split_Width_Floor":90}},{"type":"Feature","id":14252,"geometry":{"type":"Polygon","coordinates":[[[-106.37365576927866,31.957483852269601],[-106.37334217750794,31.957484291679283],[-106.37370877445235,31.957880737044647],[-106.37365576927866,31.957483852269601]]]},"properties":{"OBJECTID":14252,"PIDN":"M39599904700100","CITY_OWNED":" ","STATE_CD":"A1","LAND_ACRES":0.2346,"YR_BLT":"2019","City_Taxes":" ","District_Key(String)":"R-5","Min_Lot_Area(Double - SqFt)":4500,"Min_Lot_Width(Double - Feet)":45,"Min_Lot_Depth":90,"Front_Setback(Double - Feet)":10,"Rear_Setback(Double - Feet)":10,"Side_Setback(Double - Feet)":5,"Max_Density_Factor(Double - SqFt/Unit)":4500,"Current_Area":10225.391560561229,"Lot_Width":139.62931391596794,"Lot_Depth":150.18769174814224,"Shape_Length":579.63401132822037,"Shape_Area":20970.604357415981,"Split_Area_Floor":9000,"Split_Width_Floor":90}},{"type":"Feature","id":14253,"geometry":{"type":"Polygon","coordinates":[[[-106.37644812401081,31.96018926443416],[-106.37674960186365,31.959841258179907],[-106.37631932620143,31.959817977779217],[-106.37644812401081,31.96018926443416]]]},"properties":{"OBJECTID":14253,"PIDN":"M39599905102700","CITY_OWNED":" ","STATE_CD":"A1","LAND_ACRES":0.25509999999999999,"YR_BLT":"2019","City_Taxes":" ","District_Key(String)":"R-5","Min_Lot_Area(Double - SqFt)":4500,"Min_Lot_Width(Double - Feet)":45,"Min_Lot_Depth":90,"Front_Setback(Double - Feet)":10,"Rear_Setback(Double - Feet)":10,"Side_Setback(Double - Feet)":5,"Max_Density_Factor(Double - SqFt/Unit)":4500,"Current_Area":11091.976166502431,"Lot_Width":132.79665040969849,"Lot_Depth":141.36257816851139,"Shape_Length":548.31845715641975,"Shape_Area":18772.476874057484,"Split_Area_Floor":9000,"Split_Width_Floor":90}},{"type":"Feature","id":14254,"geometry":{"type":"Polygon","coordinates":[[[-106.37600864842574,31.959664334528462],[-106.37631932620143,31.959817977779217],[-106.37642603052986,31.959495928941784],[-106.37600864842574,31.959664334528462]]]},"properties":{"OBJECTID":14254,"PIDN":"M39599905100800","CITY_OWNED":" ","STATE_CD":"A1","LAND_ACRES":0.29249999999999998,"YR_BLT":"2019","City_Taxes":" ","District_Key(String)":"R-5","Min_Lot_Area(Double - SqFt)":4500,"Min_Lot_Width(Double - Feet)":45,"Min_Lot_Depth":90,"Front_Setback(Double - Feet)":10,"Rear_Setback(Double - Feet)":10,"Side_Setback(Double - Feet)":5,"Max_Density_Factor(Double - SqFt/Unit)":4500,"Current_Area":12717.260600393362,"Lot_Width":135.89638175070286,"Lot_Depth":162.33858607709408,"Shape_Length":596.46993565559387,"Shape_Area":22061.226466402113,"Split_Area_Floor":9000,"Split_Width_Floor":90}},{"type":"Feature","id":14255,"geometry":{"type":"Polygon","coordinates":[[[-106.37549320146923,31.961494326786365],[-106.37520617922432,31.961716206330596],[-106.37555219665076,31.961875560601889],[-106.37549320146923,31.961494326786365]]]},"properties":{"OBJECTID":14255,"PIDN":"M39599905301900","CITY_OWNED":" ","STATE_CD":"A1","LAND_ACRES":0.28760000000000002,"YR_BLT":"2019","City_Taxes":" ","District_Key(String)":"R-5","Min_Lot_Area(Double - SqFt)":4500,"Min_Lot_Width(Double - Feet)":45,"Min_Lot_Depth":90,"Front_Setback(Double - Feet)":10,"Rear_Setback(Double - Feet)":10,"Side_Setback(Double - Feet)":5,"Max_Density_Factor(Double - SqFt/Unit)":4500,"Current_Area":12503.392433095574,"Lot_Width":131.2887794226408,"Lot_Depth":144.26972459256649,"Shape_Length":551.11700803041458,"Shape_Area":18940.9960493986,"Split_Area_Floor":9000,"Split_Width_Floor":90}},{"type":"Feature","id":14257,"geometry":{"type":"Polygon","coordinates":[[[-106.39932987979842,31.916927458979508],[-106.39971562340124,31.917184960735614],[-106.39971640696284,31.916928343604969],[-106.39932987979842,31.916927458979508]]]},"properties":{"OBJECTID":14257,"PIDN":"H41299901001000","CITY_OWNED":" ","STATE_CD":"A1","LAND_ACRES":0.19750000000000001,"YR_BLT":"2019","City_Taxes":" ","District_Key(String)":"P-R 1","Min_Lot_Area(Double - SqFt)":4000,"Min_Lot_Width(Double - Feet)":40,"Min_Lot_Depth":100,"Front_Setback(Double - Feet)":10,"Rear_Setback(Double - Feet)":10,"Side_Setback(Double - Feet)":5,"Max_Density_Factor(Double - SqFt/Unit)":4000,"Current_Area":8609.4284018331437,"Lot_Width":113.9295621663332,"Lot_Depth":119.74287074804306,"Shape_Length":467.34486582875252,"Shape_Area":13642.252836864373,"Split_Area_Floor":8000,"Split_Width_Floor":80}},{"type":"Feature","id":14258,"geometry":{"type":"Polygon","coordinates":[[[-106.4008731504302,31.920112311640679],[-106.40087216630765,31.920426754074448],[-106.40123830757514,31.920210021562724],[-106.4008731504302,31.920112311640679]]]},"properties":{"OBJECTID":14258,"PIDN":"H41299900301500","CITY_OWNED":" ","STATE_CD":"A1","LAND_ACRES":0.18820000000000001,"YR_BLT":"2020","City_Taxes":" ","District_Key(String)":"P-R 1","Min_Lot_Area(Double - SqFt)":4000,"Min_Lot_Width(Double - Feet)":40,"Min_Lot_Depth":100,"Front_Setback(Double - Feet)":10,"Rear_Setback(Double - Feet)":10,"Side_Setback(Double - Feet)":5,"Max_Density_Factor(Double - SqFt/Unit)":4000,"Current_Area":8202.8759566694753,"Lot_Width":114.20744875073433,"Lot_Depth":117.73860967159271,"Shape_Length":463.89211684465408,"Shape_Area":13446.626230051137,"Split_Area_Floor":8000,"Split_Width_Floor":80}},{"type":"Feature","id":55261,"geometry":{"type":"Polygon","coordinates":[[[-106.46350037706875,31.847682283697473],[-106.46384986074837,31.848115304961983],[-106.46403340236225,31.847766920575598],[-106.46350037706875,31.847682283697473]]]},"properties":{"OBJECTID":55261,"PIDN":"M82099901903100","CITY_OWNED":" ","STATE_CD":"A1","LAND_ACRES":0.48999999999999999,"YR_BLT":"1969","City_Taxes":"10575.27","District_Key(String)":"R-2","Min_Lot_Area(Double - SqFt)":10000,"Min_Lot_Width(Double - Feet)":80,"Min_Lot_Depth":110,"Front_Setback(Double - Feet)":25,"Rear_Setback(Double - Feet)":25,"Side_Setback(Double - Feet)":8,"Max_Density_Factor(Double - SqFt/Unit)":10000,"Current_Area":20564.657709096929,"Lot_Width":163.26673384010792,"Lot_Depth":209.841771915555,"Shape_Length":746.21701151132584,"Shape_Area":34260.180723873549,"Split_Area_Floor":20000,"Split_Width_Floor":160}},{"type":"Feature","id":55266,"geometry":{"type":"Polygon","coordinates":[[[-106.43724783228008,31.86116924095743],[-106.43764169431095,31.860881753021353],[-106.43723064270429,31.860862167616638],[-106.43724783228008,31.86116924095743]]]},"properties":{"OBJECTID":55266,"PIDN":"D36199900405100","CITY_OWNED":" ","STATE_CD":"A1","LAND_ACRES":0.33429999999999999,"YR_BLT":"1952","City_Taxes":"4238.68","District_Key(String)":"A-2","Min_Lot_Area(Double - SqFt)":3500,"Min_Lot_Width(Double - Feet)":35,"Min_Lot_Depth":90,"Front_Setback(Double - Feet)":10,"Rear_Setback(Double - Feet)":15,"Side_Setback(Double - Feet)":5,"Max_Density_Factor(Double - SqFt/Unit)":3500,"Current_Area":14519.494522907951,"Lot_Width":115.6451099216938,"Lot_Depth":132.96758182346821,"Shape_Length":497.22538349032402,"Shape_Area":15377.050615996795,"Split_Area_Floor":7000,"Split_Width_Floor":70}},{"type":"Feature","id":55276,"geometry":{"type":"Polygon","coordinates":[[[-106.45675606760915,31.843212906364194],[-106.45639832368289,31.843111402896447],[-106.4564298629612,31.843450887873995],[-106.45675606760915,31.843212906364194]]]},"properties":{"OBJECTID":55276,"PIDN":"M89599900601200","CITY_OWNED":" ","STATE_CD":"A1","LAND_ACRES":0.187,"YR_BLT":"2002","City_Taxes":" ","District_Key(String)":"P-R 1","Min_Lot_Area(Double - SqFt)":4000,"Min_Lot_Width(Double - Feet)":40,"Min_Lot_Depth":100,"Front_Setback(Double - Feet)":10,"Rear_Setback(Double - Feet)":10,"Side_Setback(Double - Feet)":5,"Max_Density_Factor(Double - SqFt/Unit)":4000,"Current_Area":8046.707327674384,"Lot_Width":108.8938110768795,"Lot_Depth":129.90951709449291,"Shape_Length":477.60665634274483,"Shape_Area":14146.342411576359,"Split_Area_Floor":8000,"Split_Width_Floor":80}},{"type":"Feature","id":55277,"geometry":{"type":"Polygon","coordinates":[[[-106.45661560936001,31.843356666073603],[-106.45693782722196,31.843471209800889],[-106.4569109983513,31.84325686489689],[-106.45661560936001,31.843356666073603]]]},"properties":{"OBJECTID":55277,"PIDN":"M89599900601100","CITY_OWNED":" ","STATE_CD":"A1","LAND_ACRES":0.2074,"YR_BLT":"2002","City_Taxes":" ","District_Key(String)":"P-R 1","Min_Lot_Area(Double - SqFt)":4000,"Min_Lot_Width(Double - Feet)":40,"Min_Lot_Depth":100,"Front_Setback(Double - Feet)":10,"Rear_Setback(Double - Feet)":10,"Side_Setback(Double - Feet)":5,"Max_Density_Factor(Double - SqFt/Unit)":4000,"Current_Area":9203.4024953337212,"Lot_Width":113.00502334535122,"Lot_Depth":122.99220807850361,"Shape_Length":471.99446284770966,"Shape_Area":13898.737345207595,"Split_Area_Floor":8000,"Split_Width_Floor":80}},{"type":"Feature","id":55280,"geometry":{"type":"Polygon","coordinates":[[[-106.42749920839725,31.851374310421377],[-106.42748915739379,31.850989225468613],[-106.42654822009717,31.851006281526288],[-106.42749920839725,31.851374310421377]]]},"properties":{"OBJECTID":55280,"PIDN":"S917999002F8500","CITY_OWNED":" ","STATE_CD":"A1","LAND_ACRES":0.9244,"YR_BLT":"1950","City_Taxes":" ","District_Key(String)":"R-4","Min_Lot_Area(Double - SqFt)":6000,"Min_Lot_Width(Double - Feet)":50,"Min_Lot_Depth":90,"Front_Setback(Double - Feet)":10,"Rear_Setback(Double - Feet)":10,"Side_Setback(Double - Feet)":5,"Max_Density_Factor(Double - SqFt/Unit)":6000,"Current_Area":40651.069521203746,"Lot_Width":149.85370291769505,"Lot_Depth":298.27565017342567,"Shape_Length":896.25870618224144,"Shape_Area":44697.710668670865,"Split_Area_Floor":12000,"Split_Width_Floor":100}},{"type":"Feature","id":55283,"geometry":{"type":"Polygon","coordinates":[[[-106.44919969317134,31.858390676206017],[-106.44984504853923,31.858378088340245],[-106.4498347396144,31.858074739386659],[-106.44919969317134,31.858390676206017]]]},"properties":{"OBJECTID":55283,"PIDN":"S912999001F2400","CITY_OWNED":" ","STATE_CD":"A1","LAND_ACRES":0.51300000000000001,"YR_BLT":"1966","City_Taxes":" ","District_Key(String)":"R-4","Min_Lot_Area(Double - SqFt)":6000,"Min_Lot_Width(Double - Feet)":50,"Min_Lot_Depth":90,"Front_Setback(Double - Feet)":10,"Rear_Setback(Double - Feet)":10,"Side_Setback(Double - Feet)":5,"Max_Density_Factor(Double - SqFt/Unit)":6000,"Current_Area":22064.606674530209,"Lot_Width":116.69202382862568,"Lot_Depth":203.19381932914257,"Shape_Length":639.7716863155365,"Shape_Area":23711.098006985765,"Split_Area_Floor":12000,"Split_Width_Floor":100}},{"type":"Feature","id":55284,"geometry":{"type":"Polygon","coordinates":[[[-106.44918304573964,31.858399130021759],[-106.44919274321724,31.858087476618671],[-106.44856968734713,31.858342984029228],[-106.44918304573964,31.858399130021759]]]},"properties":{"OBJECTID":55284,"PIDN":"S912999001F3100","CITY_OWNED":" ","STATE_CD":"A1","LAND_ACRES":0.31380000000000002,"YR_BLT":"1954","City_Taxes":" ","District_Key(String)":"R-4","Min_Lot_Area(Double - SqFt)":6000,"Min_Lot_Width(Double - Feet)":50,"Min_Lot_Depth":90,"Front_Setback(Double - Feet)":10,"Rear_Setback(Double - Feet)":10,"Side_Setback(Double - Feet)":5,"Max_Density_Factor(Double - SqFt/Unit)":6000,"Current_Area":13685.399130000302,"Lot_Width":116.02174958586693,"Lot_Depth":199.25255425274372,"Shape_Length":630.5486076772213,"Shape_Area":23117.629953856198,"Split_Area_Floor":12000,"Split_Width_Floor":100}},{"type":"Feature","id":55285,"geometry":{"type":"Polygon","coordinates":[[[-106.44906349453238,31.859000340908146],[-106.44921720395398,31.858688678494389],[-106.44857903856776,31.858699707033342],[-106.44906349453238,31.859000340908146]]]},"properties":{"OBJECTID":55285,"PIDN":"S912999001F8500","CITY_OWNED":" ","STATE_CD":"A1","LAND_ACRES":0.31680000000000003,"YR_BLT":"1971","City_Taxes":" ","District_Key(String)":"R-4","Min_Lot_Area(Double - SqFt)":6000,"Min_Lot_Width(Double - Feet)":50,"Min_Lot_Depth":90,"Front_Setback(Double - Feet)":10,"Rear_Setback(Double - Feet)":10,"Side_Setback(Double - Feet)":5,"Max_Density_Factor(Double - SqFt/Unit)":6000,"Current_Area":22219.66871606015,"Lot_Width":118.30225683748722,"Lot_Depth":202.22170841693878,"Shape_Length":641.04793050885201,"Shape_Area":23923.284487256144,"Split_Area_Floor":12000,"Split_Width_Floor":100}},{"type":"Feature","id":55296,"geometry":{"type":"Polygon","coordinates":[[[-106.39604095047351,31.903767033166478],[-106.39571489842191,31.903025959550387],[-106.39573792653779,31.904048480629559],[-106.39604095047351,31.903767033166478]]]},"properties":{"OBJECTID":55296,"PIDN":"P448999001F4900","CITY_OWNED":" ","STATE_CD":"A1","LAND_ACRES":0.86370000000000002,"YR_BLT":"1957","City_Taxes":" ","District_Key(String)":"R-4","Min_Lot_Area(Double - SqFt)":6000,"Min_Lot_Width(Double - Feet)":50,"Min_Lot_Depth":90,"Front_Setback(Double - Feet)":10,"Rear_Setback(Double - Feet)":10,"Side_Setback(Double - Feet)":5,"Max_Density_Factor(Double - SqFt/Unit)":6000,"Current_Area":35692.58933900101,"Lot_Width":108.96074007451534,"Lot_Depth":377.50022925436497,"Shape_Length":972.92193865776062,"Shape_Area":41132.704357854811,"Split_Area_Floor":12000,"Split_Width_Floor":100}},{"type":"Feature","id":55377,"geometry":{"type":"Polygon","coordinates":[[[-106.41621989031127,31.942720177717572],[-106.41654756658572,31.942346993870984],[-106.41620491844229,31.942499020611439],[-106.41621989031127,31.942720177717572]]]},"properties":{"OBJECTID":55377,"PIDN":"S13899901300600","CITY_OWNED":" ","STATE_CD":"A1","LAND_ACRES":0.2492,"YR_BLT":"2012","City_Taxes":"0.00","District_Key(String)":"R-3A","Min_Lot_Area(Double - SqFt)":5000,"Min_Lot_Width(Double - Feet)":50,"Min_Lot_Depth":90,"Front_Setback(Double - Feet)":15,"Rear_Setback(Double - Feet)":15,"Side_Setback(Double - Feet)":5,"Max_Density_Factor(Double - SqFt/Unit)":5000,"Current_Area":10609.571759950875,"Lot_Width":131.95610092580318,"Lot_Depth":132.80321209132671,"Shape_Length":529.5186260342598,"Shape_Area":17524.194057993955,"Split_Area_Floor":10000,"Split_Width_Floor":100}},{"type":"Feature","id":55463,"geometry":{"type":"Polygon","coordinates":[[[-106.44337250809484,31.856390511524115],[-106.44338250477759,31.85700068879737],[-106.44372644729665,31.856990327963281],[-106.44337250809484,31.856390511524115]]]},"properties":{"OBJECTID":55463,"PIDN":"S15799900100100","CITY_OWNED":" ","STATE_CD":"A1","LAND_ACRES":0.27629999999999999,"YR_BLT":"2005","City_Taxes":" ","District_Key(String)":"R-5","Min_Lot_Area(Double - SqFt)":4500,"Min_Lot_Width(Double - Feet)":45,"Min_Lot_Depth":90,"Front_Setback(Double - Feet)":10,"Rear_Setback(Double - Feet)":10,"Side_Setback(Double - Feet)":5,"Max_Density_Factor(Double - SqFt/Unit)":4500,"Current_Area":13163.507531892204,"Lot_Width":107.15464133024216,"Lot_Depth":225.50742299854755,"Shape_Length":665.32412865757942,"Shape_Area":24164.167028716565,"Split_Area_Floor":9000,"Split_Width_Floor":90}},{"type":"Feature","id":55465,"geometry":{"type":"Polygon","coordinates":[[[-106.44416023757117,31.857270067567651],[-106.44483229804824,31.856959345863306],[-106.44415142891471,31.85697109406933],[-106.44416023757117,31.857270067567651]]]},"properties":{"OBJECTID":55465,"PIDN":"S912999001E0100","CITY_OWNED":" ","STATE_CD":"A1","LAND_ACRES":0.5,"YR_BLT":"1958","City_Taxes":" ","District_Key(String)":"R-4","Min_Lot_Area(Double - SqFt)":6000,"Min_Lot_Width(Double - Feet)":50,"Min_Lot_Depth":90,"Front_Setback(Double - Feet)":10,"Rear_Setback(Double - Feet)":10,"Side_Setback(Double - Feet)":5,"Max_Density_Factor(Double - SqFt/Unit)":6000,"Current_Area":23001.567815336613,"Lot_Width":115.53192117810249,"Lot_Depth":214.56256300210953,"Shape_Length":660.18896836042404,"Shape_Area":24788.825116531367,"Split_Area_Floor":12000,"Split_Width_Floor":100}},{"type":"Feature","id":55467,"geometry":{"type":"Polygon","coordinates":[[[-106.45894203476676,31.856659463654928],[-106.4623236573979,31.856288429550123],[-106.45849549493465,31.855838503485973],[-106.45894203476676,31.856659463654928]]]},"properties":{"OBJECTID":55467,"PIDN":"H41799900107900","CITY_OWNED":" ","STATE_CD":"A1","LAND_ACRES":4.335,"YR_BLT":"NULL","City_Taxes":" ","District_Key(String)":"P-R 1","Min_Lot_Area(Double - SqFt)":4000,"Min_Lot_Width(Double - Feet)":40,"Min_Lot_Depth":100,"Front_Setback(Double - Feet)":10,"Rear_Setback(Double - Feet)":10,"Side_Setback(Double - Feet)":5,"Max_Density_Factor(Double - SqFt/Unit)":4000,"Current_Area":137474.66204097954,"Lot_Width":66.689171075820923,"Lot_Depth":100.70255449414253,"Shape_Length":334.78345113992691,"Shape_Area":6715.7698844320503,"Split_Area_Floor":8000,"Split_Width_Floor":80}},{"type":"Feature","id":55468,"geometry":{"type":"Polygon","coordinates":[[[-106.45894203476676,31.856659463654928],[-106.4623236573979,31.856288429550123],[-106.45849549493465,31.855838503485973],[-106.45894203476676,31.856659463654928]]]},"properties":{"OBJECTID":55468,"PIDN":"H41799900107900","CITY_OWNED":" ","STATE_CD":"A1","LAND_ACRES":4.335,"YR_BLT":"NULL","City_Taxes":" ","District_Key(String)":"P-R 1","Min_Lot_Area(Double - SqFt)":4000,"Min_Lot_Width(Double - Feet)":40,"Min_Lot_Depth":100,"Front_Setback(Double - Feet)":10,"Rear_Setback(Double - Feet)":10,"Side_Setback(Double - Feet)":5,"Max_Density_Factor(Double - SqFt/Unit)":4000,"Current_Area":137474.66204097954,"Lot_Width":392.59993657469749,"Lot_Depth":1249.7570149153471,"Shape_Length":3284.7139029800892,"Shape_Area":490654.52478954854,"Split_Area_Floor":8000,"Split_Width_Floor":80}},{"type":"Feature","id":55469,"geometry":{"type":"Polygon","coordinates":[[[-106.44650453570929,31.857531938007519],[-106.44692783879142,31.856926556685892],[-106.44624691589246,31.856939115921605],[-106.44650453570929,31.857531938007519]]]},"properties":{"OBJECTID":55469,"PIDN":"S912999001D8200","CITY_OWNED":" ","STATE_CD":"A1","LAND_ACRES":1.0600000000000001,"YR_BLT":"2015","City_Taxes":" ","District_Key(String)":"R-4","Min_Lot_Area(Double - SqFt)":6000,"Min_Lot_Width(Double - Feet)":50,"Min_Lot_Depth":90,"Front_Setback(Double - Feet)":10,"Rear_Setback(Double - Feet)":10,"Side_Setback(Double - Feet)":5,"Max_Density_Factor(Double - SqFt/Unit)":6000,"Current_Area":45694.414307653664,"Lot_Width":219.80959975719452,"Lot_Depth":224.14850184321404,"Shape_Length":887.91620320081711,"Shape_Area":49269.992476331652,"Split_Area_Floor":12000,"Split_Width_Floor":100}},{"type":"Feature","id":55471,"geometry":{"type":"Polygon","coordinates":[[[-106.44591651578953,31.857775095477354],[-106.44651970036331,31.858130758156928],[-106.44650453570929,31.857531938007519],[-106.44591651578953,31.857775095477354]]]},"properties":{"OBJECTID":55471,"PIDN":"D55499900100400","CITY_OWNED":" ","STATE_CD":"A1","LAND_ACRES":0.90639999999999998,"YR_BLT":"1945","City_Taxes":" ","District_Key(String)":"R-4","Min_Lot_Area(Double - SqFt)":6000,"Min_Lot_Width(Double - Feet)":50,"Min_Lot_Depth":90,"Front_Setback(Double - Feet)":10,"Rear_Setback(Double - Feet)":10,"Side_Setback(Double - Feet)":5,"Max_Density_Factor(Double - SqFt/Unit)":6000,"Current_Area":35729.838231188485,"Lot_Width":189.27914901077747,"Lot_Depth":223.04876650869846,"Shape_Length":824.65583103895187,"Shape_Area":42218.480712670047,"Split_Area_Floor":12000,"Split_Width_Floor":100}},{"type":"Feature","id":55482,"geometry":{"type":"Polygon","coordinates":[[[-106.40816025247975,31.896052599371441],[-106.40866004179632,31.895944325739993],[-106.40833541131013,31.895787472637647],[-106.40816025247975,31.896052599371441]]]},"properties":{"OBJECTID":55482,"PIDN":"S03399900900050","CITY_OWNED":" ","STATE_CD":"A1","LAND_ACRES":0.29070000000000001,"YR_BLT":"1954","City_Taxes":" ","District_Key(String)":"R-4","Min_Lot_Area(Double - SqFt)":6000,"Min_Lot_Width(Double - Feet)":50,"Min_Lot_Depth":90,"Front_Setback(Double - Feet)":10,"Rear_Setback(Double - Feet)":10,"Side_Setback(Double - Feet)":5,"Max_Density_Factor(Double - SqFt/Unit)":6000,"Current_Area":12598.539046626813,"Lot_Width":145.35699275135994,"Lot_Depth":157.03675942122936,"Shape_Length":604.7875043451786,"Shape_Area":22826.39110088869,"Split_Area_Floor":12000,"Split_Width_Floor":100}},{"type":"Feature","id":55485,"geometry":{"type":"Polygon","coordinates":[[[-106.38051937445167,31.921069596149145],[-106.38061227389805,31.920421313928827],[-106.38021838573346,31.9207740014695],[-106.38051937445167,31.921069596149145]]]},"properties":{"OBJECTID":55485,"PIDN":"D41599900106700","CITY_OWNED":" ","STATE_CD":"A1","LAND_ACRES":0.3352,"YR_BLT":"1995","City_Taxes":" ","District_Key(String)":"R-5","Min_Lot_Area(Double - SqFt)":4500,"Min_Lot_Width(Double - Feet)":45,"Min_Lot_Depth":90,"Front_Setback(Double - Feet)":10,"Rear_Setback(Double - Feet)":10,"Side_Setback(Double - Feet)":5,"Max_Density_Factor(Double - SqFt/Unit)":4500,"Current_Area":14526.972873767394,"Lot_Width":129.00892832875252,"Lot_Depth":234.67079050838947,"Shape_Length":727.35943767428398,"Shape_Area":30274.627193548513,"Split_Area_Floor":9000,"Split_Width_Floor":90}},{"type":"Feature","id":55486,"geometry":{"type":"Polygon","coordinates":[[[-106.44199834106448,31.934900316961876],[-106.44225222709974,31.935140552356032],[-106.44245443785493,31.93485167472322],[-106.44199834106448,31.934900316961876]]]},"properties":{"OBJECTID":55486,"PIDN":"N42599900204200","CITY_OWNED":" ","STATE_CD":"A1","LAND_ACRES":0.27979999999999999,"YR_BLT":"1990","City_Taxes":" ","District_Key(String)":"R-3","Min_Lot_Area(Double - SqFt)":6000,"Min_Lot_Width(Double - Feet)":60,"Min_Lot_Depth":90,"Front_Setback(Double - Feet)":20,"Rear_Setback(Double - Feet)":20,"Side_Setback(Double - Feet)":5,"Max_Density_Factor(Double - SqFt/Unit)":6000,"Current_Area":12298.106856820426,"Lot_Width":128.49252516031265,"Lot_Depth":147.83172534406185,"Shape_Length":552.64850100874901,"Shape_Area":18995.271688264296,"Split_Area_Floor":12000,"Split_Width_Floor":120}},{"type":"Feature","id":55487,"geometry":{"type":"Polygon","coordinates":[[[-106.44199795055661,31.935249375795756],[-106.44249986569426,31.935458975701199],[-106.44243623189425,31.93514796787689],[-106.44199795055661,31.935249375795756]]]},"properties":{"OBJECTID":55487,"PIDN":"N42599900204600","CITY_OWNED":" ","STATE_CD":"A1","LAND_ACRES":0.30170000000000002,"YR_BLT":"1994","City_Taxes":" ","District_Key(String)":"R-3","Min_Lot_Area(Double - SqFt)":6000,"Min_Lot_Width(Double - Feet)":60,"Min_Lot_Depth":90,"Front_Setback(Double - Feet)":20,"Rear_Setback(Double - Feet)":20,"Side_Setback(Double - Feet)":5,"Max_Density_Factor(Double - SqFt/Unit)":6000,"Current_Area":13340.524751484078,"Lot_Width":143.65030324459076,"Lot_Depth":151.2930044978857,"Shape_Length":589.88661548495293,"Shape_Area":21733.285974906514,"Split_Area_Floor":12000,"Split_Width_Floor":120}},{"type":"Feature","id":55488,"geometry":{"type":"Polygon","coordinates":[[[-106.44200899464339,31.935724693051483],[-106.4424122380951,31.935506518350532],[-106.44199795055661,31.935249375795756],[-106.44200899464339,31.935724693051483]]]},"properties":{"OBJECTID":55488,"PIDN":"N42599900204700","CITY_OWNED":" ","STATE_CD":"A1","LAND_ACRES":0.2969,"YR_BLT":"1989","City_Taxes":" ","District_Key(String)":"R-3","Min_Lot_Area(Double - SqFt)":6000,"Min_Lot_Width(Double - Feet)":60,"Min_Lot_Depth":90,"Front_Setback(Double - Feet)":20,"Rear_Setback(Double - Feet)":20,"Side_Setback(Double - Feet)":5,"Max_Density_Factor(Double - SqFt/Unit)":6000,"Current_Area":12646.342088204732,"Lot_Width":129.2690984159708,"Lot_Depth":172.84906375408173,"Shape_Length":604.23632434010506,"Shape_Area":22344.042633534802,"Split_Area_Floor":12000,"Split_Width_Floor":120}},{"type":"Feature","id":55489,"geometry":{"type":"Polygon","coordinates":[[[-106.41256243535602,31.941209936901661],[-106.41319121655567,31.941342725608752],[-106.41275499218837,31.941092059449137],[-106.41256243535602,31.941209936901661]]]},"properties":{"OBJECTID":55489,"PIDN":"S13899901308050","CITY_OWNED":" ","STATE_CD":"A1","LAND_ACRES":0.3327,"YR_BLT":"2011","City_Taxes":" ","District_Key(String)":"R-3A","Min_Lot_Area(Double - SqFt)":5000,"Min_Lot_Width(Double - Feet)":50,"Min_Lot_Depth":90,"Front_Setback(Double - Feet)":15,"Rear_Setback(Double - Feet)":15,"Side_Setback(Double - Feet)":5,"Max_Density_Factor(Double - SqFt/Unit)":5000,"Current_Area":13749.299251106255,"Lot_Width":114.88067576289177,"Lot_Depth":197.76239974796772,"Shape_Length":625.28615102171898,"Shape_Area":22719.078123537667,"Split_Area_Floor":10000,"Split_Width_Floor":100}},{"type":"Feature","id":55490,"geometry":{"type":"Polygon","coordinates":[[[-106.41475384500025,31.942742738668368],[-106.4152023751362,31.942668007914722],[-106.41475414683325,31.942400012046868],[-106.41475384500025,31.942742738668368]]]},"properties":{"OBJECTID":55490,"PIDN":"S13899901306650","CITY_OWNED":" ","STATE_CD":"A1","LAND_ACRES":0.29509999999999997,"YR_BLT":"2011","City_Taxes":" ","District_Key(String)":"R-3A","Min_Lot_Area(Double - SqFt)":5000,"Min_Lot_Width(Double - Feet)":50,"Min_Lot_Depth":90,"Front_Setback(Double - Feet)":15,"Rear_Setback(Double - Feet)":15,"Side_Setback(Double - Feet)":5,"Max_Density_Factor(Double - SqFt/Unit)":5000,"Current_Area":12116.451750263168,"Lot_Width":130.10472665727139,"Lot_Depth":162.68832291662693,"Shape_Length":585.58609914779663,"Shape_Area":21166.519783397645,"Split_Area_Floor":10000,"Split_Width_Floor":100}},{"type":"Feature","id":55491,"geometry":{"type":"Polygon","coordinates":[[[-106.41520552841945,31.942737107208604],[-106.41554165631091,31.942365172725967],[-106.41519473968511,31.942500687411869],[-106.41520552841945,31.942737107208604]]]},"properties":{"OBJECTID":55491,"PIDN":"S13899901302000","CITY_OWNED":" ","STATE_CD":"A1","LAND_ACRES":0.2465,"YR_BLT":"2012","City_Taxes":" ","District_Key(String)":"R-3A","Min_Lot_Area(Double - SqFt)":5000,"Min_Lot_Width(Double - Feet)":50,"Min_Lot_Depth":90,"Front_Setback(Double - Feet)":15,"Rear_Setback(Double - Feet)":15,"Side_Setback(Double - Feet)":5,"Max_Density_Factor(Double - SqFt/Unit)":5000,"Current_Area":10513.14323844683,"Lot_Width":130.92526309192181,"Lot_Depth":131.39573457837105,"Shape_Length":524.64199534058571,"Shape_Area":17203.021118829558,"Split_Area_Floor":10000,"Split_Width_Floor":100}},{"type":"Feature","id":55492,"geometry":{"type":"Polygon","coordinates":[[[-106.41614642860752,31.942721403598934],[-106.41619696242776,31.942381514595546],[-106.41585891624995,31.942346936069175],[-106.41614642860752,31.942721403598934]]]},"properties":{"OBJECTID":55492,"PIDN":"S13899901301700","CITY_OWNED":" ","STATE_CD":"A1","LAND_ACRES":0.2364,"YR_BLT":"2012","City_Taxes":" ","District_Key(String)":"R-3A","Min_Lot_Area(Double - SqFt)":5000,"Min_Lot_Width(Double - Feet)":50,"Min_Lot_Depth":90,"Front_Setback(Double - Feet)":15,"Rear_Setback(Double - Feet)":15,"Side_Setback(Double - Feet)":5,"Max_Density_Factor(Double - SqFt/Unit)":5000,"Current_Area":10266.514652458278,"Lot_Width":120.75172699987888,"Lot_Depth":141.70378483831882,"Shape_Length":524.91102367639542,"Shape_Area":17110.976741646253,"Split_Area_Floor":10000,"Split_Width_Floor":100}},{"type":"Feature","id":55613,"geometry":{"type":"Polygon","coordinates":[[[-106.45832647578455,31.857099566898963],[-106.4582203601922,31.857594359104716],[-106.45871294901234,31.857510523908967],[-106.45832647578455,31.857099566898963]]]},"properties":{"OBJECTID":55613,"PIDN":"S36999900100100","CITY_OWNED":" ","STATE_CD":"A1","LAND_ACRES":0.68189999999999995,"YR_BLT":"2016","City_Taxes":" ","District_Key(String)":"R-2","Min_Lot_Area(Double - SqFt)":10000,"Min_Lot_Width(Double - Feet)":80,"Min_Lot_Depth":110,"Front_Setback(Double - Feet)":25,"Rear_Setback(Double - Feet)":25,"Side_Setback(Double - Feet)":8,"Max_Density_Factor(Double - SqFt/Unit)":10000,"Current_Area":29587.269932991458,"Lot_Width":181.96518725156784,"Lot_Depth":213.73087175190449,"Shape_Length":791.39211800694466,"Shape_Area":38891.578099776132,"Split_Area_Floor":20000,"Split_Width_Floor":160}},{"type":"Feature","id":79605,"geometry":{"type":"Polygon","coordinates":[[[-106.41722855772153,31.940372871297193],[-106.41782084784489,31.940437019904287],[-106.41763329387311,31.940212657357463],[-106.41722855772153,31.940372871297193]]]},"properties":{"OBJECTID":79605,"PIDN":"S14199900300700","CITY_OWNED":" ","STATE_CD":"A1","LAND_ACRES":0.2787,"YR_BLT":"2021","City_Taxes":"11915.79","District_Key(String)":"R-3A","Min_Lot_Area(Double - SqFt)":5000,"Min_Lot_Width(Double - Feet)":50,"Min_Lot_Depth":90,"Front_Setback(Double - Feet)":15,"Rear_Setback(Double - Feet)":15,"Side_Setback(Double - Feet)":5,"Max_Density_Factor(Double - SqFt/Unit)":5000,"Current_Area":12152.648543072661,"Lot_Width":107.05096699297428,"Lot_Depth":192.99075575172901,"Shape_Length":600.08344548940659,"Shape_Area":20659.847023927505,"Split_Area_Floor":10000,"Split_Width_Floor":100}},{"type":"Feature","id":79609,"geometry":{"type":"Polygon","coordinates":[[[-106.45620302104857,31.833084347667715],[-106.45653015763581,31.833312337843871],[-106.45665117288172,31.832863987686729],[-106.45620302104857,31.833084347667715]]]},"properties":{"OBJECTID":79609,"PIDN":"V87799900100900","CITY_OWNED":" ","STATE_CD":"A1","LAND_ACRES":0.54610000000000003,"YR_BLT":"1974","City_Taxes":"4824.48","District_Key(String)":"R-3","Min_Lot_Area(Double - SqFt)":6000,"Min_Lot_Width(Double - Feet)":60,"Min_Lot_Depth":90,"Front_Setback(Double - Feet)":20,"Rear_Setback(Double - Feet)":20,"Side_Setback(Double - Feet)":5,"Max_Density_Factor(Double - SqFt/Unit)":6000,"Current_Area":19850.077630113825,"Lot_Width":145.2109956741333,"Lot_Depth":163.66273041069508,"Shape_Length":617.74745216965675,"Shape_Area":23765.628037684288,"Split_Area_Floor":12000,"Split_Width_Floor":120}},{"type":"Feature","id":79616,"geometry":{"type":"Polygon","coordinates":[[[-106.44483223582155,31.864015564684106],[-106.44532532884789,31.86431356175418],[-106.44530557600186,31.863707754700478],[-106.44483223582155,31.864015564684106]]]},"properties":{"OBJECTID":79616,"PIDN":"S912999001L7600","CITY_OWNED":" ","STATE_CD":"A1","LAND_ACRES":0.751,"YR_BLT":"2023","City_Taxes":"3870.52","District_Key(String)":"R-4","Min_Lot_Area(Double - SqFt)":6000,"Min_Lot_Width(Double - Feet)":50,"Min_Lot_Depth":90,"Front_Setback(Double - Feet)":10,"Rear_Setback(Double - Feet)":10,"Side_Setback(Double - Feet)":5,"Max_Density_Factor(Double - SqFt/Unit)":6000,"Current_Area":33150.846193449157,"Lot_Width":156.15979266166687,"Lot_Depth":224.84535084664822,"Shape_Length":762.01028701663017,"Shape_Area":35111.803369152331,"Split_Area_Floor":12000,"Split_Width_Floor":100}},{"type":"Feature","id":79629,"geometry":{"type":"Polygon","coordinates":[[[-106.41459082761033,31.894646104808043],[-106.4148983658758,31.894796318363813],[-106.41500279823173,31.894627939498324],[-106.41459082761033,31.894646104808043]]]},"properties":{"OBJECTID":79629,"PIDN":"M42599903701100","CITY_OWNED":" ","STATE_CD":"A1","LAND_ACRES":0.1615,"YR_BLT":"1978","City_Taxes":"10754.67","District_Key(String)":"A-2","Min_Lot_Area(Double - SqFt)":3500,"Min_Lot_Width(Double - Feet)":35,"Min_Lot_Depth":90,"Front_Setback(Double - Feet)":10,"Rear_Setback(Double - Feet)":15,"Side_Setback(Double - Feet)":5,"Max_Density_Factor(Double - SqFt/Unit)":3500,"Current_Area":7427.4072005690286,"Lot_Width":116.18644741177559,"Lot_Depth":128.0338646620512,"Shape_Length":488.44062414765358,"Shape_Area":14875.799883483805,"Split_Area_Floor":7000,"Split_Width_Floor":70}},{"type":"Feature","id":83044,"geometry":{"type":"Polygon","coordinates":[[[-106.41693539755775,31.940853759181405],[-106.41736885571511,31.94071296652438],[-106.4171618093562,31.940470405057287],[-106.41693539755775,31.940853759181405]]]},"properties":{"OBJECTID":83044,"PIDN":"S14199900300500","CITY_OWNED":" ","STATE_CD":"A1","LAND_ACRES":0.28739999999999999,"YR_BLT":"2021","City_Taxes":" ","District_Key(String)":"R-3A","Min_Lot_Area(Double - SqFt)":5000,"Min_Lot_Width(Double - Feet)":50,"Min_Lot_Depth":90,"Front_Setback(Double - Feet)":15,"Rear_Setback(Double - Feet)":15,"Side_Setback(Double - Feet)":5,"Max_Density_Factor(Double - SqFt/Unit)":5000,"Current_Area":12537.745626131709,"Lot_Width":137.0663269162178,"Lot_Depth":166.36974599957466,"Shape_Length":606.87214583158493,"Shape_Area":22803.689994145821,"Split_Area_Floor":10000,"Split_Width_Floor":100}},{"type":"Feature","id":83045,"geometry":{"type":"Polygon","coordinates":[[[-106.4171618093562,31.940470405057287],[-106.41736885571511,31.94071296652438],[-106.4177116322322,31.940503695728495],[-106.4171618093562,31.940470405057287]]]},"properties":{"OBJECTID":83045,"PIDN":"S14199900300600","CITY_OWNED":" ","STATE_CD":"A1","LAND_ACRES":0.23300000000000001,"YR_BLT":"2021","City_Taxes":" ","District_Key(String)":"R-3A","Min_Lot_Area(Double - SqFt)":5000,"Min_Lot_Width(Double - Feet)":50,"Min_Lot_Depth":90,"Front_Setback(Double - Feet)":15,"Rear_Setback(Double - Feet)":15,"Side_Setback(Double - Feet)":5,"Max_Density_Factor(Double - SqFt/Unit)":5000,"Current_Area":10171.338246254407,"Lot_Width":125.92199225723743,"Lot_Depth":169.64959508180618,"Shape_Length":591.14317467808723,"Shape_Area":21362.614998334666,"Split_Area_Floor":10000,"Split_Width_Floor":100}},{"type":"Feature","id":83046,"geometry":{"type":"Polygon","coordinates":[[[-106.40188867965149,31.922649730463842],[-106.40207389277136,31.922439600800857],[-106.40179008621546,31.922291542355232],[-106.40188867965149,31.922649730463842]]]},"properties":{"OBJECTID":83046,"PIDN":"H41299901101300","CITY_OWNED":" ","STATE_CD":"A1","LAND_ACRES":0.18640000000000001,"YR_BLT":"2022","City_Taxes":" ","District_Key(String)":"P-R 1","Min_Lot_Area(Double - SqFt)":4000,"Min_Lot_Width(Double - Feet)":40,"Min_Lot_Depth":100,"Front_Setback(Double - Feet)":10,"Rear_Setback(Double - Feet)":10,"Side_Setback(Double - Feet)":5,"Max_Density_Factor(Double - SqFt/Unit)":4000,"Current_Area":8020.026663478814,"Lot_Width":109.00142242014408,"Lot_Depth":133.62046766281128,"Shape_Length":485.24378016591072,"Shape_Area":14564.821039691295,"Split_Area_Floor":8000,"Split_Width_Floor":80}},{"type":"Feature","id":83047,"geometry":{"type":"Polygon","coordinates":[[[-106.40226195660739,31.921037669086555],[-106.40254134541432,31.921138925120708],[-106.40267535565471,31.920766036149171],[-106.40226195660739,31.921037669086555]]]},"properties":{"OBJECTID":83047,"PIDN":"H41299901100300","CITY_OWNED":" ","STATE_CD":"A1","LAND_ACRES":0.21249999999999999,"YR_BLT":"2022","City_Taxes":" ","District_Key(String)":"P-R 1","Min_Lot_Area(Double - SqFt)":4000,"Min_Lot_Width(Double - Feet)":40,"Min_Lot_Depth":100,"Front_Setback(Double - Feet)":10,"Rear_Setback(Double - Feet)":10,"Side_Setback(Double - Feet)":5,"Max_Density_Factor(Double - SqFt/Unit)":4000,"Current_Area":9199.1381740702709,"Lot_Width":133.18772575259209,"Lot_Depth":133.46954934298992,"Shape_Length":533.31455019116402,"Shape_Area":17776.5057342162,"Split_Area_Floor":8000,"Split_Width_Floor":80}},{"type":"Feature","id":83048,"geometry":{"type":"Polygon","coordinates":[[[-106.40216431671183,31.920843877918497],[-106.40274890360058,31.920561385581181],[-106.4022722964787,31.920561092331905],[-106.40216431671183,31.920843877918497]]]},"properties":{"OBJECTID":83048,"PIDN":"H41299901100200","CITY_OWNED":" ","STATE_CD":"A1","LAND_ACRES":0.36849999999999999,"YR_BLT":"2021","City_Taxes":" ","District_Key(String)":"P-R 1","Min_Lot_Area(Double - SqFt)":4000,"Min_Lot_Width(Double - Feet)":40,"Min_Lot_Depth":100,"Front_Setback(Double - Feet)":10,"Rear_Setback(Double - Feet)":10,"Side_Setback(Double - Feet)":5,"Max_Density_Factor(Double - SqFt/Unit)":4000,"Current_Area":15835.753455046346,"Lot_Width":131.97020851075649,"Lot_Depth":186.72337983548641,"Shape_Length":637.38717669248581,"Shape_Area":24641.923370722325,"Split_Area_Floor":8000,"Split_Width_Floor":80}},{"type":"Feature","id":83049,"geometry":{"type":"Polygon","coordinates":[[[-106.40228341090133,31.9214051354455],[-106.40254134541432,31.921138925120708],[-106.40226195660739,31.921037669086555],[-106.40228341090133,31.9214051354455]]]},"properties":{"OBJECTID":83049,"PIDN":"H41299901100400","CITY_OWNED":" ","STATE_CD":"A1","LAND_ACRES":0.23139999999999999,"YR_BLT":"2022","City_Taxes":" ","District_Key(String)":"P-R 1","Min_Lot_Area(Double - SqFt)":4000,"Min_Lot_Width(Double - Feet)":40,"Min_Lot_Depth":100,"Front_Setback(Double - Feet)":10,"Rear_Setback(Double - Feet)":10,"Side_Setback(Double - Feet)":5,"Max_Density_Factor(Double - SqFt/Unit)":4000,"Current_Area":10028.317403094261,"Lot_Width":115.2674860060215,"Lot_Depth":136.04598774015903,"Shape_Length":502.62694749236107,"Shape_Area":15681.678988014153,"Split_Area_Floor":8000,"Split_Width_Floor":80}},{"type":"Feature","id":83050,"geometry":{"type":"Polygon","coordinates":[[[-106.39473018416135,31.921120155350941],[-106.39451813880272,31.921028894955995],[-106.39438479772653,31.921288234279469],[-106.39473018416135,31.921120155350941]]]},"properties":{"OBJECTID":83050,"PIDN":"H41299901805300","CITY_OWNED":" ","STATE_CD":"A1","LAND_ACRES":0.18490000000000001,"YR_BLT":"2021","City_Taxes":" ","District_Key(String)":"P-R 1","Min_Lot_Area(Double - SqFt)":4000,"Min_Lot_Width(Double - Feet)":40,"Min_Lot_Depth":100,"Front_Setback(Double - Feet)":10,"Rear_Setback(Double - Feet)":10,"Side_Setback(Double - Feet)":5,"Max_Density_Factor(Double - SqFt/Unit)":4000,"Current_Area":8058.3427792928724,"Lot_Width":112.98468217253685,"Lot_Depth":130.91443634033203,"Shape_Length":487.79823702573776,"Shape_Area":14791.325981709222,"Split_Area_Floor":8000,"Split_Width_Floor":80}},{"type":"Feature","id":83051,"geometry":{"type":"Polygon","coordinates":[[[-106.39596162643949,31.92173834670885],[-106.39631080810965,31.921988613808693],[-106.39631035234034,31.921738419025015],[-106.39596162643949,31.92173834670885]]]},"properties":{"OBJECTID":83051,"PIDN":"H41299901700900","CITY_OWNED":" ","STATE_CD":"A1","LAND_ACRES":0.19389999999999999,"YR_BLT":"2022","City_Taxes":" ","District_Key(String)":"P-R 1","Min_Lot_Area(Double - SqFt)":4000,"Min_Lot_Width(Double - Feet)":40,"Min_Lot_Depth":100,"Front_Setback(Double - Feet)":10,"Rear_Setback(Double - Feet)":10,"Side_Setback(Double - Feet)":5,"Max_Density_Factor(Double - SqFt/Unit)":4000,"Current_Area":8366.1383705279241,"Lot_Width":96.814110830426216,"Lot_Depth":117.70383283495903,"Shape_Length":429.03588733077049,"Shape_Area":11395.391917249684,"Split_Area_Floor":8000,"Split_Width_Floor":80}},{"type":"Feature","id":83052,"geometry":{"type":"Polygon","coordinates":[[[-106.3958920555414,31.902862294904129],[-106.39625399977213,31.902862559137073],[-106.39622406180295,31.901639613809234],[-106.3958920555414,31.902862294904129]]]},"properties":{"OBJECTID":83052,"PIDN":"P448999000006D1","CITY_OWNED":" ","STATE_CD":"A1","LAND_ACRES":1.1083000000000001,"YR_BLT":"1957","City_Taxes":" ","District_Key(String)":"R-4","Min_Lot_Area(Double - SqFt)":6000,"Min_Lot_Width(Double - Feet)":50,"Min_Lot_Depth":90,"Front_Setback(Double - Feet)":10,"Rear_Setback(Double - Feet)":10,"Side_Setback(Double - Feet)":5,"Max_Density_Factor(Double - SqFt/Unit)":6000,"Current_Area":49473.605888541562,"Lot_Width":127.11424708366394,"Lot_Depth":444.74976666271687,"Shape_Length":1143.7280274927616,"Shape_Area":56534.031729966475,"Split_Area_Floor":12000,"Split_Width_Floor":100}},{"type":"Feature","id":88207,"geometry":{"type":"Polygon","coordinates":[[[-106.45716916380766,31.832848669231961],[-106.45677558001475,31.833637419201697],[-106.45721970765166,31.833632531105554],[-106.45716916380766,31.832848669231961]]]},"properties":{"OBJECTID":88207,"PIDN":"V87799900101500","CITY_OWNED":" ","STATE_CD":"A1","LAND_ACRES":0.68910000000000005,"YR_BLT":"1968","City_Taxes":" ","District_Key(String)":"R-3","Min_Lot_Area(Double - SqFt)":6000,"Min_Lot_Width(Double - Feet)":60,"Min_Lot_Depth":90,"Front_Setback(Double - Feet)":20,"Rear_Setback(Double - Feet)":20,"Side_Setback(Double - Feet)":5,"Max_Density_Factor(Double - SqFt/Unit)":6000,"Current_Area":28788.994783136764,"Lot_Width":137.83830699324608,"Lot_Depth":285.91642291843891,"Shape_Length":847.50945982336998,"Shape_Area":39410.235676642558,"Split_Area_Floor":12000,"Split_Width_Floor":120}},{"type":"Feature","id":88208,"geometry":{"type":"Polygon","coordinates":[[[-106.45677818516594,31.833772214844466],[-106.45690031060229,31.834096950465113],[-106.45721970765166,31.833632531105554],[-106.45677818516594,31.833772214844466]]]},"properties":{"OBJECTID":88208,"PIDN":"V87799900101800","CITY_OWNED":" ","STATE_CD":"A1","LAND_ACRES":0.38750000000000001,"YR_BLT":"1968","City_Taxes":" ","District_Key(String)":"R-3","Min_Lot_Area(Double - SqFt)":6000,"Min_Lot_Width(Double - Feet)":60,"Min_Lot_Depth":90,"Front_Setback(Double - Feet)":20,"Rear_Setback(Double - Feet)":20,"Side_Setback(Double - Feet)":5,"Max_Density_Factor(Double - SqFt/Unit)":6000,"Current_Area":18036.345501047359,"Lot_Width":139.71199092268944,"Lot_Depth":169.04953067004681,"Shape_Length":617.52304318547249,"Shape_Area":23618.24649445849,"Split_Area_Floor":12000,"Split_Width_Floor":120}},{"type":"Feature","id":88220,"geometry":{"type":"Polygon","coordinates":[[[-106.42980670914665,31.853093831234244],[-106.43007294593862,31.852866692737138],[-106.42957596157767,31.85287490091909],[-106.42980670914665,31.853093831234244]]]},"properties":{"OBJECTID":88220,"PIDN":"S917999002C5670","CITY_OWNED":" ","STATE_CD":"A1","LAND_ACRES":0.28360000000000002,"YR_BLT":"2006","City_Taxes":" ","District_Key(String)":"A-2","Min_Lot_Area(Double - SqFt)":3500,"Min_Lot_Width(Double - Feet)":35,"Min_Lot_Depth":90,"Front_Setback(Double - Feet)":10,"Rear_Setback(Double - Feet)":15,"Side_Setback(Double - Feet)":5,"Max_Density_Factor(Double - SqFt/Unit)":3500,"Current_Area":12514.539410471949,"Lot_Width":87.288539335131645,"Lot_Depth":156.99706134200096,"Shape_Length":488.57120135426521,"Shape_Area":13704.044164451327,"Split_Area_Floor":7000,"Split_Width_Floor":70}},{"type":"Feature","id":88222,"geometry":{"type":"Polygon","coordinates":[[[-106.42958942939127,31.853431197162198],[-106.42980670914665,31.853093831234244],[-106.42958131809323,31.853096136687867],[-106.42958942939127,31.853431197162198]]]},"properties":{"OBJECTID":88222,"PIDN":"S917999002C5700","CITY_OWNED":" ","STATE_CD":"A1","LAND_ACRES":0.19620000000000001,"YR_BLT":"1986","City_Taxes":" ","District_Key(String)":"A-2","Min_Lot_Area(Double - SqFt)":3500,"Min_Lot_Width(Double - Feet)":35,"Min_Lot_Depth":90,"Front_Setback(Double - Feet)":10,"Rear_Setback(Double - Feet)":15,"Side_Setback(Double - Feet)":5,"Max_Density_Factor(Double - SqFt/Unit)":3500,"Current_Area":8503.5950210784704,"Lot_Width":74.088106408715248,"Lot_Depth":124.63360899686813,"Shape_Length":397.44343081116676,"Shape_Area":9233.8680854621762,"Split_Area_Floor":7000,"Split_Width_Floor":70}},{"type":"Feature","id":88223,"geometry":{"type":"Polygon","coordinates":[[[-106.42981367343299,31.853428370098232],[-106.43007779087696,31.853091706215263],[-106.42980670914665,31.853093831234244],[-106.42981367343299,31.853428370098232]]]},"properties":{"OBJECTID":88223,"PIDN":"S917999002C5600","CITY_OWNED":" ","STATE_CD":"A1","LAND_ACRES":0.23619999999999999,"YR_BLT":"1992","City_Taxes":" ","District_Key(String)":"A-2","Min_Lot_Area(Double - SqFt)":3500,"Min_Lot_Width(Double - Feet)":35,"Min_Lot_Depth":90,"Front_Setback(Double - Feet)":10,"Rear_Setback(Double - Feet)":15,"Side_Setback(Double - Feet)":5,"Max_Density_Factor(Double - SqFt/Unit)":3500,"Current_Area":10187.491757420046,"Lot_Width":88.595951423048973,"Lot_Depth":124.15920050442219,"Shape_Length":425.51030385494232,"Shape_Area":11000.002496614386,"Split_Area_Floor":7000,"Split_Width_Floor":70}},{"type":"Feature","id":88224,"geometry":{"type":"Polygon","coordinates":[[[-106.45440641018686,31.852999151503194],[-106.45469211221054,31.851445760087415],[-106.45431194969247,31.851461095359152],[-106.45440641018686,31.852999151503194]]]},"properties":{"OBJECTID":88224,"PIDN":"P32499901000100","CITY_OWNED":" ","STATE_CD":"A1","LAND_ACRES":0.1772,"YR_BLT":"2023","City_Taxes":" ","District_Key(String)":"R-4","Min_Lot_Area(Double - SqFt)":6000,"Min_Lot_Width(Double - Feet)":50,"Min_Lot_Depth":90,"Front_Setback(Double - Feet)":10,"Rear_Setback(Double - Feet)":10,"Side_Setback(Double - Feet)":5,"Max_Density_Factor(Double - SqFt/Unit)":6000,"Current_Area":67438.62743742975,"Lot_Width":139.62865775823593,"Lot_Depth":564.08712641894817,"Shape_Length":1407.4315683543682,"Shape_Area":78762.728320578084,"Split_Area_Floor":12000,"Split_Width_Floor":100}},{"type":"Feature","id":88228,"geometry":{"type":"Polygon","coordinates":[[[-106.44477872961299,31.863118967182974],[-106.44500952802548,31.862816211567072],[-106.44432019517379,31.862827833854421],[-106.44477872961299,31.863118967182974]]]},"properties":{"OBJECTID":88228,"PIDN":"S912999001K2800","CITY_OWNED":" ","STATE_CD":"A1","LAND_ACRES":0.53000000000000003,"YR_BLT":"1994","City_Taxes":" ","District_Key(String)":"R-4","Min_Lot_Area(Double - SqFt)":6000,"Min_Lot_Width(Double - Feet)":50,"Min_Lot_Depth":90,"Front_Setback(Double - Feet)":10,"Rear_Setback(Double - Feet)":10,"Side_Setback(Double - Feet)":5,"Max_Density_Factor(Double - SqFt/Unit)":6000,"Current_Area":23425.048627052307,"Lot_Width":115.10442858934402,"Lot_Depth":217.5796173363924,"Shape_Length":665.36809185147285,"Shape_Area":25044.377526193577,"Split_Area_Floor":12000,"Split_Width_Floor":100}},{"type":"Feature","id":88231,"geometry":{"type":"Polygon","coordinates":[[[-106.44505670651299,31.863415143400111],[-106.44564008097713,31.86370055431933],[-106.44563190512687,31.863381250370434],[-106.44505670651299,31.863415143400111]]]},"properties":{"OBJECTID":88231,"PIDN":"S912999001L1000","CITY_OWNED":" ","STATE_CD":"A1","LAND_ACRES":0.4864,"YR_BLT":"2000","City_Taxes":" ","District_Key(String)":"R-4","Min_Lot_Area(Double - SqFt)":6000,"Min_Lot_Width(Double - Feet)":50,"Min_Lot_Depth":90,"Front_Setback(Double - Feet)":10,"Rear_Setback(Double - Feet)":10,"Side_Setback(Double - Feet)":5,"Max_Density_Factor(Double - SqFt/Unit)":6000,"Current_Area":20906.723362273093,"Lot_Width":123.00270675122738,"Lot_Depth":182.50225965678692,"Shape_Length":611.00993281602859,"Shape_Area":22448.271926000118,"Split_Area_Floor":12000,"Split_Width_Floor":100}},{"type":"Feature","id":88299,"geometry":{"type":"Polygon","coordinates":[[[-106.41513185979635,31.893824870460037],[-106.4155373696906,31.893804502216714],[-106.41525450601134,31.893638030582398],[-106.41513185979635,31.893824870460037]]]},"properties":{"OBJECTID":88299,"PIDN":"M42599903700100","CITY_OWNED":" ","STATE_CD":"A1","LAND_ACRES":0.18079999999999999,"YR_BLT":"1982","City_Taxes":" ","District_Key(String)":"A-2","Min_Lot_Area(Double - SqFt)":3500,"Min_Lot_Width(Double - Feet)":35,"Min_Lot_Depth":90,"Front_Setback(Double - Feet)":10,"Rear_Setback(Double - Feet)":15,"Side_Setback(Double - Feet)":5,"Max_Density_Factor(Double - SqFt/Unit)":3500,"Current_Area":8508.7404994011304,"Lot_Width":125.69299007952213,"Lot_Depth":126.07651950418949,"Shape_Length":503.53901916742325,"Shape_Area":15846.934715300769,"Split_Area_Floor":7000,"Split_Width_Floor":70}},{"type":"Feature","id":88300,"geometry":{"type":"Polygon","coordinates":[[[-106.41503031604478,31.893979098181212],[-106.41544143793622,31.893975323445552],[-106.41513185979635,31.893824870460037],[-106.41503031604478,31.893979098181212]]]},"properties":{"OBJECTID":88300,"PIDN":"M42599903700300","CITY_OWNED":" ","STATE_CD":"A1","LAND_ACRES":0.16869999999999999,"YR_BLT":"1978","City_Taxes":" ","District_Key(String)":"A-2","Min_Lot_Area(Double - SqFt)":3500,"Min_Lot_Width(Double - Feet)":35,"Min_Lot_Depth":90,"Front_Setback(Double - Feet)":10,"Rear_Setback(Double - Feet)":15,"Side_Setback(Double - Feet)":5,"Max_Density_Factor(Double - SqFt/Unit)":3500,"Current_Area":7011.6122081783096,"Lot_Width":112.59819999337196,"Lot_Depth":127.48563742637634,"Shape_Length":480.16767483949661,"Shape_Area":14354.653299217629,"Split_Area_Floor":7000,"Split_Width_Floor":70}},{"type":"Feature","id":88301,"geometry":{"type":"Polygon","coordinates":[[[-106.41491535717356,31.894153713761753],[-106.41522564232631,31.894301298269955],[-106.41534202770877,31.894125029813637],[-106.41491535717356,31.894153713761753]]]},"properties":{"OBJECTID":88301,"PIDN":"M42599903700500","CITY_OWNED":" ","STATE_CD":"A1","LAND_ACRES":0.16869999999999999,"YR_BLT":"1978","City_Taxes":" ","District_Key(String)":"A-2","Min_Lot_Area(Double - SqFt)":3500,"Min_Lot_Width(Double - Feet)":35,"Min_Lot_Depth":90,"Front_Setback(Double - Feet)":10,"Rear_Setback(Double - Feet)":15,"Side_Setback(Double - Feet)":5,"Max_Density_Factor(Double - SqFt/Unit)":3500,"Current_Area":8077.5261242759207,"Lot_Width":120.3527776747942,"Lot_Depth":132.79927508533001,"Shape_Length":506.30410552024841,"Shape_Area":15982.76162971856,"Split_Area_Floor":7000,"Split_Width_Floor":70}},{"type":"Feature","id":88302,"geometry":{"type":"Polygon","coordinates":[[[-106.41480718090054,31.894320708510058],[-106.41522564232631,31.894301298269955],[-106.41491535717356,31.894153713761753],[-106.41480718090054,31.894320708510058]]]},"properties":{"OBJECTID":88302,"PIDN":"M42599903700700","CITY_OWNED":" ","STATE_CD":"A1","LAND_ACRES":0.16869999999999999,"YR_BLT":"1978","City_Taxes":" ","District_Key(String)":"A-2","Min_Lot_Area(Double - SqFt)":3500,"Min_Lot_Width(Double - Feet)":35,"Min_Lot_Depth":90,"Front_Setback(Double - Feet)":10,"Rear_Setback(Double - Feet)":15,"Side_Setback(Double - Feet)":5,"Max_Density_Factor(Double - SqFt/Unit)":3500,"Current_Area":7592.2719000209527,"Lot_Width":116.76059325039387,"Lot_Depth":130.07060600817204,"Shape_Length":493.66239851713181,"Shape_Area":15187.121121952412,"Split_Area_Floor":7000,"Split_Width_Floor":70}},{"type":"Feature","id":88303,"geometry":{"type":"Polygon","coordinates":[[[-106.41470396210281,31.894485544300331],[-106.41511542023615,31.894465803893361],[-106.41480718090054,31.894320708510058],[-106.41470396210281,31.894485544300331]]]},"properties":{"OBJECTID":88303,"PIDN":"M42599903700900","CITY_OWNED":" ","STATE_CD":"A1","LAND_ACRES":0.1651,"YR_BLT":"1978","City_Taxes":" ","District_Key(String)":"A-2","Min_Lot_Area(Double - SqFt)":3500,"Min_Lot_Width(Double - Feet)":35,"Min_Lot_Depth":90,"Front_Setback(Double - Feet)":10,"Rear_Setback(Double - Feet)":15,"Side_Setback(Double - Feet)":5,"Max_Density_Factor(Double - SqFt/Unit)":3500,"Current_Area":7354.7623371994086,"Lot_Width":114.920045748353,"Lot_Depth":127.90656833350658,"Shape_Length":485.65322816371918,"Shape_Area":14699.028684401417,"Split_Area_Floor":7000,"Split_Width_Floor":70}},{"type":"Feature","id":88304,"geometry":{"type":"Polygon","coordinates":[[[-106.41448774993545,31.89480491587976],[-106.4148983658758,31.894796318363813],[-106.41459082761033,31.894646104808043],[-106.41448774993545,31.89480491587976]]]},"properties":{"OBJECTID":88304,"PIDN":"M42599903701300","CITY_OWNED":" ","STATE_CD":"A1","LAND_ACRES":0.15790000000000001,"YR_BLT":"1978","City_Taxes":" ","District_Key(String)":"A-2","Min_Lot_Area(Double - SqFt)":3500,"Min_Lot_Width(Double - Feet)":35,"Min_Lot_Depth":90,"Front_Setback(Double - Feet)":10,"Rear_Setback(Double - Feet)":15,"Side_Setback(Double - Feet)":5,"Max_Density_Factor(Double - SqFt/Unit)":3500,"Current_Area":7138.2209069776063,"Lot_Width":113.76289583742619,"Lot_Depth":127.42362967133522,"Shape_Length":482.37305101752281,"Shape_Area":14496.081109526878,"Split_Area_Floor":7000,"Split_Width_Floor":70}},{"type":"Feature","id":88305,"geometry":{"type":"Polygon","coordinates":[[[-106.41438164453987,31.894957311991259],[-106.41469714999982,31.895109261217492],[-106.41479483500736,31.894949758845943],[-106.41438164453987,31.894957311991259]]]},"properties":{"OBJECTID":88305,"PIDN":"M42599903701500","CITY_OWNED":" ","STATE_CD":"A1","LAND_ACRES":0.15670000000000001,"YR_BLT":"1978","City_Taxes":" ","District_Key(String)":"A-2","Min_Lot_Area(Double - SqFt)":3500,"Min_Lot_Width(Double - Feet)":35,"Min_Lot_Depth":90,"Front_Setback(Double - Feet)":10,"Rear_Setback(Double - Feet)":15,"Side_Setback(Double - Feet)":5,"Max_Density_Factor(Double - SqFt/Unit)":3500,"Current_Area":7188.7422070558978,"Lot_Width":114.10541482269764,"Lot_Depth":128.20053100585938,"Shape_Length":484.61189165711403,"Shape_Area":14628.374770913695,"Split_Area_Floor":7000,"Split_Width_Floor":70}},{"type":"Feature","id":98596,"geometry":{"type":"Polygon","coordinates":[[[-106.46226453055944,31.851630424126235],[-106.46203588069064,31.852401279316897],[-106.46261109084593,31.852089256448014],[-106.46226453055944,31.851630424126235]]]},"properties":{"OBJECTID":98596,"PIDN":"M82099900606150","CITY_OWNED":" ","STATE_CD":"A1","LAND_ACRES":0.89710000000000001,"YR_BLT":"1957","City_Taxes":" ","District_Key(String)":"R-2","Min_Lot_Area(Double - SqFt)":10000,"Min_Lot_Width(Double - Feet)":80,"Min_Lot_Depth":110,"Front_Setback(Double - Feet)":25,"Rear_Setback(Double - Feet)":25,"Side_Setback(Double - Feet)":8,"Max_Density_Factor(Double - SqFt/Unit)":10000,"Current_Area":40668.3523900902,"Lot_Width":271.84164792299271,"Lot_Depth":276.92004983127117,"Shape_Length":1097.5233955085278,"Shape_Area":75278.40268905001,"Split_Area_Floor":20000,"Split_Width_Floor":160}},{"type":"Feature","id":98607,"geometry":{"type":"Polygon","coordinates":[[[-106.44996908663818,31.863108803347632],[-106.44932397445255,31.863043505031726],[-106.44933174525666,31.863341647231785],[-106.44996908663818,31.863108803347632]]]},"properties":{"OBJECTID":98607,"PIDN":"S912999001I0200","CITY_OWNED":" ","STATE_CD":"A1","LAND_ACRES":0.31519999999999998,"YR_BLT":"2021","City_Taxes":" ","District_Key(String)":"R-4","Min_Lot_Area(Double - SqFt)":6000,"Min_Lot_Width(Double - Feet)":50,"Min_Lot_Depth":90,"Front_Setback(Double - Feet)":10,"Rear_Setback(Double - Feet)":10,"Side_Setback(Double - Feet)":5,"Max_Density_Factor(Double - SqFt/Unit)":6000,"Current_Area":13642.615856698561,"Lot_Width":111.28553858399391,"Lot_Depth":202.87098534405231,"Shape_Length":628.31304785609245,"Shape_Area":22576.606867078397,"Split_Area_Floor":12000,"Split_Width_Floor":100}},{"type":"Feature","id":98668,"geometry":{"type":"Polygon","coordinates":[[[-106.42321515130784,31.898309362142438],[-106.42380802229913,31.898303359268372],[-106.42379944178806,31.898012457134822],[-106.42321515130784,31.898309362142438]]]},"properties":{"OBJECTID":98668,"PIDN":"M42599905809700","CITY_OWNED":" ","STATE_CD":"A1","LAND_ACRES":0.3004,"YR_BLT":"1962","City_Taxes":" ","District_Key(String)":"R-4","Min_Lot_Area(Double - SqFt)":6000,"Min_Lot_Width(Double - Feet)":50,"Min_Lot_Depth":90,"Front_Setback(Double - Feet)":10,"Rear_Setback(Double - Feet)":10,"Side_Setback(Double - Feet)":5,"Max_Density_Factor(Double - SqFt/Unit)":6000,"Current_Area":13128.990288732994,"Lot_Width":110.96270458400249,"Lot_Depth":186.97895675897598,"Shape_Length":595.88332268595695,"Shape_Area":20747.690742271228,"Split_Area_Floor":12000,"Split_Width_Floor":100}},{"type":"Feature","id":98669,"geometry":{"type":"Polygon","coordinates":[[[-106.42321515130784,31.898309362142438],[-106.42380802229913,31.898303359268372],[-106.42379944178806,31.898012457134822],[-106.42321515130784,31.898309362142438]]]},"properties":{"OBJECTID":98669,"PIDN":"M42599905809700","CITY_OWNED":" ","STATE_CD":"A1","LAND_ACRES":0.3004,"YR_BLT":"1962","City_Taxes":" ","District_Key(String)":"R-4","Min_Lot_Area(Double - SqFt)":6000,"Min_Lot_Width(Double - Feet)":50,"Min_Lot_Depth":90,"Front_Setback(Double - Feet)":10,"Rear_Setback(Double - Feet)":10,"Side_Setback(Double - Feet)":5,"Max_Density_Factor(Double - SqFt/Unit)":6000,"Current_Area":13128.990288732994,"Lot_Width":109.1884299069643,"Lot_Depth":186.97895675897598,"Shape_Length":592.33477333188057,"Shape_Area":20415.93871415476,"Split_Area_Floor":12000,"Split_Width_Floor":100}},{"type":"Feature","id":98670,"geometry":{"type":"Polygon","coordinates":[[[-106.42321515130784,31.898309362142438],[-106.42380787834152,31.898298481575566],[-106.42379944178806,31.898012457134822],[-106.42321515130784,31.898309362142438]]]},"properties":{"OBJECTID":98670,"PIDN":"M42599905809700","CITY_OWNED":" ","STATE_CD":"A1","LAND_ACRES":0.3004,"YR_BLT":"1962","City_Taxes":" ","District_Key(String)":"R-4","Min_Lot_Area(Double - SqFt)":6000,"Min_Lot_Width(Double - Feet)":50,"Min_Lot_Depth":90,"Front_Setback(Double - Feet)":10,"Rear_Setback(Double - Feet)":10,"Side_Setback(Double - Feet)":5,"Max_Density_Factor(Double - SqFt/Unit)":6000,"Current_Area":12965.689419759845,"Lot_Width":110.96270458400249,"Lot_Depth":186.97895675897598,"Shape_Length":595.88332268595695,"Shape_Area":20747.690742271228,"Split_Area_Floor":12000,"Split_Width_Floor":100}},{"type":"Feature","id":98671,"geometry":{"type":"Polygon","coordinates":[[[-106.42321515130784,31.898309362142438],[-106.42380787834152,31.898298481575566],[-106.42379944178806,31.898012457134822],[-106.42321515130784,31.898309362142438]]]},"properties":{"OBJECTID":98671,"PIDN":"M42599905809700","CITY_OWNED":" ","STATE_CD":"A1","LAND_ACRES":0.3004,"YR_BLT":"1962","City_Taxes":" ","District_Key(String)":"R-4","Min_Lot_Area(Double - SqFt)":6000,"Min_Lot_Width(Double - Feet)":50,"Min_Lot_Depth":90,"Front_Setback(Double - Feet)":10,"Rear_Setback(Double - Feet)":10,"Side_Setback(Double - Feet)":5,"Max_Density_Factor(Double - SqFt/Unit)":6000,"Current_Area":12965.689419759845,"Lot_Width":109.1884299069643,"Lot_Depth":186.97895675897598,"Shape_Length":592.33477333188057,"Shape_Area":20415.93871415476,"Split_Area_Floor":12000,"Split_Width_Floor":100}},{"type":"Feature","id":98697,"geometry":{"type":"Polygon","coordinates":[[[-106.46053291406088,31.848562513732681],[-106.46090800841661,31.847998003537757],[-106.46023760499943,31.848140255492236],[-106.46053291406088,31.848562513732681]]]},"properties":{"OBJECTID":98697,"PIDN":"M82099901702800","CITY_OWNED":" ","STATE_CD":"A1","LAND_ACRES":0.68500000000000005,"YR_BLT":"1986","City_Taxes":" ","District_Key(String)":"R-2","Min_Lot_Area(Double - SqFt)":10000,"Min_Lot_Width(Double - Feet)":80,"Min_Lot_Depth":110,"Front_Setback(Double - Feet)":25,"Rear_Setback(Double - Feet)":25,"Side_Setback(Double - Feet)":8,"Max_Density_Factor(Double - SqFt/Unit)":10000,"Current_Area":36465.092353288186,"Lot_Width":210.70922423899174,"Lot_Depth":236.4549076706171,"Shape_Length":894.32826381921768,"Shape_Area":49823.230162778149,"Split_Area_Floor":20000,"Split_Width_Floor":160}},{"type":"Feature","id":98708,"geometry":{"type":"Polygon","coordinates":[[[-106.41872461490036,31.934820180198695],[-106.41926114982671,31.934850626998191],[-106.41906605139864,31.934612153501948],[-106.41872461490036,31.934820180198695]]]},"properties":{"OBJECTID":98708,"PIDN":"S13899900100350","CITY_OWNED":" ","STATE_CD":"A1","LAND_ACRES":0.2326,"YR_BLT":"2007","City_Taxes":" ","District_Key(String)":"R-3A","Min_Lot_Area(Double - SqFt)":5000,"Min_Lot_Width(Double - Feet)":50,"Min_Lot_Depth":90,"Front_Setback(Double - Feet)":15,"Rear_Setback(Double - Feet)":15,"Side_Setback(Double - Feet)":5,"Max_Density_Factor(Double - SqFt/Unit)":5000,"Current_Area":10132.151190291221,"Lot_Width":116.92102600634098,"Lot_Depth":170.80379223823547,"Shape_Length":575.44963648915291,"Shape_Area":19970.554634268392,"Split_Area_Floor":10000,"Split_Width_Floor":100}},{"type":"Feature","id":98756,"geometry":{"type":"Polygon","coordinates":[[[-106.45971414282725,31.850928729728338],[-106.45970004012523,31.850470599611288],[-106.45878938897985,31.850567650548104],[-106.45971414282725,31.850928729728338]]]},"properties":{"OBJECTID":98756,"PIDN":"M82099900308100","CITY_OWNED":" ","STATE_CD":"A1","LAND_ACRES":0.91679999999999995,"YR_BLT":"1959","City_Taxes":" ","District_Key(String)":"R-2","Min_Lot_Area(Double - SqFt)":10000,"Min_Lot_Width(Double - Feet)":80,"Min_Lot_Depth":110,"Front_Setback(Double - Feet)":25,"Rear_Setback(Double - Feet)":25,"Side_Setback(Double - Feet)":8,"Max_Density_Factor(Double - SqFt/Unit)":10000,"Current_Area":48943.283579447183,"Lot_Width":258.4450211673975,"Lot_Depth":284.28584875166416,"Shape_Length":1085.4617398381233,"Shape_Area":73472.262198215409,"Split_Area_Floor":20000,"Split_Width_Floor":160}},{"type":"Feature","id":102217,"geometry":{"type":"Polygon","coordinates":[[[-106.35202095521501,31.965879626671665],[-106.35260063006643,31.965775669885858],[-106.35227046249379,31.965653825053991],[-106.35202095521501,31.965879626671665]]]},"properties":{"OBJECTID":102217,"PIDN":"V88699900302300","CITY_OWNED":" ","STATE_CD":"A1","LAND_ACRES":0.1948,"YR_BLT":"2024","City_Taxes":" ","District_Key(String)":"P-R 1","Min_Lot_Area(Double - SqFt)":4000,"Min_Lot_Width(Double - Feet)":40,"Min_Lot_Depth":100,"Front_Setback(Double - Feet)":10,"Rear_Setback(Double - Feet)":10,"Side_Setback(Double - Feet)":5,"Max_Density_Factor(Double - SqFt/Unit)":4000,"Current_Area":8475.621864166158,"Lot_Width":83.386644259095192,"Lot_Depth":181.56164474785328,"Shape_Length":529.89657801389694,"Shape_Area":15139.81628168546,"Split_Area_Floor":8000,"Split_Width_Floor":80}},{"type":"Feature","id":102218,"geometry":{"type":"Polygon","coordinates":[[[-106.35350389753665,31.966661965489521],[-106.35389385102116,31.966679443703708],[-106.35364466778374,31.966394166747659],[-106.35350389753665,31.966661965489521]]]},"properties":{"OBJECTID":102218,"PIDN":"V88699900400120","CITY_OWNED":" ","STATE_CD":"A1","LAND_ACRES":0.18540000000000001,"YR_BLT":"2024","City_Taxes":" ","District_Key(String)":"P-R 1","Min_Lot_Area(Double - SqFt)":4000,"Min_Lot_Width(Double - Feet)":40,"Min_Lot_Depth":100,"Front_Setback(Double - Feet)":10,"Rear_Setback(Double - Feet)":10,"Side_Setback(Double - Feet)":5,"Max_Density_Factor(Double - SqFt/Unit)":4000,"Current_Area":8067.0986367618889,"Lot_Width":120.41741007566452,"Lot_Depth":132.17854142189026,"Shape_Length":505.19190299510956,"Shape_Area":15916.597625602968,"Split_Area_Floor":8000,"Split_Width_Floor":80}},{"type":"Feature","id":102219,"geometry":{"type":"Polygon","coordinates":[[[-106.35364466778374,31.966394166747659],[-106.35398877685844,31.96665226305878],[-106.35398594000969,31.966351816332423],[-106.35364466778374,31.966394166747659]]]},"properties":{"OBJECTID":102219,"PIDN":"V88699900400130","CITY_OWNED":" ","STATE_CD":"A1","LAND_ACRES":0.2089,"YR_BLT":"2024","City_Taxes":" ","District_Key(String)":"P-R 1","Min_Lot_Area(Double - SqFt)":4000,"Min_Lot_Width(Double - Feet)":40,"Min_Lot_Depth":100,"Front_Setback(Double - Feet)":10,"Rear_Setback(Double - Feet)":10,"Side_Setback(Double - Feet)":5,"Max_Density_Factor(Double - SqFt/Unit)":4000,"Current_Area":9079.0618174783231,"Lot_Width":106.51947200298309,"Lot_Depth":132.82913067936897,"Shape_Length":478.69720536470413,"Shape_Area":14148.888866581627,"Split_Area_Floor":8000,"Split_Width_Floor":80}},{"type":"Feature","id":102226,"geometry":{"type":"Polygon","coordinates":[[[-106.39567192882564,31.924326852392451],[-106.39605831630702,31.924551833015531],[-106.39605861592463,31.924327227916223],[-106.39567192882564,31.924326852392451]]]},"properties":{"OBJECTID":102226,"PIDN":"V85099900901200","CITY_OWNED":" ","STATE_CD":"A1","LAND_ACRES":0.2031,"YR_BLT":"2023","City_Taxes":" ","District_Key(String)":"P-R 1","Min_Lot_Area(Double - SqFt)":4000,"Min_Lot_Width(Double - Feet)":40,"Min_Lot_Depth":100,"Front_Setback(Double - Feet)":10,"Rear_Setback(Double - Feet)":10,"Side_Setback(Double - Feet)":5,"Max_Density_Factor(Double - SqFt/Unit)":4000,"Current_Area":8845.0627275086499,"Lot_Width":88.257041335105896,"Lot_Depth":122.52665783464909,"Shape_Length":421.56739833950996,"Shape_Area":10813.840305165,"Split_Area_Floor":8000,"Split_Width_Floor":80}},{"type":"Feature","id":102227,"geometry":{"type":"Polygon","coordinates":[[[-106.39680287346064,31.925066241457436],[-106.39704330166579,31.925202875713758],[-106.3968731336289,31.924674798210667],[-106.39680287346064,31.925066241457436]]]},"properties":{"OBJECTID":102227,"PIDN":"V85099900807700","CITY_OWNED":" ","STATE_CD":"A1","LAND_ACRES":0.1913,"YR_BLT":"2023","City_Taxes":" ","District_Key(String)":"P-R 1","Min_Lot_Area(Double - SqFt)":4000,"Min_Lot_Width(Double - Feet)":40,"Min_Lot_Depth":100,"Front_Setback(Double - Feet)":10,"Rear_Setback(Double - Feet)":10,"Side_Setback(Double - Feet)":5,"Max_Density_Factor(Double - SqFt/Unit)":4000,"Current_Area":8345.8331002464147,"Lot_Width":91.35021099448204,"Lot_Depth":194.70630350708961,"Shape_Length":572.11302900314331,"Shape_Area":17786.461907328296,"Split_Area_Floor":8000,"Split_Width_Floor":80}},{"type":"Feature","id":102228,"geometry":{"type":"Polygon","coordinates":[[[-106.39567537890831,31.92372223520281],[-106.39605965905821,31.92354397046687],[-106.3957506476696,31.923500181518946],[-106.39567537890831,31.92372223520281]]]},"properties":{"OBJECTID":102228,"PIDN":"V85099900900700","CITY_OWNED":" ","STATE_CD":"A1","LAND_ACRES":0.20030000000000001,"YR_BLT":"2023","City_Taxes":" ","District_Key(String)":"P-R 1","Min_Lot_Area(Double - SqFt)":4000,"Min_Lot_Width(Double - Feet)":40,"Min_Lot_Depth":100,"Front_Setback(Double - Feet)":10,"Rear_Setback(Double - Feet)":10,"Side_Setback(Double - Feet)":5,"Max_Density_Factor(Double - SqFt/Unit)":4000,"Current_Area":8726.6886781209414,"Lot_Width":89.395162418484688,"Lot_Depth":122.58866558969021,"Shape_Length":423.96765601634979,"Shape_Area":10958.833671055661,"Split_Area_Floor":8000,"Split_Width_Floor":80}}]
}